instante,potencia_kw
2026-09-11T19:20:01,7.171
2026-09-11T19:25:01,7.425
2026-09-11T19:30:01,10.119
2026-09-11T19:31:35,8.479
2026-09-11T19:36:35,31.911
2026-09-11T19:41:35,6.707
2026-09-11T19:46:35,6.221
2026-09-11T19:51:35,6.398
2026-09-11T19:56:35,25.753
2026-09-11T20:05:01,48.913
2026-09-11T20:10:01,49.64
2026-09-11T20:15:01,2.674
2026-09-11T20:20:01,1.008
2026-09-11T20:25:01,8.182
2026-09-11T20:30:01,7.725
2026-09-11T20:35:01,6.972
2026-09-11T20:40:01,6.398
2026-09-11T20:45:01,7.356
2026-09-11T20:50:01,7.083
2026-09-11T20:55:01,7.297
2026-09-11T21:00:01,7.291
2026-09-11T21:05:01,16.514
2026-09-11T21:10:01,15.871
2026-09-11T21:15:01,9.084
2026-09-11T21:20:01,7.68
2026-09-11T21:25:01,6.939
2026-09-11T21:30:01,7.677
2026-09-11T21:35:01,7.042
2026-09-11T21:40:01,6.612
2026-09-11T21:45:01,6.883
2026-09-11T21:50:01,8.279
2026-09-11T21:55:01,8.111
2026-09-11T22:00:01,7.715
2026-09-11T22:05:01,7.741
2026-09-11T22:10:01,7.914
2026-09-11T22:15:01,8.176
2026-09-11T22:20:01,9.489
2026-09-11T22:25:01,7.657
2026-09-11T22:30:01,10.583
2026-09-11T22:35:01,16.511
2026-09-11T22:40:01,9.737
2026-09-11T22:45:01,9.293
2026-09-11T22:50:01,9.448
2026-09-11T22:55:01,10.042
2026-09-11T23:00:01,9.066
2026-09-11T23:05:01,10.639
2026-09-11T23:10:01,10.023
2026-09-11T23:15:01,10.273
2026-09-11T23:20:01,9.715
2026-09-11T23:25:01,10.464
2026-09-11T23:30:01,11.393
2026-09-11T23:35:01,10.964
2026-09-11T23:40:01,9.445
2026-09-11T23:45:01,10.332
2026-09-11T23:50:01,9.454
2026-09-11T23:55:01,10.05
2026-09-12T00:00:01,41.583
2026-09-12T00:05:01,18.845
2026-09-12T00:10:01,17.626
2026-09-12T00:15:01,42.421
2026-09-12T00:20:01,19.222
2026-09-12T00:25:01,19.147
2026-09-12T00:30:01,50.228
2026-09-12T00:35:01,18.568
2026-09-12T00:40:01,20.381
2026-09-12T00:45:01,18.74
2026-09-12T00:50:01,18.161
2026-09-12T00:55:01,51.217
2026-09-12T01:00:01,18.717
2026-09-12T01:05:01,19.354
2026-09-12T01:10:01,19.304
2026-09-12T01:15:01,18.934
2026-09-12T01:20:01,19.257
2026-09-12T01:25:01,20.937
2026-09-12T01:30:01,19.108
2026-09-12T01:35:01,19.596
2026-09-12T01:40:01,21.71
2026-09-12T01:45:01,20.487
2026-09-12T01:50:01,19.885
2026-09-12T01:55:01,19.705
2026-09-12T02:00:01,19.545
2026-09-12T02:05:01,9.629
2026-09-12T02:10:01,20.506
2026-09-12T02:15:01,19.149
2026-09-12T02:20:01,19.175
2026-09-12T02:25:01,19.681
2026-09-12T02:30:01,18.975
2026-09-12T02:35:01,43.734
2026-09-12T02:40:01,19.563
2026-09-12T02:45:01,18.764
2026-09-12T02:50:01,12.842
2026-09-12T02:55:01,21.442
2026-09-12T03:00:01,18.347
2026-09-12T03:05:01,9.974
2026-09-12T03:10:01,10.506
2026-09-12T03:15:01,10.086
2026-09-12T03:20:01,10.44
2026-09-12T03:25:01,9.741
2026-09-12T03:30:01,10.546
2026-09-12T03:35:01,18.701
2026-09-12T03:40:01,19.864
2026-09-12T03:45:01,19.239
2026-09-12T03:50:01,9.71
2026-09-12T03:55:01,12.589
2026-09-12T04:00:01,12.413
2026-09-12T04:05:01,10.484
2026-09-12T04:10:01,8.79
2026-09-12T04:15:01,17.826
2026-09-12T04:20:01,17.778
2026-09-12T04:25:01,18.917
2026-09-12T04:30:01,8.344
2026-09-12T04:35:01,9.122
2026-09-12T04:40:01,9.061
2026-09-12T04:45:01,9.039
2026-09-12T04:50:01,9.529
2026-09-12T04:55:01,10.856
2026-09-12T05:00:01,11.077
2026-09-12T05:05:01,10.757
2026-09-12T05:10:01,10.909
2026-09-12T05:15:01,9.93
2026-09-12T05:20:01,11.773
2026-09-12T05:25:01,9.658
2026-09-12T05:30:01,10.711
2026-09-12T05:35:01,9.451
2026-09-12T05:40:01,10.324
2026-09-12T05:45:01,9.703
2026-09-12T05:50:01,10.442
2026-09-12T05:55:01,10.591
2026-09-12T06:00:01,11.335
2026-09-12T06:05:01,12.093
2026-09-12T06:10:01,9.727
2026-09-12T06:15:01,10.684
2026-09-12T06:20:01,12.223
2026-09-12T06:25:01,10.502
2026-09-12T06:30:01,10.546
2026-09-12T06:35:01,10.292
2026-09-12T06:40:01,9.649
2026-09-12T06:45:01,9.711
2026-09-12T06:50:01,9.235
2026-09-12T06:55:01,9.354
2026-09-12T07:00:01,10.851
2026-09-12T07:05:01,10.202
2026-09-12T07:10:01,10.81
2026-09-12T07:15:01,10.429
2026-09-12T07:20:01,10.588
2026-09-12T07:25:01,10.103
2026-09-12T07:30:01,9.809
2026-09-12T07:35:01,10.003
2026-09-12T07:40:01,9.901
2026-09-12T07:45:01,35.559
2026-09-12T07:50:01,33.343
2026-09-12T07:55:01,33.884
2026-09-12T08:00:01,36.208
2026-09-12T08:05:01,37.701
2026-09-12T08:10:01,18.873
2026-09-12T08:15:01,9.28
2026-09-12T08:20:01,9.614
2026-09-12T08:25:01,11.148
2026-09-12T08:30:01,10.907
2026-09-12T08:35:01,9.138
2026-09-12T08:40:01,11.324
2026-09-12T08:45:01,10.185
2026-09-12T08:50:01,10.317
2026-09-12T08:55:01,10.597
2026-09-12T09:00:01,13.419
2026-09-12T09:05:01,12.882
2026-09-12T09:10:01,11.986
2026-09-12T09:15:01,23.147
2026-09-12T09:20:01,20.812
2026-09-12T09:25:01,20.32
2026-09-12T09:30:01,11.16
2026-09-12T09:35:01,19.739
2026-09-12T09:40:01,21.335
2026-09-12T09:45:01,20.156
2026-09-12T09:50:01,11.747
2026-09-12T09:55:01,11.604
2026-09-12T10:00:01,37.841
2026-09-12T10:05:01,42.583
2026-09-12T10:10:01,41.436
2026-09-12T10:15:01,43.317
2026-09-12T10:20:01,26.031
2026-09-12T10:25:01,41.508
2026-09-12T10:30:01,32.483
2026-09-12T10:35:01,51.48
2026-09-12T10:40:01,14.577
2026-09-12T10:45:01,24.931
2026-09-12T10:50:01,14.527
2026-09-12T10:55:01,51.888
2026-09-12T11:00:01,22.365
2026-09-12T11:05:01,28.99
2026-09-12T11:10:01,50.863
2026-09-12T11:15:01,28.596
2026-09-12T11:20:01,46.502
2026-09-12T11:25:01,25.877
2026-09-12T11:30:01,24.456
2026-09-12T11:35:01,15.72
2026-09-12T11:40:01,23.86
2026-09-12T11:45:01,72.188
2026-09-12T11:50:01,109.598
2026-09-12T11:55:01,55.869
2026-09-12T12:00:01,72.188
2026-09-12T12:05:01,70.836
2026-09-12T12:10:01,50.437
2026-09-12T12:15:01,75.26
2026-09-12T12:20:01,65.74
2026-09-12T12:25:01,58.052
2026-09-12T12:30:01,84.798
2026-09-12T12:35:01,75.699
2026-09-12T12:40:01,57.571
2026-09-12T12:45:01,48.944
2026-09-12T12:50:01,127.372
2026-09-12T12:55:01,64.062
2026-09-12T13:00:01,112.881
2026-09-12T13:05:01,61.391
2026-09-12T13:10:01,22.093
2026-09-12T13:15:01,115.555
2026-09-12T13:20:01,168.921
2026-09-12T13:25:01,128.946
2026-09-12T13:30:01,129.771
2026-09-12T13:35:01,130.979
2026-09-12T13:40:01,152.903
2026-09-12T13:42:19,147.75
2026-09-12T13:47:19,125.015
2026-09-12T13:52:19,148.716
2026-09-12T13:58:17,138.015
2026-09-12T14:03:17,113.267
2026-09-12T14:03:31,120.839
2026-09-12T14:08:31,128.906
2026-09-12T14:15:01,187.789
2026-09-12T14:20:01,184.802
2026-09-12T14:25:01,233.362
2026-09-12T14:30:01,194.024
2026-09-12T14:35:01,155.641
2026-09-12T14:40:01,153.103
2026-09-12T14:45:01,149.954
2026-09-12T14:46:03,141.973
2026-09-12T14:51:03,151.092
2026-09-12T14:53:15,132.583
2026-09-12T14:58:15,131.092
2026-09-12T15:00:01,165.793
2026-09-12T15:05:01,123.326
2026-09-12T15:10:01,199.943
2026-09-12T15:15:01,190.384
2026-09-12T15:20:01,239.876
2026-09-12T15:25:01,142.46
2026-09-12T15:30:01,149.904
2026-09-12T15:35:01,154.816
2026-09-12T15:40:01,131.232
2026-09-12T15:45:01,149.514
2026-09-12T15:50:01,239.921
2026-09-12T15:55:01,225.502
2026-09-12T16:00:01,211.561
2026-09-12T16:05:01,185.766
2026-09-12T16:10:01,131.664
2026-09-12T16:15:01,143.197
2026-09-12T16:20:01,179.243
2026-09-12T16:25:01,125.498
2026-09-12T16:30:01,143.014
2026-09-12T16:35:01,162.757
2026-09-12T16:40:01,121.989
2026-09-12T16:45:01,131.286
2026-09-12T16:50:01,139.783
2026-09-12T16:55:01,161.279
2026-09-12T17:00:01,147.553
2026-09-12T17:05:01,230.361
2026-09-12T17:10:01,193.984
2026-09-12T17:13:33,190.665
2026-09-12T17:20:01,219.289
2026-09-12T17:25:01,240.201
2026-09-12T17:30:01,139.157
2026-09-12T17:35:01,146.888
2026-09-12T17:40:01,119.266
2026-09-12T17:45:01,148.394
2026-09-12T17:50:01,129.85
2026-09-12T17:55:01,141.526
2026-09-12T18:00:01,235.63
2026-09-12T18:05:01,211.059
2026-09-12T18:10:01,188.205
2026-09-12T18:15:01,276.632
2026-09-12T18:20:01,207.645
2026-09-12T18:25:01,148.826
2026-09-12T18:30:01,180.63
2026-09-12T18:35:01,122.812
2026-09-12T18:40:01,135.437
2026-09-12T18:45:01,148.341
2026-09-12T18:50:01,139.183
2026-09-12T18:55:01,135.135
2026-09-12T19:00:01,148.445
2026-09-12T19:05:01,147.813
2026-09-12T19:10:01,199.573
2026-09-12T19:15:01,176.226
2026-09-12T19:25:00,135.667
2026-09-12T19:30:00,165.309
2026-09-12T19:35:00,142.241
2026-09-12T19:40:00,134.485
2026-09-12T19:45:00,125.057
2026-09-12T19:50:00,183.339
2026-09-12T19:55:00,121.712
2026-09-12T20:00:00,129.977
2026-09-12T20:05:00,132.027
2026-09-12T20:10:00,175.85
2026-09-12T20:15:00,157.745
2026-09-12T20:20:00,149.091
2026-09-12T20:25:00,147.33
2026-09-12T20:30:00,174.8
2026-09-12T20:35:00,142.949
2026-09-12T20:40:00,141.899
2026-09-12T20:45:00,156.819
2026-09-12T20:50:00,133.312
2026-09-12T20:55:00,152.399
2026-09-12T21:00:00,120.932
2026-09-12T21:05:00,162.604
2026-09-12T21:10:00,157.252
2026-09-12T21:15:00,138.486
2026-09-12T21:20:00,127.913
2026-09-12T21:25:00,156.789
2026-09-12T21:30:00,148.004
2026-09-12T21:35:00,131.965
2026-09-12T21:40:00,127.789
2026-09-12T21:45:00,201.423
2026-09-12T21:50:00,215.762
2026-09-12T21:55:00,208.732
2026-09-12T22:00:00,231.829
2026-09-12T22:05:00,172.593
2026-09-12T22:10:00,202.711
2026-09-12T22:15:00,132.642
2026-09-12T22:20:00,152.67
2026-09-12T22:25:00,143.792
2026-09-12T22:30:00,152.893
2026-09-12T22:35:00,225.436
2026-09-12T22:40:00,245.634
2026-09-12T22:45:00,228.222
2026-09-12T22:50:00,200.448
2026-09-12T22:55:00,171.675
2026-09-12T23:00:00,150.149
2026-09-12T23:05:00,140.362
2026-09-12T23:10:00,183.441
2026-09-12T23:15:00,143.19
2026-09-12T23:20:00,231.984
2026-09-12T23:25:00,219.593
2026-09-12T23:30:00,214.393
2026-09-12T23:35:00,141.82
2026-09-12T23:40:00,163.602
2026-09-12T23:45:00,148.029
2026-09-12T23:50:00,146.308
2026-09-12T23:55:00,120.413
2026-09-13T00:00:00,121.515
2026-09-13T00:05:00,221.54
2026-09-13T00:10:00,208.229
2026-09-13T00:15:00,243.733
2026-09-13T00:20:00,236.607
2026-09-13T00:25:00,150.695
2026-09-13T00:30:00,171.011
2026-09-13T00:35:00,150.958
2026-09-13T00:40:00,240.138
2026-09-13T00:45:00,177.7
2026-09-13T00:50:00,150.991
2026-09-13T00:55:00,139.559
2026-09-13T01:00:00,153.237
2026-09-13T01:05:00,270.829
2026-09-13T01:10:00,234.182
2026-09-13T01:15:00,149.746
2026-09-13T01:20:00,222.375
2026-09-13T01:25:00,130.869
2026-09-13T01:30:00,152.049
2026-09-13T01:35:00,117.658
2026-09-13T01:40:00,141.181
2026-09-13T01:45:00,143.8
2026-09-13T01:50:00,149.842
2026-09-13T01:55:00,132.629
2026-09-13T02:00:00,281.402
2026-09-13T02:05:00,211.152
2026-09-13T02:10:00,218.015
2026-09-13T02:15:00,143.33
2026-09-13T02:20:00,232.51
2026-09-13T02:25:00,152.585
2026-09-13T02:30:00,134.49
2026-09-13T02:35:00,251.134
2026-09-13T02:40:00,144.234
2026-09-13T02:45:00,149.753
2026-09-13T02:50:00,166.507
2026-09-13T02:55:00,149.301
2026-09-13T03:00:00,143.091
2026-09-13T03:05:00,221.994
2026-09-13T03:10:00,222.069
2026-09-13T03:15:00,218.035
2026-09-13T03:20:00,143.936
2026-09-13T03:25:00,147.401
2026-09-13T03:30:00,132.48
2026-09-13T03:35:00,150.68
2026-09-13T03:40:00,157.019
2026-09-13T03:45:00,125.777
2026-09-13T03:50:00,148.956
2026-09-13T03:55:00,140.893
2026-09-13T04:00:00,216.772
2026-09-13T04:05:00,219.276
2026-09-13T04:10:00,262.06
2026-09-13T04:15:00,209.349
2026-09-13T04:20:00,123.781
2026-09-13T04:25:00,143.617
2026-09-13T04:30:00,123.162
2026-09-13T04:35:00,133.046
2026-09-13T04:40:00,141.591
2026-09-13T04:45:00,146.6
2026-09-13T04:50:00,129.719
2026-09-13T04:55:00,150.007
2026-09-13T05:00:00,231.131
2026-09-13T05:05:00,195.972
2026-09-13T05:10:00,195.338
2026-09-13T05:15:00,229.215
2026-09-13T05:20:00,213.182
2026-09-13T05:25:00,140.85
2026-09-13T05:30:00,143.003
2026-09-13T05:35:00,134.2
2026-09-13T05:40:00,156.659
2026-09-13T05:45:00,150.388
2026-09-13T05:50:00,115.754
2026-09-13T05:55:00,121.802
2026-09-13T06:00:00,228.464
2026-09-13T06:05:00,235.912
2026-09-13T06:10:00,213.025
2026-09-13T06:15:00,217.547
2026-09-13T06:20:00,235.207
2026-09-13T06:25:00,235.113
2026-09-13T06:30:00,136.471
2026-09-13T06:35:00,151.224
2026-09-13T06:40:00,143.5
2026-09-13T06:45:00,138.549
2026-09-13T06:50:00,151.547
2026-09-13T06:55:00,131.839
2026-09-13T07:00:00,263.201
2026-09-13T07:05:00,221.137
2026-09-13T07:10:00,195.727
2026-09-13T07:15:00,135.671
2026-09-13T07:20:00,124.578
2026-09-13T07:25:00,125.197
2026-09-13T07:30:00,151.566
2026-09-13T07:35:00,123.708
2026-09-13T07:40:00,124.214
2026-09-13T07:45:00,149.95
2026-09-13T07:50:00,114.576
2026-09-13T07:55:00,171.953
2026-09-13T08:00:00,221.038
2026-09-13T08:05:00,187.189
2026-09-13T08:10:00,186.111
2026-09-13T08:15:00,125.083
2026-09-13T08:20:00,124.365
2026-09-13T08:25:00,152.049
2026-09-13T08:30:00,141.785
2026-09-13T08:35:00,150.611
2026-09-13T08:40:56,135.054
2026-09-13T08:45:56,134.367
2026-09-13T08:50:56,171.05
2026-09-13T08:55:56,178.833
2026-09-13T09:00:56,186.118
2026-09-13T09:05:56,150.143
2026-09-13T09:10:56,199.868
2026-09-13T09:15:56,149.112
2026-09-13T09:20:56,129.794
2026-09-13T09:25:56,146.462
2026-09-13T09:30:56,122.559
2026-09-13T09:35:56,133.297
2026-09-13T09:40:56,133.301
2026-09-13T09:45:56,119.622
2026-09-13T09:50:56,128.3
2026-09-13T09:55:56,146.74
2026-09-13T10:00:56,113.138
2026-09-13T10:05:56,221.315
2026-09-13T10:10:56,177.652
2026-09-13T10:15:56,129.932
2026-09-13T10:20:56,120.741
2026-09-13T10:25:56,158.575
2026-09-13T10:30:56,138.234
2026-09-13T10:35:56,152.563
2026-09-13T10:40:56,121.349
2026-09-13T10:45:56,134.789
2026-09-13T10:50:56,142.785
2026-09-13T10:55:56,131.318
2026-09-13T11:00:56,116.419
2026-09-13T11:05:56,149.567
2026-09-13T11:10:56,137.753
2026-09-13T11:15:56,260.546
2026-09-13T11:20:56,233.613
2026-09-13T11:25:56,222.807
2026-09-13T11:30:56,197.486
2026-09-13T11:35:56,192.519
2026-09-13T11:40:56,196.55
2026-09-13T11:45:56,198.228
2026-09-13T11:50:56,200.848
2026-09-13T11:55:56,167.975
2026-09-13T12:00:56,206.609
2026-09-13T12:05:56,213.101
2026-09-13T12:10:56,185.3
2026-09-13T12:15:56,219.69
2026-09-13T12:20:56,196.16
2026-09-13T12:25:56,188.971
2026-09-13T12:30:56,187.767
2026-09-13T12:35:56,272.259
2026-09-13T12:40:56,191.977
2026-09-13T12:45:56,147.442
2026-09-13T12:50:56,178.625
2026-09-13T12:55:56,148.326
2026-09-13T13:00:56,146.824
2026-09-13T13:05:56,192.711
2026-09-13T13:10:56,114.107
2026-09-13T13:15:56,116.251
2026-09-13T13:20:56,128.431
2026-09-13T13:25:56,142.024
2026-09-13T13:29:24,51.044
2026-09-13T13:35:00,43.046
2026-09-13T13:40:00,44.006
2026-09-13T13:45:00,33.507
2026-09-13T13:50:00,64.163
2026-09-13T13:55:00,50.586
2026-09-13T14:00:00,117.221
2026-09-13T14:05:00,99.302
2026-09-13T14:10:00,50.426
2026-09-13T14:15:00,41.593
2026-09-13T14:20:00,55.941
2026-09-13T14:25:00,56.824
2026-09-13T14:29:18,117.433
2026-09-13T14:34:18,148.703
2026-09-13T14:35:44,137.676
2026-09-13T14:40:44,224.961
2026-09-13T14:45:44,220.135
2026-09-13T14:50:44,195.643
2026-09-13T14:55:44,159.927
2026-09-13T15:00:44,138.632
2026-09-13T15:05:44,146.356
2026-09-13T15:10:44,137.721
2026-09-13T15:15:44,126.615
2026-09-13T15:20:44,138.96
2026-09-13T15:25:44,146.695
2026-09-13T15:30:18,120.599
2026-09-13T15:35:18,179.178
2026-09-13T15:37:48,139.148
2026-09-13T15:42:48,128.018
2026-09-13T15:47:48,220.443
2026-09-13T15:52:48,228.096
2026-09-13T15:57:48,212.336
2026-09-13T16:02:48,227.868
2026-09-13T16:07:48,145.044
2026-09-13T16:08:28,145.699
2026-09-13T16:15:00,147.911
2026-09-13T16:20:00,137.175
2026-09-13T16:25:00,146.725
2026-09-13T16:30:00,136.904
2026-09-13T16:33:40,144.675
2026-09-13T16:38:40,137.361
2026-09-13T16:43:40,126.313
2026-09-13T16:48:40,137.751
2026-09-13T16:53:40,145.466
2026-09-13T16:58:40,282.966
2026-09-13T17:03:40,165.864
2026-09-13T17:08:40,156.198
2026-09-13T17:08:54,166.065
2026-09-13T17:13:54,232.01
2026-09-13T17:18:54,198.774
2026-09-13T17:23:54,127.844
2026-09-13T17:25:22,131.451
2026-09-13T17:30:22,123.826
2026-09-13T17:35:22,141.642
2026-09-13T17:40:08,121.336
2026-09-13T17:45:08,43.61
2026-09-13T17:50:08,56.91
2026-09-13T17:55:08,71.152
2026-09-13T18:00:08,53.894
2026-09-13T18:10:08,145.735
2026-09-13T18:15:08,175.91
2026-09-13T18:16:12,176.567
2026-09-13T18:21:12,146.751
2026-09-13T18:24:02,129.634
2026-09-13T18:29:02,149.887
2026-09-13T18:34:02,276.033
2026-09-13T18:40:00,233.055
2026-09-13T18:45:00,194.569
2026-09-13T18:50:00,214.227
2026-09-13T18:55:00,175.785
2026-09-13T19:00:00,128.157
2026-09-13T19:05:00,135.881
2026-09-13T19:10:00,128.033
2026-09-13T19:15:00,146.495
2026-09-13T19:20:00,124.161
2026-09-13T19:25:00,176.242
2026-09-13T19:28:54,120.165
2026-09-13T19:33:54,125.674
2026-09-13T19:38:54,185.326
2026-09-13T19:39:18,171.146
2026-09-13T19:44:18,173.48
2026-09-13T19:49:18,160.046
2026-09-13T19:54:18,143.309
2026-09-13T19:59:18,158.057
2026-09-13T20:04:18,131.889
2026-09-13T20:09:18,110.422
2026-09-13T20:14:18,180.233
2026-09-13T20:19:18,176.416
2026-09-13T20:24:18,134.445
2026-09-13T20:29:18,153.355
2026-09-13T20:34:18,146.652
2026-09-13T20:39:18,123.232
2026-09-13T20:44:18,149.648
2026-09-13T20:49:18,152.975
2026-09-13T20:54:18,206.634
2026-09-13T20:59:18,230.541
2026-09-13T21:04:18,209.621
2026-09-13T21:09:18,125.82
2026-09-13T21:14:18,225.137
2026-09-13T21:19:18,257.079
2026-09-13T21:24:18,125.541
2026-09-13T21:29:18,127.565
2026-09-13T21:34:18,135.456
2026-09-13T21:39:18,214.771
2026-09-13T21:44:18,253.859
2026-09-13T21:49:18,216.163
2026-09-13T21:55:00,233.483
2026-09-13T22:00:00,177.657
2026-09-13T22:05:00,123.771
2026-09-13T22:10:00,132.474
2026-09-13T22:15:00,143.005
2026-09-13T22:20:00,134.451
2026-09-13T22:25:00,222.46
2026-09-13T22:30:00,138.567
2026-09-13T22:35:00,119.54
2026-09-13T22:40:00,198.223
2026-09-13T22:45:00,227.395
2026-09-13T22:50:00,197.385
2026-09-13T22:55:00,180.091
2026-09-13T23:00:00,216.197
2026-09-13T23:05:00,226.86
2026-09-13T23:10:00,109.285
2026-09-13T23:15:00,52.138
2026-09-13T23:20:00,27.514
2026-09-13T23:25:00,58.357
2026-09-13T23:30:00,26.045
2026-09-13T23:35:00,87.04
2026-09-13T23:40:00,134.891
2026-09-13T23:45:00,34.311
2026-09-13T23:50:00,26.066
2026-09-13T23:55:00,43.597
2026-09-14T00:00:00,16.734
2026-09-14T00:05:00,37.228
2026-09-14T00:10:00,7.551
2026-09-14T00:15:00,34.425
2026-09-14T00:20:00,16.418
2026-09-14T00:25:00,17.791
2026-09-14T00:30:00,34.073
2026-09-14T00:35:00,17.664
2026-09-14T00:40:00,43.664
2026-09-14T00:45:00,16.938
2026-09-14T00:50:00,20.055
2026-09-14T00:53:54,15.732
2026-09-14T01:00:00,49.772
2026-09-14T01:05:00,17.208
2026-09-14T01:10:00,25.201
2026-09-14T01:15:00,43.218
2026-09-14T01:20:00,26.114
2026-09-14T01:25:00,76.962
2026-09-14T01:30:00,16.358
2026-09-14T01:35:00,25.555
2026-09-14T01:40:00,58.034
2026-09-14T01:45:00,24.929
2026-09-14T01:50:00,45.79
2026-09-14T01:55:00,16.621
2026-09-14T02:00:00,44.213
2026-09-14T02:05:00,25.413
2026-09-14T02:10:00,66.576
2026-09-14T02:15:00,17.078
2026-09-14T02:20:00,25.519
2026-09-14T02:25:00,48.972
2026-09-14T02:30:00,34.525
2026-09-14T02:35:00,42.884
2026-09-14T02:40:00,18.101
2026-09-14T02:45:00,35.403
2026-09-14T02:50:00,9.955
2026-09-14T02:55:00,16.965
2026-09-14T03:00:00,8.474
2026-09-14T03:05:00,25.468
2026-09-14T03:10:00,52.379
2026-09-14T03:15:00,17.86
2026-09-14T03:20:00,66.65
2026-09-14T03:25:00,24.864
2026-09-14T03:30:00,44.324
2026-09-14T03:35:00,7.637
2026-09-14T03:40:00,18.501
2026-09-14T03:45:00,8.578
2026-09-14T03:50:00,18.388
2026-09-14T03:55:00,35.167
2026-09-14T04:00:00,26.429
2026-09-14T04:05:00,44.111
2026-09-14T04:10:00,7.99
2026-09-14T04:15:00,16.745
2026-09-14T04:20:00,9.332
2026-09-14T04:25:00,28.168
2026-09-14T04:30:00,44.26
2026-09-14T04:35:00,21.473
2026-09-14T04:40:00,37.141
2026-09-14T04:45:00,11.056
2026-09-14T04:50:00,17.761
2026-09-14T04:55:00,67.521
2026-09-14T05:00:00,27.91
2026-09-14T05:05:00,49.463
2026-09-14T05:10:00,13.76
2026-09-14T05:15:00,23.813
2026-09-14T05:20:00,13.89
2026-09-14T05:25:00,54.989
2026-09-14T05:30:00,73.892
2026-09-14T05:35:00,59.027
2026-09-14T05:40:00,66.544
2026-09-14T05:45:00,116.195
2026-09-14T05:50:00,124.7
2026-09-14T05:55:00,150.51
2026-09-14T06:00:00,156.91
2026-09-14T06:05:00,132.953
2026-09-14T06:10:00,123.7
2026-09-14T06:15:00,164.202
2026-09-14T06:20:00,148.303
2026-09-14T06:25:00,123.913
2026-09-14T06:30:00,163.791
2026-09-14T06:35:00,112.771
2026-09-14T06:40:00,128.836
2026-09-14T06:45:00,171.162
2026-09-14T06:50:00,129.35
2026-09-14T06:55:00,122.676
2026-09-14T07:00:00,145.003
2026-09-14T07:05:00,241.955
2026-09-14T07:10:00,220.729
2026-09-14T07:15:00,179.408
2026-09-14T07:20:00,224.336
2026-09-14T07:25:00,151.068
2026-09-14T07:30:00,125.295
2026-09-14T07:35:00,126.644
2026-09-14T07:40:00,119.228
2026-09-14T07:45:00,128.372
2026-09-14T07:50:00,137.728
2026-09-14T07:55:00,215.848
2026-09-14T08:00:00,199.74
2026-09-14T08:05:00,199.475
2026-09-14T08:10:00,175.718
2026-09-14T08:15:00,194.361
2026-09-14T08:20:00,149.928
2026-09-14T08:25:00,126.114
2026-09-14T08:30:00,155.106
2026-09-14T08:35:00,142.932
2026-09-14T08:40:00,148.538
2026-09-14T08:45:00,131.16
2026-09-14T08:50:00,180.604
2026-09-14T08:55:00,129.654
2026-09-14T09:00:00,148.158
2026-09-14T09:05:00,148.051
2026-09-14T09:10:00,122.722
2026-09-14T09:15:00,211.947
2026-09-14T09:20:00,168.595
2026-09-14T09:25:00,193.398
2026-09-14T09:30:00,178.254
2026-09-14T09:35:00,125.568
2026-09-14T09:40:00,152.668
2026-09-14T09:45:00,144.369
2026-09-14T09:50:00,155.546
2026-09-14T09:55:00,152.164
2026-09-14T10:00:00,223.839
2026-09-14T10:05:00,126.667
2026-09-14T10:10:00,145.691
2026-09-14T10:15:00,136.311
2026-09-14T10:20:00,122.871
2026-09-14T10:25:00,179.177
2026-09-14T10:30:00,177.562
2026-09-14T10:35:00,185.313
2026-09-14T10:40:00,191.004
2026-09-14T10:45:00,215.358
2026-09-14T10:50:00,241.078
2026-09-14T10:55:00,214.366
2026-09-14T11:00:00,186.067
2026-09-14T11:05:00,236.435
2026-09-14T11:10:00,238.263
2026-09-14T11:15:00,218.671
2026-09-14T11:20:00,139.875
2026-09-14T11:25:00,179.242
2026-09-14T11:30:00,119.568
2026-09-14T11:35:00,147.232
2026-09-14T11:40:00,167.989
2026-09-14T11:45:00,141.076
2026-09-14T11:50:00,147.223
2026-09-14T11:55:00,114.893
2026-09-14T12:00:00,146.08
2026-09-14T12:05:00,194.804
2026-09-14T12:10:00,219.047
2026-09-14T12:15:00,238.415
2026-09-14T12:20:00,139.406
2026-09-14T12:25:00,127.782
2026-09-14T12:30:00,138.74
2026-09-14T12:35:00,149.161
2026-09-14T12:40:00,140.629
2026-09-14T12:45:00,178.824
2026-09-14T12:50:00,130.662
2026-09-14T12:55:00,133.717
2026-09-14T13:00:00,267.315
2026-09-14T13:05:00,212.647
2026-09-14T13:10:00,225.231
2026-09-14T13:15:00,137.611
2026-09-14T13:20:00,120.078
2026-09-14T13:25:00,147.229
2026-09-14T13:30:00,130.854
2026-09-14T13:35:00,146.923
2026-09-14T13:40:00,138.815
2026-09-14T13:45:00,146.778
2026-09-14T13:50:00,123.271
2026-09-14T13:55:00,148.52
2026-09-14T14:00:00,241.473
2026-09-14T14:05:00,251.338
2026-09-14T14:10:00,243.173
2026-09-14T14:15:00,183.029
2026-09-14T14:20:00,168.694
2026-09-14T14:25:00,139.179
2026-09-14T14:30:00,128.477
2026-09-14T14:35:00,161.258
2026-09-14T14:40:00,152.765
2026-09-14T14:45:00,120.854
2026-09-14T14:50:00,135.62
2026-09-14T14:55:00,138.875
2026-09-14T15:00:00,132.085
2026-09-14T15:05:00,137.267
2026-09-14T15:10:00,215.856
2026-09-14T15:15:00,225.191
2026-09-14T15:20:00,233.485
2026-09-14T15:25:00,186.232
2026-09-14T15:30:00,129.436
2026-09-14T15:35:00,147.518
2026-09-14T15:40:00,138.37
2026-09-14T15:45:00,147.572
2026-09-14T15:50:00,122.932
2026-09-14T15:55:00,169.759
2026-09-14T16:00:00,139.209
2026-09-14T16:05:00,225.919
2026-09-14T16:10:00,216.468
2026-09-14T16:15:00,200.089
2026-09-14T16:20:00,146.511
2026-09-14T16:25:00,140.274
2026-09-14T16:30:00,145.441
2026-09-14T16:35:00,120.413
2026-09-14T16:40:00,166.888
2026-09-14T16:45:00,129.283
2026-09-14T16:50:00,137.852
2026-09-14T16:55:00,158.807
2026-09-14T17:00:00,139.281
2026-09-14T17:05:00,127.358
2026-09-14T17:10:00,182.924
2026-09-14T17:15:00,131.087
2026-09-14T17:20:00,235.503
2026-09-14T17:25:00,209.114
2026-09-14T17:30:00,241.372
2026-09-14T17:35:00,209.089
2026-09-14T17:40:00,232.858
2026-09-14T17:45:00,212.292
2026-09-14T17:50:00,185.677
2026-09-14T17:55:00,202.355
2026-09-14T18:00:00,209.844
2026-09-14T18:05:00,168.59
2026-09-14T18:10:00,209.305
2026-09-14T18:15:00,215.458
2026-09-14T18:20:00,187.835
2026-09-14T18:25:00,175.602
2026-09-14T18:30:00,145.915
2026-09-14T18:35:00,145.834
2026-09-14T18:40:00,139.532
2026-09-14T18:45:00,146.72
2026-09-14T18:50:00,146.578
2026-09-14T18:55:00,178.005
2026-09-14T19:00:00,145.838
2026-09-14T19:05:00,138.063
2026-09-14T19:10:00,200.299
2026-09-14T19:15:00,144.962
2026-09-14T19:20:01,161.698
2026-09-14T19:25:01,145.603
2026-09-14T19:30:01,128.913
2026-09-14T19:35:01,218.763
2026-09-14T19:40:01,193.665
2026-09-14T19:45:01,196.579
2026-09-14T19:50:01,119.301
2026-09-14T19:55:01,140.063
2026-09-14T20:00:01,180.328
2026-09-14T20:05:01,135.479
2026-09-14T20:10:01,126.376
2026-09-14T20:15:01,185.058
2026-09-14T20:20:01,144.758
2026-09-14T20:25:01,160.346
2026-09-14T20:30:01,169.275
2026-09-14T20:35:01,155.365
2026-09-14T20:40:01,198.949
2026-09-14T20:45:01,201.322
2026-09-14T20:50:01,205.657
2026-09-14T20:55:01,253.715
2026-09-14T21:00:01,199.53
2026-09-14T21:05:01,211.679
2026-09-14T21:10:01,262.307
2026-09-14T21:15:01,216.661
2026-09-14T21:20:01,214.936
2026-09-14T21:25:01,226.411
2026-09-14T21:30:01,228.501
2026-09-14T21:35:01,216.938
2026-09-14T21:40:01,228.976
2026-09-14T21:45:01,119.54
2026-09-14T21:50:01,148.489
2026-09-14T21:55:01,113.525
2026-09-14T22:00:01,231.064
2026-09-14T22:05:01,233.678
2026-09-14T22:10:01,228.262
2026-09-14T22:15:01,213.026
2026-09-14T22:20:01,142.805
2026-09-14T22:25:01,148.653
2026-09-14T22:30:01,161.719
2026-09-14T22:35:01,151.673
2026-09-14T22:40:01,133.825
2026-09-14T22:45:01,147.829
2026-09-14T22:50:01,145.634
2026-09-14T22:55:01,129.082
2026-09-14T23:00:01,132.074
2026-09-14T23:05:01,206.485
2026-09-14T23:10:01,197.092
2026-09-14T23:15:01,241.645
2026-09-14T23:20:01,169.985
2026-09-14T23:25:01,198.261
2026-09-14T23:30:01,212.844
2026-09-14T23:35:01,126.25
2026-09-14T23:40:01,151.26
2026-09-14T23:45:01,152.421
2026-09-14T23:50:01,123.807
2026-09-14T23:55:01,151.085
2026-09-15T00:00:01,120.641
2026-09-15T00:05:01,228.028
2026-09-15T00:10:01,199.927
2026-09-15T00:15:01,216.696
2026-09-15T00:20:01,216.849
2026-09-15T00:25:01,212.69
2026-09-15T00:30:01,236.211
2026-09-15T00:35:01,226.889
2026-09-15T00:40:01,143.452
2026-09-15T00:45:01,150.558
2026-09-15T00:50:01,126.422
2026-09-15T00:55:01,153.019
2026-09-15T01:00:01,133.278
2026-09-15T01:05:01,151.212
2026-09-15T01:10:01,197.137
2026-09-15T01:15:01,225.248
2026-09-15T01:20:01,236.001
2026-09-15T01:25:01,142.874
2026-09-15T01:30:01,133.602
2026-09-15T01:35:01,143.255
2026-09-15T01:40:01,141.492
2026-09-15T01:45:01,150.694
2026-09-15T01:50:01,130.625
2026-09-15T01:55:01,148.149
2026-09-15T02:00:01,148.47
2026-09-15T02:05:01,210.92
2026-09-15T02:10:01,253.751
2026-09-15T02:15:01,224.053
2026-09-15T02:20:01,228.916
2026-09-15T02:25:01,250.615
2026-09-15T02:30:01,115.974
2026-09-15T02:35:01,131.887
2026-09-15T02:40:01,180.486
2026-09-15T02:45:01,127.609
2026-09-15T02:50:01,135.179
2026-09-15T02:55:01,176.336
2026-09-15T03:00:01,133.838
2026-09-15T03:05:01,151.257
2026-09-15T03:10:01,146.184
2026-09-15T03:15:01,130.443
2026-09-15T03:20:01,239.896
2026-09-15T03:25:01,221.485
2026-09-15T03:30:01,217.697
2026-09-15T03:35:01,210.89
2026-09-15T03:40:01,126.178
2026-09-15T03:45:01,152.111
2026-09-15T03:50:01,207.469
2026-09-15T03:55:01,126.401
2026-09-15T04:00:01,151.332
2026-09-15T04:05:01,127.363
2026-09-15T04:10:01,143.612
2026-09-15T04:15:01,125.232
2026-09-15T04:20:01,188.414
2026-09-15T04:25:01,162.743
2026-09-15T04:30:01,231.701
2026-09-15T04:35:01,125.404
2026-09-15T04:40:01,160.605
2026-09-15T04:45:01,242.044
2026-09-15T04:50:01,154.169
2026-09-15T04:55:01,158.557
2026-09-15T05:00:01,207.384
2026-09-15T05:05:01,143.028
2026-09-15T05:10:01,208.166
2026-09-15T05:15:01,165.437
2026-09-15T05:20:01,125.199
2026-09-15T05:25:01,212.357
2026-09-15T05:30:01,152.602
2026-09-15T05:35:01,132.011
2026-09-15T05:40:01,152.949
2026-09-15T05:45:01,126.503
2026-09-15T05:50:01,128.326
2026-09-15T05:55:01,151.29
2026-09-15T06:00:01,126.306
2026-09-15T06:05:01,185.144
2026-09-15T06:10:01,215.09
2026-09-15T06:15:01,216.329
2026-09-15T06:20:01,251.454
2026-09-15T06:25:01,125.498
2026-09-15T06:30:01,134.459
2026-09-15T06:35:01,132.901
2026-09-15T06:40:01,126.809
2026-09-15T06:45:01,153.964
2026-09-15T06:50:01,137.218
2026-09-15T06:55:01,166.407
2026-09-15T07:00:01,135.268
2026-09-15T07:05:01,196.998
2026-09-15T07:10:01,242.629
2026-09-15T07:15:01,179.155
2026-09-15T07:20:01,137.517
2026-09-15T07:25:01,150.63
2026-09-15T07:30:01,125.896
2026-09-15T07:35:01,152.13
2026-09-15T07:40:01,134.139
2026-09-15T07:45:01,116.465
2026-09-15T07:50:01,142.116
2026-09-15T07:55:01,125.213
2026-09-15T08:00:01,134.403
2026-09-15T08:05:01,171.392
2026-09-15T08:10:01,211.842
2026-09-15T08:15:01,195.874
2026-09-15T08:20:01,209.663
2026-09-15T08:25:01,171.663
2026-09-15T08:30:01,191.457
2026-09-15T08:35:01,126.748
2026-09-15T08:40:01,117.587
2026-09-15T08:45:01,179.59
2026-09-15T08:50:01,131.999
2026-09-15T08:55:01,143.977
2026-09-15T09:00:01,123.494
2026-09-15T09:05:01,165.069
2026-09-15T09:10:01,148.48
2026-09-15T09:15:01,171.053
2026-09-15T09:20:01,179.173
2026-09-15T09:25:01,132.099
2026-09-15T09:30:01,131.097
2026-09-15T09:35:01,151.221
2026-09-15T09:40:01,143.094
2026-09-15T09:45:01,130.351
2026-09-15T09:50:01,129.99
2026-09-15T09:55:01,156.594
2026-09-15T10:00:01,157.632
2026-09-15T10:05:01,170.541
2026-09-15T10:10:01,154.947
2026-09-15T10:15:01,140.052
2026-09-15T10:20:01,134.32
2026-09-15T10:25:01,167.762
2026-09-15T10:30:01,236.6
2026-09-15T10:35:01,215.073
2026-09-15T10:40:01,214.477
2026-09-15T10:45:01,182.32
2026-09-15T10:50:01,132.281
2026-09-15T10:55:01,139.364
2026-09-15T11:00:01,146.939
2026-09-15T11:05:01,213.043
2026-09-15T11:10:01,218.781
2026-09-15T11:15:01,141.66
2026-09-15T11:20:01,149.026
2026-09-15T11:25:01,161.369
2026-09-15T11:30:01,141.988
2026-09-15T11:35:01,148.783
2026-09-15T11:40:01,161.253
2026-09-15T11:45:01,149.359
2026-09-15T11:50:01,148.259
2026-09-15T11:55:01,141.24
2026-09-15T12:00:01,128.568
2026-09-15T12:05:01,139.554
2026-09-15T12:10:01,226.55
2026-09-15T12:15:01,198.022
2026-09-15T12:20:03,211.409
2026-09-15T12:25:03,214.356
2026-09-15T12:30:03,252.526
2026-09-15T12:35:03,263.498
2026-09-15T12:40:03,237.746
2026-09-15T12:45:03,149.435
2026-09-15T12:50:03,154.055
2026-09-15T12:55:03,129.99
2026-09-15T13:00:03,141.308
2026-09-15T13:05:03,146.763
2026-09-15T13:10:03,155.059
2026-09-15T13:15:03,258.58
2026-09-15T13:20:03,208.513
2026-09-15T13:25:03,203.369
2026-09-15T13:30:03,222.409
2026-09-15T13:35:03,229.954
2026-09-15T13:40:03,169.467
2026-09-15T13:45:03,159.491
2026-09-15T13:50:03,159.998
2026-09-15T13:55:03,152.243
2026-09-15T14:00:03,160.766
2026-09-15T14:05:03,222.22
2026-09-15T14:10:03,223.067
2026-09-15T14:15:03,149.915
2026-09-15T14:20:03,156.629
2026-09-15T14:25:03,152.401
2026-09-15T14:30:03,143.634
2026-09-15T14:35:03,154.035
2026-09-15T14:40:03,155.01
2026-09-15T14:45:03,132.56
2026-09-15T14:50:03,157.345
2026-09-15T14:55:03,171.491
2026-09-15T15:00:03,216.511
2026-09-15T15:05:03,214.972
2026-09-15T15:10:03,143.375
2026-09-15T15:15:03,140.031
2026-09-15T15:20:03,165.214
2026-09-15T15:25:03,141.109
2026-09-15T15:30:03,152.625
2026-09-15T15:35:03,140.306
2026-09-15T15:40:03,120.359
2026-09-15T15:45:03,150.073
2026-09-15T15:50:03,141.36
2026-09-15T15:55:03,162.971
2026-09-15T16:00:03,132.132
2026-09-15T16:05:03,244.219
2026-09-15T16:10:03,246.109
2026-09-15T16:15:03,213.471
2026-09-15T16:20:03,198.677
2026-09-15T16:25:03,144.05
2026-09-15T16:30:03,181.599
2026-09-15T16:35:03,150.016
2026-09-15T16:40:03,147.158
2026-09-15T16:45:03,141.077
2026-09-15T16:50:03,154.873
2026-09-15T16:55:03,160.207
2026-09-15T17:00:03,147.681
2026-09-15T17:05:03,147.459
2026-09-15T17:10:03,134.483
2026-09-15T17:15:03,223.556
2026-09-15T17:20:03,213.386
2026-09-15T17:25:03,214.715
2026-09-15T17:30:03,211.554
2026-09-15T17:35:03,241.671
2026-09-15T17:45:01,131.419
2026-09-15T17:50:01,170.776
2026-09-15T17:55:01,128.197
2026-09-15T18:00:01,246.049
2026-09-15T18:05:01,231.353
2026-09-15T18:10:01,161.22
2026-09-15T18:15:01,148.167
2026-09-15T18:20:01,140.004
2026-09-15T18:25:01,129.451
2026-09-15T18:30:01,179.28
2026-09-15T18:35:01,145.201
2026-09-15T18:40:01,146.182
2026-09-15T18:45:01,145.577
2026-09-15T18:50:01,151.236
2026-09-15T18:55:01,231.838
2026-09-15T19:00:01,210.178
2026-09-15T19:05:01,215.216
2026-09-15T19:10:01,191.577
2026-09-15T19:15:01,167.207
2026-09-15T19:20:01,187.008
2026-09-15T19:25:01,151.877
2026-09-15T19:30:01,141.898
2026-09-15T19:35:01,156.671
2026-09-15T19:40:01,160.177
2026-09-15T19:45:01,155.529
2026-09-15T19:50:01,222.205
2026-09-15T19:55:01,137.304
2026-09-15T20:00:01,159.824
2026-09-15T20:05:01,167.132
2026-09-15T20:10:01,163.435
2026-09-15T20:15:01,149.622
2026-09-15T20:20:01,144.862
2026-09-15T20:25:01,215.003
2026-09-15T20:30:01,197.685
2026-09-15T20:35:01,245.96
2026-09-15T20:40:01,223.053
2026-09-15T20:45:01,218.806
2026-09-15T20:50:01,220.614
2026-09-15T20:55:01,223.312
2026-09-15T21:00:01,207.828
2026-09-15T21:05:01,225.081
2026-09-15T21:10:01,241.881
2026-09-15T21:15:01,225.687
2026-09-15T21:20:01,248.987
2026-09-15T21:25:01,239.978
2026-09-15T21:30:01,159.009
2026-09-15T21:35:01,156.739
2026-09-15T21:40:01,147.056
2026-09-15T21:45:01,156.162
2026-09-15T21:50:01,151.082
2026-09-15T21:55:01,158.549
2026-09-15T22:00:01,276.534
2026-09-15T22:05:01,261.775
2026-09-15T22:10:01,160.763
2026-09-15T22:15:01,140.362
2026-09-15T22:20:01,221.562
2026-09-15T22:25:01,225.125
2026-09-15T22:30:01,267.235
2026-09-15T22:35:01,172.912
2026-09-15T22:40:01,149.57
2026-09-15T22:45:01,141.303
2026-09-15T22:50:01,258.359
2026-09-15T22:55:01,172.243
2026-09-15T23:00:01,180.814
2026-09-15T23:05:01,274.602
2026-09-15T23:10:01,242.05
2026-09-15T23:15:01,249.22
2026-09-15T23:20:01,179.967
2026-09-15T23:25:01,174.38
2026-09-15T23:30:01,172.47
2026-09-15T23:35:01,171.269
2026-09-15T23:40:01,172.296
2026-09-15T23:45:01,180.894
2026-09-15T23:50:01,179.837
2026-09-15T23:55:01,172.296
2026-09-16T00:00:01,179.38
2026-09-16T00:05:01,248.095
2026-09-16T00:10:01,269.111
2026-09-16T00:15:01,261.685
2026-09-16T00:20:01,263.44
2026-09-16T00:25:01,243.367
2026-09-16T00:30:01,173.212
2026-09-16T00:35:01,182.016
2026-09-16T00:40:01,172.902
2026-09-16T00:45:01,171.543
2026-09-16T00:50:01,164.039
2026-09-16T00:55:01,182.939
2026-09-16T01:00:01,175.52
2026-09-16T01:05:01,183.598
2026-09-16T01:10:01,261.362
2026-09-16T01:15:01,239.693
2026-09-16T01:20:01,229.405
2026-09-16T01:25:01,263.284
2026-09-16T01:30:01,173.782
2026-09-16T01:35:01,178.944
2026-09-16T01:40:01,182.351
2026-09-16T01:45:01,175.672
2026-09-16T01:50:01,183.144
2026-09-16T01:55:01,178.559
2026-09-16T02:00:01,183.975
2026-09-16T02:05:01,177.029
2026-09-16T02:10:01,263.969
2026-09-16T02:15:01,240.072
2026-09-16T02:20:01,265.369
2026-09-16T02:25:01,166.847
2026-09-16T02:30:01,184.309
2026-09-16T02:35:01,166.244
2026-09-16T02:40:01,185.195
2026-09-16T02:45:01,167.13
2026-09-16T02:50:01,182.191
2026-09-16T02:55:01,174.65
2026-09-16T03:00:01,169.483
2026-09-16T03:05:01,244.844
2026-09-16T03:10:01,266.956
2026-09-16T03:15:01,158.345
2026-09-16T03:20:01,185.098
2026-09-16T03:25:01,177.21
2026-09-16T03:30:01,185.902
2026-09-16T03:35:01,184.929
2026-09-16T03:40:01,167.566
2026-09-16T03:45:01,179.426
2026-09-16T03:50:01,186.309
2026-09-16T03:55:01,175.564
2026-09-16T04:00:01,176.184
2026-09-16T04:05:01,178.93
2026-09-16T04:10:01,259.677
2026-09-16T04:15:01,233.772
2026-09-16T04:20:01,246.676
2026-09-16T04:25:01,163.025
2026-09-16T04:30:01,168.226
2026-09-16T04:35:01,183.462
2026-09-16T04:40:01,184.631
2026-09-16T04:45:01,168.038
2026-09-16T04:50:01,179.066
2026-09-16T04:55:01,166.576
2026-09-16T05:00:01,175.983
2026-09-16T05:05:01,265.386
2026-09-16T05:10:01,236.895
2026-09-16T05:15:01,220.885
2026-09-16T05:20:01,184.876
2026-09-16T05:25:01,157.785
2026-09-16T05:30:01,185.592
2026-09-16T05:35:01,179.907
2026-09-16T05:40:01,171.512
2026-09-16T05:45:01,165.819
2026-09-16T05:50:01,119.82
2026-09-16T05:55:01,76.403
2026-09-16T06:00:01,72.273
2026-09-16T06:05:01,80.536
2026-09-16T06:10:01,63.824
2026-09-16T06:15:01,82.42
2026-09-16T06:20:01,55.633
2026-09-16T06:25:01,72.308
2026-09-16T06:30:01,54.102
2026-09-16T06:35:01,65.633
2026-09-16T06:40:01,54.502
2026-09-16T06:45:01,65.724
2026-09-16T06:50:01,44.918
2026-09-16T06:55:01,62.716
2026-09-16T07:00:01,53.671
2026-09-16T07:05:01,62.89
2026-09-16T07:10:01,46.129
2026-09-16T07:15:01,54.3
2026-09-16T07:20:01,71.315
2026-09-16T07:25:01,61.809
2026-09-16T07:30:01,79.889
2026-09-16T07:35:01,70.632
2026-09-16T07:40:01,88.996
2026-09-16T07:45:01,53.238
2026-09-16T07:50:01,58.945
2026-09-16T07:55:01,45.69
2026-09-16T08:00:01,63.093
2026-09-16T08:05:01,67.332
2026-09-16T08:10:01,53.577
2026-09-16T08:15:01,71.449
2026-09-16T08:20:01,114.948
2026-09-16T08:25:01,85.881
2026-09-16T08:30:01,50.584
2026-09-16T08:35:01,61.489
2026-09-16T08:40:01,46.718
2026-09-16T08:45:01,54.87
2026-09-16T08:50:01,81.022
2026-09-16T08:55:01,60.861
2026-09-16T09:00:01,39.763
2026-09-16T09:05:01,25.271
2026-09-16T09:10:01,44.79
2026-09-16T09:15:01,16.357
2026-09-16T09:20:01,26.344
2026-09-16T09:25:01,23.028
2026-09-16T09:30:01,52.975
2026-09-16T09:35:01,67.43
2026-09-16T09:40:01,51.339
2026-09-16T09:45:01,65.174
2026-09-16T09:50:01,46.583
2026-09-16T09:55:01,50.144
2026-09-16T10:00:01,40.715
2026-09-16T10:05:01,59.743
2026-09-16T10:10:01,85.841
2026-09-16T10:15:01,144.801
2026-09-16T10:20:01,126.654
2026-09-16T10:25:01,265.945
2026-09-16T10:30:01,172.598
2026-09-16T10:35:01,195.012
2026-09-16T10:40:01,142.337
2026-09-16T10:45:01,124.665
2026-09-16T10:50:01,155.09
2026-09-16T10:55:01,141.802
2026-09-16T11:00:01,157.814
2026-09-16T11:05:01,144.589
2026-09-16T11:10:01,197.822
2026-09-16T11:15:01,167.765
2026-09-16T11:20:01,198.317
2026-09-16T11:25:01,214.249
2026-09-16T11:30:01,183.073
2026-09-16T11:35:01,132.721
2026-09-16T11:40:01,133.963
2026-09-16T11:45:01,151.396
2026-09-16T11:50:01,143.873
2026-09-16T11:55:01,143.687
2026-09-16T12:00:01,136.153
2026-09-16T12:05:01,181.045
2026-09-16T12:10:01,153.26
2026-09-16T12:15:01,161.936
2026-09-16T12:20:01,152.503
2026-09-16T12:25:01,139.537
2026-09-16T12:30:01,181.26
2026-09-16T12:35:01,150.032
2026-09-16T12:40:01,132.561
2026-09-16T12:45:01,215.187
2026-09-16T12:50:01,229.948
2026-09-16T12:55:01,233.987
2026-09-16T13:00:01,228.545
2026-09-16T13:05:01,184.136
2026-09-16T13:10:01,205.282
2026-09-16T13:15:01,234.457
2026-09-16T13:20:01,236.395
2026-09-16T13:25:01,148.396
2026-09-16T13:30:01,148.938
2026-09-16T13:35:01,139.876
2026-09-16T13:40:01,124.725
2026-09-16T13:45:01,151.347
2026-09-16T13:50:01,252.852
2026-09-16T13:55:01,173.962
2026-09-16T14:00:01,147.848
2026-09-16T14:05:01,209.851
2026-09-16T14:10:01,231.183
2026-09-16T14:15:01,236.775
2026-09-16T14:20:01,168.259
2026-09-16T14:25:01,150.764
2026-09-16T14:30:01,119.531
2026-09-16T14:35:01,129.356
2026-09-16T14:40:01,139.111
2026-09-16T14:45:01,177.77
2026-09-16T14:50:01,128.42
2026-09-16T14:55:01,120.228
2026-09-16T15:00:01,248.684
2026-09-16T15:05:01,206.217
2026-09-16T15:10:01,180.951
2026-09-16T15:15:01,147.086
2026-09-16T15:20:01,148.297
2026-09-16T15:25:01,195.184
2026-09-16T15:30:01,197.364
2026-09-16T15:35:01,151.081
2026-09-16T15:40:01,131.101
2026-09-16T15:45:01,147.613
2026-09-16T15:50:01,146.805
2026-09-16T15:55:01,151.615
2026-09-16T16:00:01,146.967
2026-09-16T16:05:01,215.277
2026-09-16T16:10:01,235.658
2026-09-16T16:15:01,241.389
2026-09-16T16:20:01,190.494
2026-09-16T16:25:01,140.764
2026-09-16T16:30:01,46.344
2026-09-16T16:35:01,80.234
2026-09-16T16:40:01,49.986
2026-09-16T16:42:39,58.999
2026-09-16T16:47:39,49.401
2026-09-16T16:52:39,19.191
2026-09-16T16:57:39,45.758
2026-09-16T17:02:39,43.892
2026-09-16T17:07:39,29.251
2026-09-16T17:12:39,68.453
2026-09-16T17:17:39,44.326
2026-09-16T17:22:39,51.97
2026-09-16T17:27:39,44.724
2026-09-16T17:29:39,69.081
2026-09-16T17:34:39,110.128
2026-09-16T17:40:01,109.336
2026-09-16T17:45:01,115.128
2026-09-16T17:50:01,123.059
2026-09-16T17:55:01,152.888
2026-09-16T18:00:01,121.185
2026-09-16T18:05:01,238.0
2026-09-16T18:10:01,236.069
2026-09-16T18:15:01,228.784
2026-09-16T18:20:01,211.895
2026-09-16T18:25:01,147.373
2026-09-16T18:30:01,130.582
2026-09-16T18:35:01,140.209
2026-09-16T18:40:01,149.137
2026-09-16T18:45:01,171.685
2026-09-16T18:50:01,147.755
2026-09-16T18:55:01,147.467
2026-09-16T19:00:01,179.03
2026-09-16T19:05:01,225.009
2026-09-16T19:10:01,207.424
2026-09-16T19:15:01,197.309
2026-09-16T19:25:00,190.097
2026-09-16T19:30:00,150.204
2026-09-16T19:35:00,149.824
2026-09-16T19:40:00,154.193
2026-09-16T19:45:00,139.713
2026-09-16T19:50:00,152.134
2026-09-16T19:55:00,148.547
2026-09-16T20:00:00,178.942
2026-09-16T20:05:00,196.286
2026-09-16T20:10:00,152.661
2026-09-16T20:15:00,184.407
2026-09-16T20:20:00,179.072
2026-09-16T20:25:00,150.829
2026-09-16T20:30:00,131.755
2026-09-16T20:35:00,113.509
2026-09-16T20:40:00,162.304
2026-09-16T20:45:00,149.004
2026-09-16T20:50:00,114.131
2026-09-16T20:55:00,159.969
2026-09-16T21:00:00,154.401
2026-09-16T21:04:28,141.091
2026-09-16T21:09:28,187.999
2026-09-16T21:14:28,127.529
2026-09-16T21:19:28,129.297
2026-09-16T21:20:04,129.915
2026-09-16T21:25:04,234.454
2026-09-16T21:25:20,236.743
2026-09-16T21:30:20,194.124
2026-09-16T21:35:20,211.852
2026-09-16T21:40:52,177.115
2026-09-16T21:45:52,147.412
2026-09-16T21:50:52,147.694
2026-09-16T21:55:52,151.206
2026-09-16T22:00:52,256.203
2026-09-16T22:05:52,235.423
2026-09-16T22:10:52,220.986
2026-09-16T22:15:04,245.513
2026-09-16T22:20:04,235.813
2026-09-16T22:25:04,209.124
2026-09-16T22:30:04,131.968
2026-09-16T22:35:04,143.006
2026-09-16T22:40:04,149.975
2026-09-16T22:45:04,180.276
2026-09-16T22:50:04,176.248
2026-09-16T22:55:04,180.441
2026-09-16T23:00:04,175.332
2026-09-16T23:05:04,264.925
2026-09-16T23:10:04,280.978
2026-09-16T23:15:04,263.999
2026-09-16T23:20:04,228.939
2026-09-16T23:25:04,271.769
2026-09-16T23:30:04,180.521
2026-09-16T23:35:04,173.521
2026-09-16T23:40:04,182.364
2026-09-16T23:45:04,180.003
2026-09-16T23:50:04,150.14
2026-09-16T23:55:04,151.822
2026-09-17T00:00:04,224.711
2026-09-17T00:05:04,250.576
2026-09-17T00:10:04,239.122
2026-09-17T00:15:04,236.22
2026-09-17T00:20:04,213.563
2026-09-17T00:25:04,153.954
2026-09-17T00:30:04,142.746
2026-09-17T00:35:04,181.235
2026-09-17T00:40:04,145.034
2026-09-17T00:45:04,151.012
2026-09-17T00:50:04,159.29
2026-09-17T00:55:04,148.092
2026-09-17T01:05:00,139.699
2026-09-17T01:10:00,180.294
2026-09-17T01:15:00,148.816
2026-09-17T01:20:00,230.819
2026-09-17T01:25:00,202.632
2026-09-17T01:30:00,151.256
2026-09-17T01:35:00,142.136
2026-09-17T01:40:00,139.406
2026-09-17T01:45:00,148.466
2026-09-17T01:50:00,126.968
2026-09-17T01:55:00,146.908
2026-09-17T02:00:00,152.738
2026-09-17T02:05:00,183.145
2026-09-17T02:10:00,247.089
2026-09-17T02:15:00,189.27
2026-09-17T02:20:00,239.396
2026-09-17T02:25:00,209.578
2026-09-17T02:30:00,131.183
2026-09-17T02:35:00,166.857
2026-09-17T02:40:00,131.373
2026-09-17T02:45:00,148.222
2026-09-17T02:50:00,108.447
2026-09-17T02:53:42,132.17
2026-09-17T02:58:42,123.422
2026-09-17T03:03:42,131.686
2026-09-17T03:10:00,172.289
2026-09-17T03:13:38,132.713
2026-09-17T03:18:38,143.492
2026-09-17T03:23:38,113.402
2026-09-17T03:28:38,152.959
2026-09-17T03:33:38,210.796
2026-09-17T03:38:38,209.632
2026-09-17T03:43:38,200.868
2026-09-17T03:46:28,218.789
2026-09-17T03:51:28,199.795
2026-09-17T03:56:28,211.873
2026-09-17T04:01:28,246.269
2026-09-17T04:06:28,172.428
2026-09-17T04:11:28,134.168
2026-09-17T04:16:28,212.228
2026-09-17T04:21:28,125.197
2026-09-17T04:26:28,149.32
2026-09-17T04:28:08,133.401
2026-09-17T04:33:08,157.747
2026-09-17T04:38:08,130.647
2026-09-17T04:43:08,147.891
2026-09-17T04:48:08,153.219
2026-09-17T04:53:08,146.41
2026-09-17T04:58:08,119.863
2026-09-17T05:03:08,214.168
2026-09-17T05:08:08,219.944
2026-09-17T05:13:08,212.378
2026-09-17T05:18:08,284.492
2026-09-17T05:23:08,211.695
2026-09-17T05:28:08,205.822
2026-09-17T05:33:08,207.032
2026-09-17T05:38:08,195.731
2026-09-17T05:43:08,203.975
2026-09-17T05:48:08,207.819
2026-09-17T05:53:08,245.67
2026-09-17T05:58:08,144.962
2026-09-17T06:03:08,133.339
2026-09-17T06:08:08,136.102
2026-09-17T06:13:08,172.746
2026-09-17T06:18:08,243.682
2026-09-17T06:23:08,191.464
2026-09-17T06:28:08,213.147
2026-09-17T06:33:08,228.447
2026-09-17T06:38:08,134.448
2026-09-17T06:43:08,150.248
2026-09-17T06:48:08,145.8
2026-09-17T06:53:08,165.915
2026-09-17T06:58:08,152.452
2026-09-17T07:03:08,223.315
2026-09-17T07:08:08,178.959
2026-09-17T07:13:08,227.389
2026-09-17T07:18:08,244.694
2026-09-17T07:23:08,221.61
2026-09-17T07:28:08,134.567
2026-09-17T07:33:08,132.934
2026-09-17T07:38:08,153.728
2026-09-17T07:43:08,150.368
2026-09-17T07:48:08,123.83
2026-09-17T07:53:08,151.189
2026-09-17T07:58:08,152.204
2026-09-17T08:03:08,220.929
2026-09-17T08:08:08,225.174
2026-09-17T08:13:08,187.031
2026-09-17T08:18:08,135.175
2026-09-17T08:23:08,157.273
2026-09-17T08:28:08,152.955
2026-09-17T08:33:08,150.878
2026-09-17T08:38:08,123.092
2026-09-17T08:43:08,134.057
2026-09-17T08:48:08,151.079
2026-09-17T08:53:08,143.256
2026-09-17T08:58:08,133.513
2026-09-17T09:03:08,154.42
2026-09-17T09:08:08,153.331
2026-09-17T09:13:08,185.938
2026-09-17T09:18:08,180.038
2026-09-17T09:23:08,198.365
2026-09-17T09:28:08,189.888
2026-09-17T09:33:08,133.341
2026-09-17T09:38:08,145.161
2026-09-17T09:45:00,154.691
2026-09-17T09:50:00,152.05
2026-09-17T09:55:00,256.626
2026-09-17T10:00:00,162.946
2026-09-17T10:05:00,138.65
2026-09-17T10:10:00,159.459
2026-09-17T10:15:00,140.855
2026-09-17T10:20:00,151.384
2026-09-17T10:25:00,149.759
2026-09-17T10:30:00,195.83
2026-09-17T10:35:00,225.209
2026-09-17T10:40:00,217.263
2026-09-17T10:45:00,189.383
2026-09-17T10:50:00,158.851
2026-09-17T10:55:00,151.176
2026-09-17T11:00:00,143.283
2026-09-17T11:05:00,273.566
2026-09-17T11:10:00,199.283
2026-09-17T11:15:00,200.299
2026-09-17T11:20:00,135.207
2026-09-17T11:25:00,176.122
2026-09-17T11:30:00,181.672
2026-09-17T11:35:00,131.569
2026-09-17T11:40:00,150.954
2026-09-17T11:45:00,151.315
2026-09-17T11:50:00,143.919
2026-09-17T11:55:00,133.475
2026-09-17T12:00:00,151.214
2026-09-17T12:04:28,131.619
2026-09-17T12:09:28,122.29
2026-09-17T12:14:28,222.299
2026-09-17T12:19:28,227.199
2026-09-17T12:24:28,247.415
2026-09-17T12:29:28,235.937
2026-09-17T12:34:28,202.231
2026-09-17T12:39:28,165.646
2026-09-17T12:44:28,133.351
2026-09-17T12:49:28,152.525
2026-09-17T12:54:28,186.211
2026-09-17T12:59:28,239.734
2026-09-17T13:04:28,227.064
2026-09-17T13:09:28,196.298
2026-09-17T13:14:28,197.203
2026-09-17T13:14:32,209.292
2026-09-17T13:19:32,195.919
2026-09-17T13:24:32,139.783
2026-09-17T13:29:32,146.843
2026-09-17T13:34:32,130.335
2026-09-17T13:39:32,121.86
2026-09-17T13:44:32,148.511
2026-09-17T13:49:32,170.512
2026-09-17T13:54:32,120.481
2026-09-17T13:59:32,129.014
2026-09-17T14:04:32,274.299
2026-09-17T14:09:32,235.069
2026-09-17T14:14:32,188.073
2026-09-17T14:15:34,184.09
2026-09-17T14:20:34,183.375
2026-09-17T14:25:34,147.104
2026-09-17T14:29:46,140.385
2026-09-17T14:34:46,157.924
2026-09-17T14:39:46,150.565
2026-09-17T14:40:22,131.071
2026-09-17T14:45:22,179.333
2026-09-17T14:50:22,146.193
2026-09-17T14:52:02,147.906
2026-09-17T14:57:02,131.027
2026-09-17T15:02:02,211.322
2026-09-17T15:05:38,196.006
2026-09-17T15:10:24,167.304
2026-09-17T15:15:24,197.859
2026-09-17T15:20:24,139.167
2026-09-17T15:30:00,149.285
2026-09-17T15:35:00,122.44
2026-09-17T15:40:00,156.848
2026-09-17T15:45:00,146.995
2026-09-17T15:50:00,122.078
2026-09-17T15:55:00,170.208
2026-09-17T16:00:00,148.41
2026-09-17T16:05:00,215.186
2026-09-17T16:10:00,267.05
2026-09-17T16:15:00,198.048
2026-09-17T16:20:00,140.945
2026-09-17T16:25:00,178.786
2026-09-17T16:30:00,145.867
2026-09-17T16:35:00,129.752
2026-09-17T16:40:00,145.82
2026-09-17T16:45:00,122.077
2026-09-17T16:50:00,145.176
2026-09-17T16:55:00,145.739
2026-09-17T17:00:00,126.493
2026-09-17T17:05:00,142.173
2026-09-17T17:10:00,135.206
2026-09-17T17:15:00,190.267
2026-09-17T17:20:00,217.16
2026-09-17T17:25:00,120.503
2026-09-17T17:30:00,235.727
2026-09-17T17:35:00,236.942
2026-09-17T17:40:00,117.006
2026-09-17T17:45:00,139.838
2026-09-17T17:50:00,162.918
2026-09-17T17:55:00,139.918
2026-09-17T18:00:00,131.31
2026-09-17T18:05:00,238.752
2026-09-17T18:10:00,226.314
2026-09-17T18:15:00,210.711
2026-09-17T18:20:00,256.772
2026-09-17T18:25:00,230.741
2026-09-17T18:30:00,208.353
2026-09-17T18:35:00,201.078
2026-09-17T18:40:00,143.148
2026-09-17T18:45:00,129.336
2026-09-17T18:50:00,143.286
2026-09-17T18:55:00,124.533
2026-09-17T19:00:00,126.953
2026-09-17T19:05:00,142.808
2026-09-17T19:10:00,185.277
2026-09-17T19:15:00,253.073
2026-09-17T19:20:00,195.634
2026-09-17T19:25:00,187.477
2026-09-17T19:30:00,157.665
2026-09-17T19:35:00,135.845
2026-09-17T19:40:00,127.021
2026-09-17T19:45:00,174.184
2026-09-17T19:50:00,124.29
2026-09-17T19:55:00,135.122
2026-09-17T20:00:00,125.435
2026-09-17T20:05:00,190.61
2026-09-17T20:10:00,149.435
2026-09-17T20:15:00,150.794
2026-09-17T20:20:00,169.925
2026-09-17T20:25:00,156.529
2026-09-17T20:30:00,142.325
2026-09-17T20:30:16,144.144
2026-09-17T20:35:16,140.962
2026-09-17T20:36:16,139.068
2026-09-17T20:39:28,157.327
2026-09-17T20:44:28,107.847
2026-09-17T20:49:28,122.9
2026-09-17T20:54:28,173.675
2026-09-17T20:59:28,125.443
2026-09-17T21:04:28,197.379
2026-09-17T21:09:28,147.468
2026-09-17T21:14:28,131.672
2026-09-17T21:19:28,150.844
2026-09-17T21:24:28,125.783
2026-09-17T21:29:28,150.082
2026-09-17T21:34:28,139.294
2026-09-17T21:39:28,182.124
2026-09-17T21:44:28,222.387
2026-09-17T21:49:28,252.923
2026-09-17T21:54:28,233.738
2026-09-17T21:59:28,211.656
2026-09-17T22:04:28,230.773
2026-09-17T22:09:28,214.53
2026-09-17T22:14:28,209.47
2026-09-17T22:19:28,220.871
2026-09-17T22:24:28,118.98
2026-09-17T22:29:28,146.515
2026-09-17T22:34:28,144.883
2026-09-17T22:39:28,138.834
2026-09-17T22:44:28,145.136
2026-09-17T22:49:28,126.956
2026-09-17T22:54:28,171.473
2026-09-17T22:59:28,136.326
2026-09-17T23:04:28,235.072
2026-09-17T23:09:28,207.645
2026-09-17T23:14:28,215.629
2026-09-17T23:19:28,221.073
2026-09-17T23:24:28,223.755
2026-09-17T23:29:28,225.813
2026-09-17T23:34:28,138.162
2026-09-17T23:39:28,128.307
2026-09-17T23:44:28,148.694
2026-09-17T23:49:28,147.667
2026-09-17T23:54:28,128.213
2026-09-17T23:59:28,152.642
2026-09-18T00:04:28,213.727
2026-09-18T00:09:28,210.983
2026-09-18T00:14:28,244.972
2026-09-18T00:19:28,211.832
2026-09-18T00:24:28,231.438
2026-09-18T00:29:28,196.609
2026-09-18T00:34:28,131.968
2026-09-18T00:39:28,146.085
2026-09-18T00:44:28,138.992
2026-09-18T00:49:28,126.859
2026-09-18T00:54:28,148.047
2026-09-18T00:59:28,144.639
2026-09-18T01:04:28,242.729
2026-09-18T01:09:28,240.844
2026-09-18T01:14:28,239.767
2026-09-18T01:19:28,256.273
2026-09-18T01:24:28,232.285
2026-09-18T01:29:28,213.88
2026-09-18T01:34:28,247.216
2026-09-18T01:39:28,121.895
2026-09-18T01:44:28,147.345
2026-09-18T01:49:28,130.91
2026-09-18T01:54:28,171.026
2026-09-18T01:59:28,128.637
2026-09-18T02:04:28,139.602
2026-09-18T02:09:28,205.903
2026-09-18T02:14:28,220.09
2026-09-18T02:19:28,226.656
2026-09-18T02:24:28,237.583
2026-09-18T02:29:28,205.452
2026-09-18T02:34:28,147.215
2026-09-18T02:39:28,147.317
2026-09-18T02:45:00,127.928
2026-09-18T02:50:00,123.978
2026-09-18T02:55:00,148.155
2026-09-18T03:00:00,118.12
2026-09-18T03:05:00,127.25
2026-09-18T03:10:00,220.86
2026-09-18T03:15:00,204.48
2026-09-18T03:20:00,231.428
2026-09-18T03:25:00,197.856
2026-09-18T03:30:00,212.417
2026-09-18T03:35:00,177.408
2026-09-18T03:40:00,238.014
2026-09-18T03:45:00,146.387
2026-09-18T03:50:00,120.726
2026-09-18T03:55:00,139.792
2026-09-18T04:00:00,121.21
2026-09-18T04:05:00,121.209
2026-09-18T04:10:00,211.324
2026-09-18T04:15:00,217.715
2026-09-18T04:20:00,225.211
2026-09-18T04:25:00,119.407
2026-09-18T04:30:00,136.606
2026-09-18T04:35:00,119.108
2026-09-18T04:40:00,129.824
2026-09-18T04:45:00,146.201
2026-09-18T04:50:00,118.051
2026-09-18T04:55:00,145.643
2026-09-18T05:00:00,120.513
2026-09-18T05:05:00,137.171
2026-09-18T05:10:00,232.589
2026-09-18T05:15:00,134.562
2026-09-18T05:20:00,198.636
2026-09-18T05:25:00,221.559
2026-09-18T05:30:00,147.556
2026-09-18T05:35:00,120.723
2026-09-18T05:40:00,170.501
2026-09-18T05:45:00,128.588
2026-09-18T05:50:00,121.753
2026-09-18T05:55:00,152.668
2026-09-18T06:00:00,131.648
2026-09-18T06:05:00,218.811
2026-09-18T06:10:00,188.272
2026-09-18T06:15:00,186.279
2026-09-18T06:20:00,210.308
2026-09-18T06:25:00,203.645
2026-09-18T06:30:00,119.922
2026-09-18T06:35:00,161.635
2026-09-18T06:40:00,140.296
2026-09-18T06:45:00,123.418
2026-09-18T06:50:00,124.581
2026-09-18T06:55:00,120.901
2026-09-18T07:00:00,211.957
2026-09-18T07:05:00,197.888
2026-09-18T07:10:00,206.616
2026-09-18T07:15:00,210.337
2026-09-18T07:20:00,148.455
2026-09-18T07:25:00,152.977
2026-09-18T07:30:00,140.234
2026-09-18T07:35:00,147.098
2026-09-18T07:40:00,161.511
2026-09-18T07:45:00,150.937
2026-09-18T07:50:00,147.259
2026-09-18T07:55:00,131.795
2026-09-18T08:00:00,149.428
2026-09-18T08:05:00,240.223
2026-09-18T08:10:00,206.391
2026-09-18T08:15:00,130.313
2026-09-18T08:20:00,270.408
2026-09-18T08:25:00,188.366
2026-09-18T08:30:00,141.407
2026-09-18T08:35:00,153.887
2026-09-18T08:40:00,149.873
2026-09-18T08:45:00,143.893
2026-09-18T08:50:00,181.785
2026-09-18T08:55:00,86.619
2026-09-18T09:00:00,65.166
2026-09-18T09:05:00,64.495
2026-09-18T09:10:00,49.545
2026-09-18T09:15:00,34.227
2026-09-18T09:20:00,48.82
2026-09-18T09:25:00,41.046
2026-09-18T09:30:00,63.039
2026-09-18T09:35:00,31.733
2026-09-18T09:40:00,106.996
2026-09-18T09:45:00,75.002
2026-09-18T09:50:00,90.353
2026-09-18T09:55:00,74.227
2026-09-18T10:00:00,88.492
2026-09-18T10:05:00,70.798
2026-09-18T10:10:00,70.638
2026-09-18T10:15:00,63.121
2026-09-18T10:20:00,52.051
2026-09-18T10:25:00,32.331
2026-09-18T10:30:00,41.615
2026-09-18T10:35:00,38.162
2026-09-18T10:40:00,49.145
2026-09-18T10:45:00,30.008
2026-09-18T10:50:00,39.858
2026-09-18T10:55:00,57.852
2026-09-18T11:00:00,53.307
2026-09-18T11:05:00,37.222
2026-09-18T11:10:00,45.789
2026-09-18T11:15:00,30.432
2026-09-18T11:20:00,55.766
2026-09-18T11:25:00,36.37
2026-09-18T11:30:00,52.281
2026-09-18T11:35:00,33.599
2026-09-18T11:40:00,46.074
2026-09-18T11:45:00,19.307
2026-09-18T11:50:00,36.562
2026-09-18T11:55:00,21.03
2026-09-18T12:00:00,36.59
2026-09-18T12:05:00,18.532
2026-09-18T12:10:00,19.742
2026-09-18T12:15:00,27.61
2026-09-18T12:20:00,11.635
2026-09-18T12:22:52,37.706
2026-09-18T12:27:52,18.415
2026-09-18T12:32:52,16.645
2026-09-18T12:37:52,20.945
2026-09-18T12:42:52,11.048
2026-09-18T12:47:52,18.401
2026-09-18T12:52:52,43.725
2026-09-18T12:57:52,28.799
2026-09-18T13:02:52,20.448
2026-09-18T13:07:52,38.304
2026-09-18T13:12:52,18.917
2026-09-18T13:17:52,35.589
2026-09-18T13:22:52,18.058
2026-09-18T13:27:52,10.136
2026-09-18T13:32:52,19.332
2026-09-18T13:37:52,10.141
2026-09-18T13:42:52,27.478
2026-09-18T13:47:52,20.227
2026-09-18T13:52:52,35.897
2026-09-18T13:57:52,9.904
2026-09-18T14:02:52,22.44
2026-09-18T14:07:52,18.129
2026-09-18T14:12:52,11.306
2026-09-18T14:17:52,18.918
2026-09-18T14:22:52,10.291
2026-09-18T14:27:52,46.073
2026-09-18T14:32:52,19.487
2026-09-18T14:37:52,35.154
2026-09-18T14:42:52,19.944
2026-09-18T14:47:52,9.654
2026-09-18T14:52:52,18.212
2026-09-18T14:57:52,9.873
2026-09-18T15:02:52,17.931
2026-09-18T15:07:52,42.638
2026-09-18T15:12:52,44.811
2026-09-18T15:17:52,30.524
2026-09-18T15:22:52,46.763
2026-09-18T15:27:52,13.953
2026-09-18T15:32:52,38.077
2026-09-18T15:37:52,20.138
2026-09-18T15:42:52,46.348
2026-09-18T15:47:52,28.427
2026-09-18T15:52:52,45.291
2026-09-18T15:57:52,28.823
2026-09-18T16:02:52,31.94
2026-09-18T16:07:52,41.112
2026-09-18T16:12:52,56.546
2026-09-18T16:17:52,80.141
2026-09-18T16:22:52,150.949
2026-09-18T16:27:52,115.921
2026-09-18T16:32:52,120.601
2026-09-18T16:37:52,143.435
2026-09-18T16:42:52,125.162
2026-09-18T16:47:52,145.557
2026-09-18T16:52:52,142.075
2026-09-18T16:57:52,142.273
2026-09-18T17:02:52,133.603
2026-09-18T17:07:52,112.507
2026-09-18T17:12:52,117.137
2026-09-18T17:17:52,143.591
2026-09-18T17:22:52,231.019
2026-09-18T17:27:52,196.027
2026-09-18T17:32:52,214.293
2026-09-18T17:37:52,224.581
2026-09-18T17:42:52,227.41
2026-09-18T17:47:52,203.144
2026-09-18T17:52:52,166.816
2026-09-18T17:57:52,122.234
2026-09-18T18:02:52,125.394
2026-09-18T18:07:52,216.179
2026-09-18T18:12:52,278.163
2026-09-18T18:17:52,216.139
2026-09-18T18:22:52,136.618
2026-09-18T18:27:52,144.236
2026-09-18T18:32:52,263.982
2026-09-18T18:37:52,209.865
2026-09-18T18:42:52,213.041
2026-09-18T18:47:52,179.704
2026-09-18T18:52:52,168.641
2026-09-18T18:57:52,143.983
2026-09-18T19:02:52,124.516
2026-09-18T19:07:52,139.698
2026-09-18T19:12:52,234.369
2026-09-18T19:17:52,248.579
2026-09-18T19:22:52,223.234
2026-09-18T19:27:52,237.704
2026-09-18T19:32:52,193.832
2026-09-18T19:37:52,136.058
2026-09-18T19:42:52,187.021
2026-09-18T19:47:52,137.18
2026-09-18T19:52:52,127.43
2026-09-18T19:57:52,128.11
2026-09-18T20:02:52,230.108
2026-09-18T20:07:52,209.202
2026-09-18T20:12:52,202.436
2026-09-18T20:17:52,247.994
2026-09-18T20:22:52,221.908
2026-09-18T20:27:52,241.579
2026-09-18T20:32:52,205.07
2026-09-18T20:37:52,119.37
2026-09-18T20:42:52,127.423
2026-09-18T20:47:52,144.639
2026-09-18T20:52:52,152.343
2026-09-18T20:57:52,218.344
2026-09-18T21:02:52,212.484
2026-09-18T21:07:52,210.389
2026-09-18T21:12:52,265.916
2026-09-18T21:17:52,178.112
2026-09-18T21:22:52,206.9
2026-09-18T21:27:52,211.742
2026-09-18T21:32:52,236.067
2026-09-18T21:37:52,203.434
2026-09-18T21:42:52,132.327
2026-09-18T21:47:52,150.519
2026-09-18T21:52:52,160.748
2026-09-18T21:57:52,119.822
2026-09-18T22:02:52,251.454
2026-09-18T22:07:52,240.242
2026-09-18T22:12:52,243.781
2026-09-18T22:17:52,240.532
2026-09-18T22:22:52,146.861
2026-09-18T22:27:52,150.063
2026-09-18T22:32:52,123.972
2026-09-18T22:37:52,149.727
2026-09-18T22:42:52,178.261
2026-09-18T22:47:52,148.111
2026-09-18T22:52:52,148.022
2026-09-18T22:57:52,147.987
2026-09-18T23:02:52,252.509
2026-09-18T23:07:52,243.609
2026-09-18T23:12:52,215.565
2026-09-18T23:17:52,197.327
2026-09-18T23:22:52,211.204
2026-09-18T23:27:52,178.088
2026-09-18T23:32:52,146.571
2026-09-18T23:37:52,147.197
2026-09-18T23:42:52,138.03
2026-09-18T23:47:52,146.51
2026-09-18T23:52:52,145.876
2026-09-18T23:57:52,128.83
2026-09-19T00:02:52,236.667
2026-09-19T00:07:52,211.193
2026-09-19T00:12:52,241.711
2026-09-19T00:17:52,140.205
2026-09-19T00:22:52,146.791
2026-09-19T00:27:52,186.423
2026-09-19T00:32:52,141.485
2026-09-19T00:37:52,147.938
2026-09-19T00:42:52,251.026
2026-09-19T00:47:52,146.326
2026-09-19T00:52:52,138.823
2026-09-19T00:57:52,149.063
2026-09-19T01:02:52,145.976
2026-09-19T01:07:52,245.148
2026-09-19T01:12:52,217.627
2026-09-19T01:17:52,198.69
2026-09-19T01:22:52,201.163
2026-09-19T01:27:52,148.877
2026-09-19T01:32:52,130.182
2026-09-19T01:37:52,139.96
2026-09-19T01:42:52,147.675
2026-09-19T01:47:52,148.292
2026-09-19T01:52:52,171.23
2026-09-19T01:57:52,148.896
2026-09-19T02:02:52,131.932
2026-09-19T02:07:52,199.699
2026-09-19T02:12:52,212.344
2026-09-19T02:17:52,210.788
2026-09-19T02:22:52,234.431
2026-09-19T02:27:52,146.228
2026-09-19T02:32:52,128.943
2026-09-19T02:37:52,145.041
2026-09-19T02:42:52,128.599
2026-09-19T02:47:52,147.324
2026-09-19T02:52:52,150.501
2026-09-19T02:57:52,127.709
2026-09-19T03:02:52,145.365
2026-09-19T03:07:52,152.28
2026-09-19T03:12:52,234.961
2026-09-19T03:17:52,237.62
2026-09-19T03:22:52,188.241
2026-09-19T03:27:52,222.028
2026-09-19T03:32:52,146.193
2026-09-19T03:37:52,160.023
2026-09-19T03:42:52,129.899
2026-09-19T03:47:52,140.824
2026-09-19T03:52:52,161.931
2026-09-19T03:57:52,145.892
2026-09-19T04:02:52,118.362
2026-09-19T04:07:52,189.504
2026-09-19T04:12:52,244.627
2026-09-19T04:17:52,201.025
2026-09-19T04:22:52,202.667
2026-09-19T04:27:52,255.068
2026-09-19T04:32:52,184.434
2026-09-19T04:37:52,128.926
2026-09-19T04:42:52,139.862
2026-09-19T04:47:52,121.525
2026-09-19T04:52:52,144.952
2026-09-19T04:57:52,135.64
2026-09-19T05:02:52,126.772
2026-09-19T05:07:52,138.201
2026-09-19T05:12:52,201.248
2026-09-19T05:17:52,196.977
2026-09-19T05:22:52,207.937
2026-09-19T05:27:52,181.075
2026-09-19T05:32:52,226.877
2026-09-19T05:37:52,210.272
2026-09-19T05:42:52,122.315
2026-09-19T05:47:52,139.022
2026-09-19T05:52:52,146.613
2026-09-19T06:00:00,117.991
2026-09-19T06:05:00,206.402
2026-09-19T06:10:00,245.526
2026-09-19T06:15:00,202.66
2026-09-19T06:20:00,243.626
2026-09-19T06:25:00,148.27
2026-09-19T06:30:00,148.119
2026-09-19T06:35:00,130.87
2026-09-19T06:40:00,149.633
2026-09-19T06:45:00,148.058
2026-09-19T06:50:00,181.448
2026-09-19T06:55:00,147.027
2026-09-19T07:00:00,147.466
2026-09-19T07:05:00,278.258
2026-09-19T07:10:00,202.566
2026-09-19T07:15:00,209.021
2026-09-19T07:20:00,147.55
2026-09-19T07:25:00,136.942
2026-09-19T07:30:00,180.493
2026-09-19T07:35:00,149.161
2026-09-19T07:40:00,129.123
2026-09-19T07:45:00,178.679
2026-09-19T07:50:00,147.264
2026-09-19T07:55:00,148.363
2026-09-19T08:00:00,268.619
2026-09-19T08:05:00,230.749
2026-09-19T08:10:00,228.009
2026-09-19T08:15:00,202.463
2026-09-19T08:20:00,178.661
2026-09-19T08:25:00,147.62
2026-09-19T08:30:00,127.612
2026-09-19T08:35:00,139.665
2026-09-19T08:40:00,154.776
2026-09-19T08:45:00,178.072
2026-09-19T08:50:00,146.969
2026-09-19T08:55:00,140.487
2026-09-19T09:00:00,150.444
2026-09-19T09:05:00,185.831
2026-09-19T09:10:00,150.177
2026-09-19T09:15:00,140.816
2026-09-19T09:20:00,239.098
2026-09-19T09:25:00,205.665
2026-09-19T09:30:00,223.975
2026-09-19T09:35:00,191.958
2026-09-19T09:40:00,187.031
2026-09-19T09:45:00,195.008
2026-09-19T09:50:00,150.649
2026-09-19T09:55:00,158.444
2026-09-19T10:00:00,170.177
2026-09-19T10:05:00,146.416
2026-09-19T10:10:00,145.615
2026-09-19T10:15:00,142.728
2026-09-19T10:20:00,240.991
2026-09-19T10:25:00,183.83
2026-09-19T10:30:00,167.651
2026-09-19T10:35:00,158.15
2026-09-19T10:40:00,152.038
2026-09-19T10:45:00,68.584
2026-09-19T10:50:00,58.44
2026-09-19T10:55:00,48.083
2026-09-19T11:00:00,59.406
2026-09-19T11:05:00,47.369
2026-09-19T11:10:00,42.251
2026-09-19T11:15:00,15.285
2026-09-19T11:20:00,46.382
2026-09-19T11:25:00,25.595
2026-09-19T11:30:00,13.608
2026-09-19T11:35:00,11.147
2026-09-19T11:40:00,47.5
2026-09-19T11:45:00,43.153
2026-09-19T11:50:00,29.608
2026-09-19T11:55:00,35.972
2026-09-19T12:00:00,49.45
2026-09-19T12:05:00,41.549
2026-09-19T12:10:00,23.032
2026-09-19T12:15:00,31.189
2026-09-19T12:20:00,46.929
2026-09-19T12:25:00,40.519
2026-09-19T12:30:00,16.222
2026-09-19T12:35:00,33.714
2026-09-19T12:40:00,7.334
2026-09-19T12:45:00,66.753
2026-09-19T12:50:00,43.319
2026-09-19T12:55:00,118.893
2026-09-19T13:00:00,118.166
2026-09-19T13:05:00,125.532
2026-09-19T13:10:00,175.211
2026-09-19T13:15:00,123.827
2026-09-19T13:20:00,206.918
2026-09-19T13:25:00,270.245
2026-09-19T13:30:00,190.775
2026-09-19T13:35:00,248.489
2026-09-19T13:40:00,266.321
2026-09-19T13:45:00,196.984
2026-09-19T13:50:00,133.615
2026-09-19T13:55:00,131.242
2026-09-19T14:00:00,140.973
2026-09-19T14:05:00,140.138
2026-09-19T14:10:00,119.578
2026-09-19T14:15:00,171.522
2026-09-19T14:20:00,138.993
2026-09-19T14:25:00,123.741
2026-09-19T14:30:00,248.742
2026-09-19T14:35:00,146.695
2026-09-19T14:40:00,222.728
2026-09-19T14:45:00,232.545
2026-09-19T14:50:00,241.923
2026-09-19T14:55:00,211.748
2026-09-19T15:00:00,164.581
2026-09-19T15:05:00,133.972
2026-09-19T15:10:00,140.313
2026-09-19T15:15:00,142.948
2026-09-19T15:20:00,121.391
2026-09-19T15:25:00,164.753
2026-09-19T15:30:00,139.67
2026-09-19T15:35:00,121.264
2026-09-19T15:40:00,134.808
2026-09-19T15:45:00,128.002
2026-09-19T15:50:00,85.433
2026-09-19T15:55:00,182.783
2026-09-19T16:00:00,74.857
2026-09-19T16:05:00,188.943
2026-09-19T16:10:00,213.056
2026-09-19T16:15:00,239.404
2026-09-19T16:20:00,245.709
2026-09-19T16:25:00,144.961
2026-09-19T16:30:00,128.681
2026-09-19T16:35:00,147.507
2026-09-19T16:40:00,135.228
2026-09-19T16:45:00,254.538
2026-09-19T16:50:00,145.464
2026-09-19T16:55:00,126.445
2026-09-19T17:00:00,149.668
2026-09-19T17:05:00,148.188
2026-09-19T17:10:00,253.76
2026-09-19T17:15:00,216.274
2026-09-19T17:20:00,189.21
2026-09-19T17:25:00,199.51
2026-09-19T17:30:00,216.684
2026-09-19T17:35:00,132.183
2026-09-19T17:40:00,175.98
2026-09-19T17:45:00,127.358
2026-09-19T17:50:00,137.748
2026-09-19T17:51:26,137.337
2026-09-19T17:59:22,146.458
2026-09-19T18:04:22,143.197
2026-09-19T18:09:22,227.814
2026-09-19T18:14:22,235.82
2026-09-19T18:19:22,184.37
2026-09-19T18:24:22,211.73
2026-09-19T18:29:22,138.814
2026-09-19T18:34:22,128.79
2026-09-19T18:39:22,146.573
2026-09-19T18:44:22,151.479
2026-09-19T18:49:22,158.787
2026-09-19T18:54:22,148.449
2026-09-19T18:59:22,236.154
2026-09-19T19:04:22,232.637
2026-09-19T19:09:22,130.993
2026-09-19T19:14:22,156.868
2026-09-19T19:19:23,144.697
2026-09-19T19:24:23,144.389
2026-09-19T19:29:23,135.835
2026-09-19T19:34:23,154.809
2026-09-19T19:39:23,172.887
2026-09-19T19:40:43,170.266
2026-09-19T19:45:43,146.173
2026-09-19T19:50:43,128.817
2026-09-19T19:55:43,147.635
2026-09-19T20:00:43,118.091
2026-09-19T20:05:43,294.147
2026-09-19T20:10:43,183.612
2026-09-19T20:15:43,164.403
2026-09-19T20:20:43,177.742
2026-09-19T20:25:43,158.508
2026-09-19T20:30:43,193.119
2026-09-19T20:35:43,143.469
2026-09-19T20:40:43,124.614
2026-09-19T20:45:43,175.579
2026-09-19T20:50:43,147.914
2026-09-19T20:55:43,145.377
2026-09-19T21:00:43,204.1
2026-09-19T21:05:43,156.552
2026-09-19T21:10:43,132.893
2026-09-19T21:15:43,120.602
2026-09-19T21:20:43,143.366
2026-09-19T21:25:43,186.708
2026-09-19T21:30:43,132.859
2026-09-19T21:35:43,151.461
2026-09-19T21:40:43,127.517
2026-09-19T21:45:43,163.569
2026-09-19T21:50:43,167.229
2026-09-19T21:55:43,131.87
2026-09-19T22:00:43,151.679
2026-09-19T22:05:43,147.526
2026-09-19T22:10:43,224.063
2026-09-19T22:15:43,205.052
2026-09-19T22:20:43,223.663
2026-09-19T22:25:43,247.511
2026-09-19T22:30:43,217.858
2026-09-19T22:35:43,234.054
2026-09-19T22:40:43,249.896
2026-09-19T22:45:43,224.031
2026-09-19T22:50:43,217.964
2026-09-19T22:55:43,233.667
2026-09-19T23:00:43,238.689
2026-09-19T23:05:43,177.24
2026-09-19T23:10:43,271.02
2026-09-19T23:15:43,189.507
2026-09-19T23:20:43,140.361
2026-09-19T23:25:43,136.016
2026-09-19T23:30:43,124.728
2026-09-19T23:35:43,140.048
2026-09-19T23:40:43,126.623
2026-09-19T23:45:43,177.04
2026-09-19T23:50:43,147.509
2026-09-19T23:55:43,132.289
2026-09-20T00:00:43,163.907
2026-09-20T00:10:01,123.028
2026-09-20T00:15:01,135.116
2026-09-20T00:20:01,123.409
2026-09-20T00:25:01,130.724
2026-09-20T00:30:01,128.779
2026-09-20T00:35:01,111.083
2026-09-20T00:40:01,125.387
2026-09-20T00:45:01,117.5
2026-09-20T00:50:01,97.835
2026-09-20T00:55:01,149.389
2026-09-20T01:00:01,38.474
2026-09-20T01:05:01,45.961
2026-09-20T01:10:01,51.291
2026-09-20T01:15:01,32.941
2026-09-20T01:20:01,34.368
2026-09-20T01:25:01,17.546
2026-09-20T01:30:01,24.85
2026-09-20T01:35:01,15.743
2026-09-20T01:40:01,41.732
2026-09-20T01:45:01,33.776
2026-09-20T01:50:01,24.175
2026-09-20T01:55:01,71.109
2026-09-20T02:00:01,34.321
2026-09-20T02:05:01,51.934
2026-09-20T02:10:01,32.801
2026-09-20T02:15:01,49.953
2026-09-20T02:20:01,115.079
2026-09-20T02:25:01,164.453
2026-09-20T02:30:01,89.402
2026-09-20T02:35:01,136.799
2026-09-20T02:40:01,139.381
2026-09-20T02:45:01,137.67
2026-09-20T02:50:01,36.579
2026-09-20T02:55:01,64.936
2026-09-20T03:00:01,63.87
2026-09-20T03:05:01,51.726
2026-09-20T03:10:01,43.176
2026-09-20T03:15:01,48.354
2026-09-20T03:20:01,37.334
2026-09-20T03:25:01,41.105
2026-09-20T03:30:01,32.637
2026-09-20T03:35:01,139.414
2026-09-20T03:40:01,40.54
2026-09-20T03:45:01,50.077
2026-09-20T03:50:01,31.882
2026-09-20T03:55:01,44.128
2026-09-20T04:00:01,38.707
2026-09-20T04:05:01,54.699
2026-09-20T04:10:01,46.378
2026-09-20T04:15:01,56.553
2026-09-20T04:20:01,44.754
2026-09-20T04:25:01,59.138
2026-09-20T04:30:01,136.078
2026-09-20T04:35:01,116.905
2026-09-20T04:40:01,151.701
2026-09-20T04:45:01,141.182
2026-09-20T04:50:01,208.639
2026-09-20T04:55:01,134.141
2026-09-20T05:00:01,199.275
2026-09-20T05:05:01,260.433
2026-09-20T05:10:01,212.107
2026-09-20T05:15:01,220.713
2026-09-20T05:20:01,191.322
2026-09-20T05:25:01,183.024
2026-09-20T05:30:01,228.557
2026-09-20T05:35:01,237.722
2026-09-20T05:40:01,130.205
2026-09-20T05:45:01,147.772
2026-09-20T05:50:01,159.26
2026-09-20T05:55:01,131.071
2026-09-20T06:00:01,225.163
2026-09-20T06:05:01,223.798
2026-09-20T06:10:01,238.045
2026-09-20T06:15:01,190.602
2026-09-20T06:20:01,210.722
2026-09-20T06:25:01,114.345
2026-09-20T06:30:01,234.578
2026-09-20T06:35:01,120.406
2026-09-20T06:40:01,120.169
2026-09-20T06:45:01,137.642
2026-09-20T06:50:01,128.685
2026-09-20T06:55:01,148.963
2026-09-20T07:00:01,139.104
2026-09-20T07:05:01,247.985
2026-09-20T07:10:01,208.8
2026-09-20T07:15:01,237.558
2026-09-20T07:20:01,194.642
2026-09-20T07:25:01,148.358
2026-09-20T07:30:01,163.497
2026-09-20T07:35:01,130.324
2026-09-20T07:40:01,149.63
2026-09-20T07:45:01,147.774
2026-09-20T07:50:01,132.418
2026-09-20T07:55:01,148.015
2026-09-20T08:00:01,143.651
2026-09-20T08:05:01,200.988
2026-09-20T08:10:01,245.564
2026-09-20T08:15:01,147.356
2026-09-20T08:20:01,147.627
2026-09-20T08:25:01,148.703
2026-09-20T08:30:01,132.869
2026-09-20T08:35:01,175.491
2026-09-20T08:40:01,129.0
2026-09-20T08:45:01,148.79
2026-09-20T08:50:01,147.919
2026-09-20T08:55:01,141.374
2026-09-20T09:00:01,179.347
2026-09-20T09:05:01,147.613
2026-09-20T09:10:01,195.131
2026-09-20T09:15:01,195.151
2026-09-20T09:20:01,164.248
2026-09-20T09:25:01,138.271
2026-09-20T09:30:01,119.818
2026-09-20T09:35:01,128.471
2026-09-20T09:40:01,177.44
2026-09-20T09:45:01,128.349
2026-09-20T09:50:01,125.809
2026-09-20T09:55:01,149.88
2026-09-20T10:00:01,121.024
2026-09-20T10:05:01,229.559
2026-09-20T10:10:01,124.552
2026-09-20T10:15:01,140.64
2026-09-20T10:20:01,176.578
2026-09-20T10:25:01,136.25
2026-09-20T10:30:01,134.069
2026-09-20T10:35:01,161.499
2026-09-20T10:40:01,152.669
2026-09-20T10:45:01,133.635
2026-09-20T10:50:01,138.257
2026-09-20T10:55:01,119.569
2026-09-20T11:00:01,130.118
2026-09-20T11:05:01,144.247
2026-09-20T11:10:01,147.666
2026-09-20T11:15:01,249.662
2026-09-20T11:20:01,218.515
2026-09-20T11:25:01,241.327
2026-09-20T11:30:01,236.811
2026-09-20T11:35:01,187.74
2026-09-20T11:40:01,245.178
2026-09-20T11:45:01,233.128
2026-09-20T11:50:01,225.633
2026-09-20T11:55:01,250.716
2026-09-20T12:00:01,145.695
2026-09-20T12:05:01,145.453
2026-09-20T12:10:01,121.092
2026-09-20T12:15:01,146.951
2026-09-20T12:20:01,260.454
2026-09-20T12:25:01,145.767
2026-09-20T12:30:01,136.344
2026-09-20T12:35:01,144.892
2026-09-20T12:40:01,143.612
2026-09-20T12:45:01,193.601
2026-09-20T12:50:01,230.797
2026-09-20T12:55:01,223.87
2026-09-20T13:00:01,158.074
2026-09-20T13:05:01,143.196
2026-09-20T13:10:01,120.429
2026-09-20T13:15:01,142.822
2026-09-20T13:20:01,144.73
2026-09-20T13:25:01,139.325
2026-09-20T13:30:01,167.133
2026-09-20T13:35:01,126.924
2026-09-20T13:40:01,143.816
2026-09-20T13:45:01,217.498
2026-09-20T13:50:01,195.681
2026-09-20T13:55:01,219.687
2026-09-20T14:00:01,233.418
2026-09-20T14:05:01,221.634
2026-09-20T14:10:01,125.479
2026-09-20T14:15:01,142.993
2026-09-20T14:20:01,226.811
2026-09-20T14:25:01,159.911
2026-09-20T14:30:01,143.477
2026-09-20T14:35:01,119.468
2026-09-20T14:40:01,171.315
2026-09-20T14:45:01,209.945
2026-09-20T14:50:01,124.358
2026-09-20T14:55:01,210.487
2026-09-20T15:00:01,133.348
2026-09-20T15:05:01,126.196
2026-09-20T15:10:01,146.244
2026-09-20T15:15:01,117.912
2026-09-20T15:20:01,167.952
2026-09-20T15:25:01,116.887
2026-09-20T15:30:01,127.025
2026-09-20T15:35:01,134.209
2026-09-20T15:40:01,118.882
2026-09-20T15:45:01,128.2
2026-09-20T15:50:01,192.204
2026-09-20T15:55:01,198.854
2026-09-20T16:00:01,154.083
2026-09-20T16:05:01,120.023
2026-09-20T16:10:01,148.779
2026-09-20T16:15:01,111.527
2026-09-20T16:20:01,125.052
2026-09-20T16:25:01,136.883
2026-09-20T16:30:01,149.367
2026-09-20T16:35:01,118.37
2026-09-20T16:40:01,118.294
2026-09-20T16:45:01,116.748
2026-09-20T16:50:01,166.58
2026-09-20T16:55:01,157.076
2026-09-20T17:00:01,175.556
2026-09-20T17:05:01,131.258
2026-09-20T17:10:01,117.713
2026-09-20T17:15:01,117.975
2026-09-20T17:20:01,118.111
2026-09-20T17:25:01,133.529
2026-09-20T17:30:01,118.695
2026-09-20T17:35:01,145.004
2026-09-20T17:40:01,118.253
2026-09-20T17:45:01,114.835
2026-09-20T17:50:01,130.548
2026-09-20T17:55:01,148.407
2026-09-20T18:00:01,138.931
2026-09-20T18:05:01,117.699
2026-09-20T18:10:01,117.253
2026-09-20T18:15:01,142.945
2026-09-20T18:20:01,118.134
2026-09-20T18:25:01,138.977
2026-09-20T18:30:01,154.946
2026-09-20T18:35:01,131.347
2026-09-20T18:40:01,120.361
2026-09-20T18:45:01,123.54
2026-09-20T18:50:01,145.155
2026-09-20T18:55:01,119.619
2026-09-20T19:00:01,125.34
2026-09-20T19:05:01,135.266
2026-09-20T19:10:01,118.65
2026-09-20T19:15:01,141.326
2026-09-20T19:20:01,109.627
2026-09-20T19:25:01,154.271
2026-09-20T19:30:01,112.095
2026-09-20T19:35:01,122.029
2026-09-20T19:40:01,119.493
2026-09-20T19:45:01,144.596
2026-09-20T19:50:01,138.356
2026-09-20T19:55:01,114.353
2026-09-20T20:00:01,115.774
2026-09-20T20:05:01,155.306
2026-09-20T20:10:01,117.565
2026-09-20T20:15:01,124.234
2026-09-20T20:20:01,107.85
2026-09-20T20:25:01,168.099
2026-09-20T20:30:01,103.553
2026-09-20T20:35:01,118.691
2026-09-20T20:40:01,129.523
2026-09-20T20:45:01,111.122
2026-09-20T20:50:01,132.566
2026-09-20T20:55:01,102.581
2026-09-20T21:00:01,125.172
2026-09-20T21:05:01,113.572
2026-09-20T21:10:01,105.272
2026-09-20T21:15:01,101.68
2026-09-20T21:17:09,98.456
2026-09-20T21:22:09,57.122
2026-09-20T21:27:09,14.256
2026-09-20T21:32:09,41.617
2026-09-20T21:37:09,46.163
2026-09-20T21:42:09,23.359
2026-09-20T21:47:09,49.5
2026-09-20T21:52:09,32.705
2026-09-20T21:57:09,49.977
2026-09-20T22:02:09,28.947
2026-09-20T22:07:09,35.974
2026-09-20T22:12:09,18.78
2026-09-20T22:17:09,46.544
2026-09-20T22:22:33,83.307
2026-09-20T22:27:33,95.898
2026-09-20T22:32:33,52.275
2026-09-20T22:37:33,41.208
2026-09-20T22:42:33,30.9
2026-09-20T22:47:33,44.587
2026-09-20T22:48:21,28.417
2026-09-20T22:53:21,19.006
2026-09-20T22:58:21,27.336
2026-09-20T23:03:21,18.424
2026-09-20T23:08:21,27.063
2026-09-20T23:13:21,17.822
2026-09-20T23:18:21,17.393
2026-09-20T23:23:21,19.482
2026-09-20T23:28:21,18.991
2026-09-20T23:33:21,34.412
2026-09-20T23:38:21,65.51
2026-09-20T23:43:21,43.9
2026-09-20T23:48:21,18.667
2026-09-20T23:53:21,17.402
2026-09-20T23:53:57,16.596
2026-09-20T23:58:57,16.829
2026-09-21T00:03:57,17.198
2026-09-21T00:08:57,8.618
2026-09-21T00:13:57,8.366
2026-09-21T00:18:57,7.471
2026-09-21T00:23:57,8.712
2026-09-21T00:30:01,8.056
2026-09-21T00:35:01,8.919
2026-09-21T00:40:01,7.732
2026-09-21T00:45:01,16.904
2026-09-21T00:50:01,17.387
2026-09-21T00:55:01,8.707
2026-09-21T01:00:01,5.978
2026-09-21T01:05:01,8.226
2026-09-21T01:10:01,6.265
2026-09-21T01:15:01,6.834
2026-09-21T01:20:01,7.709
2026-09-21T01:25:01,6.429
2026-09-21T01:30:01,5.655
2026-09-21T01:35:01,6.484
2026-09-21T01:40:01,5.799
2026-09-21T01:45:01,7.674
2026-09-21T01:50:01,7.212
2026-09-21T01:55:01,5.931
2026-09-21T02:00:01,7.062
2026-09-21T02:05:01,8.823
2026-09-21T02:10:01,8.343
2026-09-21T02:15:01,41.089
2026-09-21T02:20:01,16.778
2026-09-21T02:25:01,16.523
2026-09-21T02:30:01,8.159
2026-09-21T02:35:01,8.501
2026-09-21T02:40:01,7.156
2026-09-21T02:45:01,40.921
2026-09-21T02:50:01,16.84
2026-09-21T02:55:01,16.072
2026-09-21T03:00:01,6.856
2026-09-21T03:02:41,8.835
2026-09-21T03:07:41,8.692
2026-09-21T03:12:41,7.895
2026-09-21T03:17:41,39.651
2026-09-21T03:22:41,17.167
2026-09-21T03:27:41,16.855
2026-09-21T03:28:19,16.225
2026-09-21T03:33:19,7.426
2026-09-21T03:38:19,8.753
2026-09-21T03:43:19,7.499
2026-09-21T03:48:19,7.126
2026-09-21T03:49:21,7.331
2026-09-21T03:50:03,6.691
2026-09-21T03:55:03,17.946
2026-09-21T04:05:01,8.31
2026-09-21T04:10:01,8.133
2026-09-21T04:15:01,7.502
2026-09-21T04:20:01,17.406
2026-09-21T04:25:01,17.513
2026-09-21T04:30:01,16.856
2026-09-21T04:35:01,7.704
2026-09-21T04:40:01,8.415
2026-09-21T04:45:01,16.137
2026-09-21T04:50:01,16.361
2026-09-21T04:55:01,8.966
2026-09-21T05:00:01,8.658
2026-09-21T05:05:01,7.515
2026-09-21T05:10:01,9.33
2026-09-21T05:15:01,6.807
2026-09-21T05:20:01,7.578
2026-09-21T05:25:01,7.961
2026-09-21T05:30:01,7.723
2026-09-21T05:35:01,7.622
2026-09-21T05:40:01,8.497
2026-09-21T05:45:01,7.614
2026-09-21T05:50:01,8.541
2026-09-21T05:55:01,18.356
2026-09-21T06:00:01,16.416
2026-09-21T06:05:01,7.146
2026-09-21T06:10:01,9.903
2026-09-21T06:15:01,7.13
2026-09-21T06:20:01,8.067
2026-09-21T06:25:01,7.861
2026-09-21T06:30:01,8.005
2026-09-21T06:35:01,7.937
2026-09-21T06:40:01,9.279
2026-09-21T06:45:01,7.769
2026-09-21T06:50:01,9.39
2026-09-21T06:55:01,7.454
2026-09-21T07:00:01,8.157
2026-09-21T07:05:01,6.947
2026-09-21T07:10:01,7.803
2026-09-21T07:15:01,8.326
2026-09-21T07:20:01,7.967
2026-09-21T07:25:01,8.234
2026-09-21T07:30:01,10.401
2026-09-21T07:35:01,15.783
2026-09-21T07:40:01,16.442
2026-09-21T07:45:01,7.652
2026-09-21T07:50:01,7.438
2026-09-21T07:55:01,7.383
2026-09-21T08:00:01,7.884
2026-09-21T08:05:01,8.224
2026-09-21T08:10:01,7.294
2026-09-21T08:15:01,7.567
2026-09-21T08:20:01,9.491
2026-09-21T08:25:01,6.615
2026-09-21T08:30:01,8.294
2026-09-21T08:35:01,6.792
2026-09-21T08:40:01,7.59
2026-09-21T08:45:01,7.576
2026-09-21T08:50:01,8.808
2026-09-21T08:55:01,8.462
2026-09-21T09:00:01,8.965
2026-09-21T09:05:01,11.484
2026-09-21T09:10:01,11.535
2026-09-21T09:15:01,9.813
2026-09-21T09:20:01,9.882
2026-09-21T09:25:01,18.791
2026-09-21T09:30:01,18.788
2026-09-21T09:35:01,10.007
2026-09-21T09:40:01,9.521
2026-09-21T09:45:01,10.203
2026-09-21T09:50:01,11.53
2026-09-21T09:55:01,9.404
2026-09-21T10:00:01,9.746
2026-09-21T10:05:01,10.3
2026-09-21T10:10:01,5.729
2026-09-21T10:15:01,7.221
2026-09-21T10:20:01,6.562
2026-09-21T10:25:01,7.573
2026-09-21T10:30:01,6.758
2026-09-21T10:35:01,10.725
2026-09-21T10:40:01,7.211
2026-09-21T10:45:01,7.915
2026-09-21T10:50:01,5.16
2026-09-21T10:55:01,17.367
2026-09-21T11:00:01,15.91
2026-09-21T11:05:01,5.646
2026-09-21T11:10:01,7.221
2026-09-21T11:15:01,8.992
2026-09-21T11:20:01,5.855
2026-09-21T11:25:01,8.481
2026-09-21T11:30:01,8.97
2026-09-21T11:35:01,8.36
2026-09-21T11:40:01,8.687
2026-09-21T11:45:01,7.05
2026-09-21T11:50:01,10.79
2026-09-21T11:55:01,6.209
2026-09-21T12:00:01,6.753
2026-09-21T12:05:01,6.153
2026-09-21T12:10:01,16.45
2026-09-21T12:15:01,14.833
2026-09-21T12:20:01,14.266
2026-09-21T12:25:01,12.665
2026-09-21T12:30:01,26.787
2026-09-21T12:35:01,84.6
2026-09-21T12:40:01,58.805
2026-09-21T12:45:01,5.41
2026-09-21T12:50:01,13.656
2026-09-21T12:55:01,35.494
2026-09-21T13:00:01,39.961
2026-09-21T13:05:01,63.138
2026-09-21T13:10:01,33.725
2026-09-21T13:15:01,28.784
2026-09-21T13:20:01,31.803
2026-09-21T13:25:01,33.707
2026-09-21T13:30:01,54.639
2026-09-21T13:35:01,24.542
2026-09-21T13:40:01,27.856
2026-09-21T13:45:01,23.786
2026-09-21T13:50:01,14.29
2026-09-21T13:55:01,13.883
2026-09-21T14:00:01,15.779
2026-09-21T14:05:01,6.952
2026-09-21T14:10:01,16.368
2026-09-21T14:15:01,80.408
2026-09-21T14:20:01,7.183
2026-09-21T14:25:01,14.516
2026-09-21T14:30:01,17.077
2026-09-21T14:35:01,43.284
2026-09-21T14:40:01,118.445
2026-09-21T14:45:01,110.206
2026-09-21T14:50:01,148.661
2026-09-21T14:55:01,117.641
2026-09-21T15:00:01,110.491
2026-09-21T15:05:01,114.702
2026-09-21T15:10:01,111.014
2026-09-21T15:15:01,153.926
2026-09-21T15:20:01,118.481
2026-09-21T15:25:01,65.575
2026-09-21T15:30:01,103.532
2026-09-21T15:35:01,184.883
2026-09-21T15:40:01,163.31
2026-09-21T15:45:01,177.974
2026-09-21T15:50:01,101.979
2026-09-21T15:55:01,87.428
2026-09-21T16:00:01,149.036
2026-09-21T16:05:01,94.884
2026-09-21T16:10:01,107.82
2026-09-21T16:15:01,107.555
2026-09-21T16:20:01,112.21
2026-09-21T16:25:01,162.428
2026-09-21T16:30:01,264.931
2026-09-21T16:35:01,258.315
2026-09-21T16:40:01,129.024
2026-09-21T16:45:01,136.859
2026-09-21T16:50:01,115.448
2026-09-21T16:55:01,120.548
2026-09-21T17:00:01,50.835
2026-09-21T17:05:01,54.196
2026-09-21T17:10:01,96.164
2026-09-21T17:15:01,56.032
2026-09-21T17:20:01,179.005
2026-09-21T17:25:01,133.614
2026-09-21T17:30:01,164.255
2026-09-21T17:35:01,97.527
2026-09-21T17:40:01,79.505
2026-09-21T17:45:01,81.373
2026-09-21T17:50:01,41.621
2026-09-21T17:55:01,77.72
2026-09-21T18:00:01,101.282
2026-09-21T18:05:01,114.412
2026-09-21T18:10:01,112.62
2026-09-21T18:15:01,158.566
2026-09-21T18:20:01,151.812
2026-09-21T18:25:01,61.271
2026-09-21T18:30:01,58.335
2026-09-21T18:35:01,89.53
2026-09-21T18:40:01,61.198
2026-09-21T18:45:01,70.702
2026-09-21T18:50:01,54.757
2026-09-21T18:55:01,78.549
2026-09-21T19:00:01,42.009
2026-09-21T19:05:01,70.872
2026-09-21T19:10:01,41.977
2026-09-21T19:15:01,69.301
2026-09-21T19:20:01,50.464
2026-09-21T19:25:01,68.126
2026-09-21T19:30:01,49.714
2026-09-21T19:35:01,74.468
2026-09-21T19:40:01,58.532
2026-09-21T19:45:01,41.702
2026-09-21T19:50:01,41.464
2026-09-21T19:55:01,33.698
2026-09-21T20:00:01,72.812
2026-09-21T20:05:01,43.633
2026-09-21T20:10:01,50.242
2026-09-21T20:15:01,33.567
2026-09-21T20:20:01,42.13
2026-09-21T20:25:01,32.381
2026-09-21T20:30:01,56.454
2026-09-21T20:35:01,43.878
2026-09-21T20:40:01,57.905
2026-09-21T20:45:01,33.709
2026-09-21T20:50:01,58.922
2026-09-21T20:55:01,72.533
2026-09-21T21:00:01,69.181
2026-09-21T21:05:01,50.525
2026-09-21T21:10:01,56.988
2026-09-21T21:15:01,42.102
2026-09-21T21:20:01,31.04
2026-09-21T21:25:01,50.671
2026-09-21T21:30:01,40.202
2026-09-21T21:35:01,49.907
2026-09-21T21:40:01,32.689
2026-09-21T21:45:01,41.344
2026-09-21T21:50:01,31.481
2026-09-21T21:55:01,72.694
2026-09-21T22:00:01,43.313
2026-09-21T22:05:01,54.518
2026-09-21T22:10:01,33.765
2026-09-21T22:15:01,44.245
2026-09-21T22:20:01,33.781
2026-09-21T22:25:01,59.505
2026-09-21T22:30:01,42.598
2026-09-21T22:35:01,68.33
2026-09-21T22:40:01,42.725
2026-09-21T22:45:01,59.12
2026-09-21T22:50:01,41.239
2026-09-21T22:55:01,59.52
2026-09-21T23:00:01,82.188
2026-09-21T23:05:01,70.032
2026-09-21T23:10:01,51.626
2026-09-21T23:15:01,32.979
2026-09-21T23:20:01,41.096
2026-09-21T23:25:01,34.072
2026-09-21T23:30:01,72.887
2026-09-21T23:35:01,42.249
2026-09-21T23:40:01,51.985
2026-09-21T23:45:01,32.22
2026-09-21T23:50:01,41.285
2026-09-21T23:55:01,35.43
2026-09-22T00:00:01,41.38
2026-09-22T00:05:01,64.342
2026-09-22T00:10:01,52.245
2026-09-22T00:15:01,42.974
2026-09-22T00:20:01,42.371
2026-09-22T00:25:01,33.631
2026-09-22T00:30:01,41.981
2026-09-22T00:35:01,33.437
2026-09-22T00:40:01,42.255
2026-09-22T00:45:01,32.97
2026-09-22T00:50:01,61.426
2026-09-22T00:55:01,44.228
2026-09-22T01:00:01,44.444
2026-09-22T01:05:01,28.06
2026-09-22T01:10:01,38.467
2026-09-22T01:15:01,20.141
2026-09-22T01:20:01,37.886
2026-09-22T01:25:01,20.491
2026-09-22T01:30:01,22.787
2026-09-22T01:35:01,62.015
2026-09-22T01:40:01,33.861
2026-09-22T01:45:01,39.981
2026-09-22T01:50:01,22.385
2026-09-22T01:55:01,71.276
2026-09-22T02:00:01,22.527
2026-09-22T02:05:01,40.874
2026-09-22T02:10:01,23.213
2026-09-22T02:15:01,72.185
2026-09-22T02:20:01,32.312
2026-09-22T02:25:01,35.927
2026-09-22T02:30:01,40.766
2026-09-22T02:35:01,67.425
2026-09-22T02:40:01,42.335
2026-09-22T02:45:01,66.81
2026-09-22T02:50:01,49.536
2026-09-22T02:55:01,75.256
2026-09-22T03:00:01,42.91
2026-09-22T03:05:01,66.757
2026-09-22T03:10:01,49.246
2026-09-22T03:15:01,98.62
2026-09-22T03:20:01,58.919
2026-09-22T03:25:01,75.034
2026-09-22T03:30:01,50.065
2026-09-22T03:35:01,67.161
2026-09-22T03:40:01,91.785
2026-09-22T03:45:01,80.151
2026-09-22T03:50:01,59.72
2026-09-22T03:55:01,43.072
2026-09-22T04:00:01,52.638
2026-09-22T04:05:01,81.012
2026-09-22T04:10:01,124.727
2026-09-22T04:15:01,153.192
2026-09-22T04:20:01,159.816
2026-09-22T04:25:01,129.993
2026-09-22T04:30:01,145.879
2026-09-22T04:35:01,125.658
2026-09-22T04:40:01,136.391
2026-09-22T04:45:01,176.679
2026-09-22T04:50:01,73.518
2026-09-22T04:55:01,57.809
2026-09-22T05:00:01,54.442
2026-09-22T05:05:01,89.078
2026-09-22T05:10:01,142.035
2026-09-22T05:15:01,135.872
2026-09-22T05:20:01,145.942
2026-09-22T05:25:01,98.924
2026-09-22T05:30:01,45.525
2026-09-22T05:35:01,57.705
2026-09-22T05:40:01,62.679
2026-09-22T05:45:01,54.707
2026-09-22T05:50:01,77.651
2026-09-22T05:55:01,51.974
2026-09-22T06:00:01,92.607
2026-09-22T06:05:01,85.634
2026-09-22T06:10:01,58.728
2026-09-22T06:15:01,149.29
2026-09-22T06:20:01,117.851
2026-09-22T06:25:01,138.382
2026-09-22T06:30:01,58.076
2026-09-22T06:35:01,41.887
2026-09-22T06:40:01,35.152
2026-09-22T06:45:01,25.901
2026-09-22T06:50:01,32.527
2026-09-22T06:55:01,25.77
2026-09-22T07:00:01,32.801
2026-09-22T07:05:01,25.565
2026-09-22T07:10:01,32.761
2026-09-22T07:15:01,14.735
2026-09-22T07:20:01,23.508
2026-09-22T07:25:01,15.821
2026-09-22T07:30:01,23.093
2026-09-22T07:35:01,23.668
2026-09-22T07:40:01,32.545
2026-09-22T07:45:01,23.799
2026-09-22T07:50:01,24.109
2026-09-22T07:55:01,16.63
2026-09-22T08:00:01,23.315
2026-09-22T08:05:01,14.938
2026-09-22T08:10:01,23.477
2026-09-22T08:15:01,23.527
2026-09-22T08:20:01,32.615
2026-09-22T08:25:01,23.513
2026-09-22T08:30:01,23.666
2026-09-22T08:35:01,14.547
2026-09-22T08:40:01,23.166
2026-09-22T08:45:01,14.564
2026-09-22T08:50:01,24.462
2026-09-22T08:55:01,53.671
2026-09-22T09:00:01,37.291
2026-09-22T09:05:01,27.633
2026-09-22T09:10:01,30.985
2026-09-22T09:15:01,20.731
2026-09-22T09:20:01,30.129
2026-09-22T09:25:01,15.92
2026-09-22T09:30:01,23.679
2026-09-22T09:35:01,14.602
2026-09-22T09:40:01,22.749
2026-09-22T09:45:01,24.31
2026-09-22T09:50:01,33.293
2026-09-22T09:55:01,38.95
2026-09-22T10:00:01,16.676
2026-09-22T10:05:01,54.665
2026-09-22T10:10:01,25.581
2026-09-22T10:15:01,39.411
2026-09-22T10:20:01,142.244
2026-09-22T10:25:01,124.748
2026-09-22T10:30:01,179.944
2026-09-22T10:35:01,119.278
2026-09-22T10:40:01,139.1
2026-09-22T10:45:01,137.702
2026-09-22T10:50:01,139.87
2026-09-22T10:55:01,144.254
2026-09-22T11:00:01,107.296
2026-09-22T11:05:01,264.995
2026-09-22T11:10:01,180.081
2026-09-22T11:15:01,169.471
2026-09-22T11:20:01,136.479
2026-09-22T11:25:01,119.081
2026-09-22T11:30:01,134.607
2026-09-22T11:35:01,143.336
2026-09-22T11:40:01,149.322
2026-09-22T11:45:01,213.275
2026-09-22T11:50:01,256.948
2026-09-22T11:55:01,181.609
2026-09-22T12:00:01,169.449
2026-09-22T12:05:01,215.501
2026-09-22T12:10:01,190.023
2026-09-22T12:15:01,200.566
2026-09-22T12:20:01,154.657
2026-09-22T12:25:01,127.805
2026-09-22T12:30:01,130.784
2026-09-22T12:35:01,115.207
2026-09-22T12:40:01,162.514
2026-09-22T12:45:01,145.402
2026-09-22T12:50:01,128.798
2026-09-22T12:55:01,124.84
2026-09-22T13:00:01,177.93
2026-09-22T13:05:01,216.156
2026-09-22T13:10:01,198.119
2026-09-22T13:15:01,169.776
2026-09-22T13:20:01,148.744
2026-09-22T13:25:01,128.582
2026-09-22T13:30:01,127.16
2026-09-22T13:35:01,136.289
2026-09-22T13:38:57,127.723
2026-09-22T13:43:57,126.545
2026-09-22T13:48:57,118.275
2026-09-22T13:53:57,117.676
2026-09-22T13:58:57,161.815
2026-09-22T14:00:15,145.124
2026-09-22T14:05:15,221.909
2026-09-22T14:10:15,190.188
2026-09-22T14:15:15,223.314
2026-09-22T14:20:15,217.702
2026-09-22T14:25:15,224.539
2026-09-22T14:30:15,117.97
2026-09-22T14:35:15,158.63
2026-09-22T14:40:15,156.154
2026-09-22T14:45:15,137.528
2026-09-22T14:50:15,137.263
2026-09-22T14:52:29,119.791
2026-09-22T14:57:29,146.387
2026-09-22T15:02:29,224.168
2026-09-22T15:07:29,180.222
2026-09-22T15:12:29,232.405
2026-09-22T15:17:29,126.575
2026-09-22T15:18:59,144.664
2026-09-22T15:25:01,134.781
2026-09-22T15:30:01,169.827
2026-09-22T15:35:01,117.846
2026-09-22T15:40:01,123.672
2026-09-22T15:45:01,132.937
2026-09-22T15:50:01,156.016
2026-09-22T15:55:01,244.049
2026-09-22T16:00:01,176.187
2026-09-22T16:05:01,222.376
2026-09-22T16:10:01,223.403
2026-09-22T16:15:01,192.943
2026-09-22T16:20:01,234.43
2026-09-22T16:25:01,127.365
2026-09-22T16:30:01,143.606
2026-09-22T16:35:01,116.193
2026-09-22T16:40:01,123.992
2026-09-22T16:45:01,130.245
2026-09-22T16:50:01,122.988
2026-09-22T16:55:01,142.391
2026-09-22T17:00:01,116.181
2026-09-22T17:05:01,122.246
2026-09-22T17:10:01,225.77
2026-09-22T17:15:01,176.037
2026-09-22T17:20:01,198.124
2026-09-22T17:25:01,238.22
2026-09-22T17:30:01,214.033
2026-09-22T17:35:01,122.289
2026-09-22T17:40:01,132.971
2026-09-22T17:45:01,137.419
2026-09-22T17:50:01,217.9
2026-09-22T17:55:01,227.16
2026-09-22T18:00:01,240.249
2026-09-22T18:05:01,156.591
2026-09-22T18:10:01,151.394
2026-09-22T18:15:01,152.479
2026-09-22T18:20:01,134.7
2026-09-22T18:25:01,142.186
2026-09-22T18:30:01,145.222
2026-09-22T18:35:01,141.856
2026-09-22T18:40:01,133.279
2026-09-22T18:45:01,141.899
2026-09-22T18:50:01,130.176
2026-09-22T18:55:01,215.971
2026-09-22T19:00:01,206.927
2026-09-22T19:05:01,231.63
2026-09-22T19:10:01,207.46
2026-09-22T19:15:01,175.885
2026-09-22T19:20:01,143.317
2026-09-22T19:25:01,142.294
2026-09-22T19:30:01,124.239
2026-09-22T19:35:01,136.542
2026-09-22T19:40:01,53.972
2026-09-22T19:45:01,130.45
2026-09-22T19:50:01,141.317
2026-09-22T19:55:01,181.139
2026-09-22T20:00:01,192.072
2026-09-22T20:05:01,84.531
2026-09-22T20:06:39,100.112
2026-09-22T20:11:39,64.898
2026-09-22T20:16:39,41.951
2026-09-22T20:21:39,41.219
2026-09-22T20:26:39,64.106
2026-09-22T20:31:39,49.766
2026-09-22T20:36:39,32.771
2026-09-22T20:41:39,57.971
2026-09-22T20:46:39,33.701
2026-09-22T20:51:39,58.878
2026-09-22T20:56:39,39.894
2026-09-22T21:01:39,67.294
2026-09-22T21:06:39,40.373
2026-09-22T21:11:39,55.793
2026-09-22T21:20:01,43.628
2026-09-22T21:25:01,51.624
2026-09-22T21:30:01,35.085
2026-09-22T21:35:01,62.992
2026-09-22T21:40:01,48.012
2026-09-22T21:45:01,47.685
2026-09-22T21:50:01,74.466
2026-09-22T21:55:01,61.472
2026-09-22T22:00:01,50.514
2026-09-22T22:05:01,54.976
2026-09-22T22:10:01,82.811
2026-09-22T22:15:01,58.323
2026-09-22T22:20:01,80.816
2026-09-22T22:25:01,71.877
2026-09-22T22:30:01,75.237
2026-09-22T22:35:01,76.512
2026-09-22T22:40:01,43.884
2026-09-22T22:45:01,61.081
2026-09-22T22:50:01,109.212
2026-09-22T22:55:01,45.986
2026-09-22T23:00:01,87.403
2026-09-22T23:05:01,51.946
2026-09-22T23:10:01,44.561
2026-09-22T23:15:01,43.248
2026-09-22T23:20:01,74.592
2026-09-22T23:25:01,53.909
2026-09-22T23:30:01,48.731
2026-09-22T23:35:01,68.786
2026-09-22T23:40:01,53.046
2026-09-22T23:45:01,75.928
2026-09-22T23:50:01,42.661
2026-09-22T23:55:01,90.536
2026-09-23T00:00:01,60.041
2026-09-23T00:05:01,64.044
2026-09-23T00:10:01,117.314
2026-09-23T00:15:01,135.085
2026-09-23T00:20:01,190.32
2026-09-23T00:25:01,116.846
2026-09-23T00:30:01,125.566
2026-09-23T00:35:01,152.18
2026-09-23T00:40:01,151.351
2026-09-23T00:45:01,207.634
2026-09-23T00:50:01,141.233
2026-09-23T00:55:01,124.469
2026-09-23T01:00:01,142.469
2026-09-23T01:05:01,157.898
2026-09-23T01:10:01,254.265
2026-09-23T01:15:01,214.007
2026-09-23T01:20:01,192.485
2026-09-23T01:25:01,248.623
2026-09-23T01:30:01,129.077
2026-09-23T01:35:01,146.644
2026-09-23T01:40:01,110.457
2026-09-23T01:45:01,150.182
2026-09-23T01:50:01,145.322
2026-09-23T01:55:01,129.614
2026-09-23T02:00:01,146.015
2026-09-23T02:05:01,185.456
2026-09-23T02:10:01,210.352
2026-09-23T02:15:01,130.025
2026-09-23T02:20:01,128.898
2026-09-23T02:25:01,151.058
2026-09-23T02:30:01,127.877
2026-09-23T02:35:01,147.592
2026-09-23T02:40:01,129.679
2026-09-23T02:45:01,143.42
2026-09-23T02:50:01,121.753
2026-09-23T02:55:01,235.54
2026-09-23T03:00:01,256.102
2026-09-23T03:05:01,235.425
2026-09-23T03:10:01,163.469
2026-09-23T03:15:01,122.307
2026-09-23T03:20:01,132.748
2026-09-23T03:25:01,151.702
2026-09-23T03:30:01,132.94
2026-09-23T03:35:01,157.282
2026-09-23T03:40:01,162.93
2026-09-23T03:45:01,131.095
2026-09-23T03:50:01,152.49
2026-09-23T03:55:01,129.794
2026-09-23T04:00:01,130.415
2026-09-23T04:05:01,261.016
2026-09-23T04:10:01,260.18
2026-09-23T04:15:01,267.006
2026-09-23T04:20:01,162.916
2026-09-23T04:25:01,162.9
2026-09-23T04:30:01,168.777
2026-09-23T04:35:01,143.137
2026-09-23T04:40:01,154.343
2026-09-23T04:45:01,163.425
2026-09-23T04:50:01,150.828
2026-09-23T04:55:01,163.747
2026-09-23T05:00:01,158.641
2026-09-23T05:05:01,241.443
2026-09-23T05:10:01,224.868
2026-09-23T05:15:01,236.445
2026-09-23T05:20:01,133.343
2026-09-23T05:25:01,134.074
2026-09-23T05:30:01,188.152
2026-09-23T05:35:01,133.829
2026-09-23T05:40:01,133.155
2026-09-23T05:45:01,121.067
2026-09-23T05:50:01,137.409
2026-09-23T05:55:01,159.964
2026-09-23T06:00:01,160.629
2026-09-23T06:05:01,218.411
2026-09-23T06:10:01,199.525
2026-09-23T06:15:01,197.516
2026-09-23T06:20:01,213.437
2026-09-23T06:25:01,161.52
2026-09-23T06:30:01,141.335
2026-09-23T06:35:01,134.017
2026-09-23T06:40:01,149.715
2026-09-23T06:45:01,155.065
2026-09-23T06:50:01,131.106
2026-09-23T06:55:01,122.876
2026-09-23T07:00:01,162.338
2026-09-23T07:05:01,209.329
2026-09-23T07:10:01,196.081
2026-09-23T07:15:01,213.257
2026-09-23T07:20:01,222.941
2026-09-23T07:25:01,141.845
2026-09-23T07:30:01,151.683
2026-09-23T07:35:01,122.846
2026-09-23T07:40:01,181.293
2026-09-23T07:45:01,132.612
2026-09-23T07:50:01,130.352
2026-09-23T07:55:01,142.058
2026-09-23T08:00:01,131.097
2026-09-23T08:05:01,196.604
2026-09-23T08:10:01,224.862
2026-09-23T08:15:01,183.8
2026-09-23T08:20:01,148.301
2026-09-23T08:25:01,121.607
2026-09-23T08:30:01,138.543
2026-09-23T08:35:01,141.186
2026-09-23T08:40:01,132.468
2026-09-23T08:45:01,152.29
2026-09-23T08:50:01,126.633
2026-09-23T08:55:01,124.082
2026-09-23T09:00:01,134.198
2026-09-23T09:05:01,140.61
2026-09-23T09:10:01,150.115
2026-09-23T09:15:01,120.516
2026-09-23T09:20:01,132.439
2026-09-23T09:25:01,149.149
2026-09-23T09:30:01,130.803
2026-09-23T09:35:01,194.972
2026-09-23T09:40:01,193.23
2026-09-23T09:45:01,167.798
2026-09-23T09:50:01,181.318
2026-09-23T09:55:01,112.484
2026-09-23T10:00:01,130.47
2026-09-23T10:05:01,149.492
2026-09-23T10:10:01,122.99
2026-09-23T10:15:01,167.193
2026-09-23T10:20:01,166.535
2026-09-23T10:25:01,129.245
2026-09-23T10:30:01,138.638
2026-09-23T10:35:01,171.613
2026-09-23T10:40:01,149.336
2026-09-23T10:45:01,154.133
2026-09-23T10:50:01,124.88
2026-09-23T10:55:01,153.221
2026-09-23T11:00:01,124.088
2026-09-23T11:05:01,129.55
2026-09-23T11:10:01,203.069
2026-09-23T11:15:01,208.302
2026-09-23T11:20:01,208.432
2026-09-23T11:25:01,194.236
2026-09-23T11:30:01,241.565
2026-09-23T11:35:01,250.885
2026-09-23T11:40:01,217.998
2026-09-23T11:45:01,138.959
2026-09-23T11:50:01,147.545
2026-09-23T11:55:01,150.257
2026-09-23T12:00:01,146.399
2026-09-23T12:05:01,172.48
2026-09-23T12:10:01,207.866
2026-09-23T12:15:01,216.236
2026-09-23T12:20:01,231.948
2026-09-23T12:25:01,247.66
2026-09-23T12:30:01,141.187
2026-09-23T12:35:01,134.219
2026-09-23T12:40:01,136.825
2026-09-23T12:45:01,148.713
2026-09-23T12:50:01,156.142
2026-09-23T12:55:01,244.016
2026-09-23T13:00:01,251.828
2026-09-23T13:05:01,223.959
2026-09-23T13:10:01,246.092
2026-09-23T13:15:01,160.973
2026-09-23T13:20:01,146.601
2026-09-23T13:25:01,129.189
2026-09-23T13:30:01,118.376
2026-09-23T13:35:01,157.362
2026-09-23T13:40:01,219.436
2026-09-23T13:45:01,220.375
2026-09-23T13:50:01,219.222
2026-09-23T13:55:01,231.561
2026-09-23T14:00:01,237.079
2026-09-23T14:05:01,230.649
2026-09-23T14:10:01,249.176
2026-09-23T14:15:01,181.414
2026-09-23T14:20:01,155.906
2026-09-23T14:25:01,156.596
2026-09-23T14:30:01,172.06
2026-09-23T14:35:01,151.787
2026-09-23T14:40:01,148.51
2026-09-23T14:45:01,260.385
2026-09-23T14:50:01,249.848
2026-09-23T14:55:01,260.216
2026-09-23T15:00:01,214.071
2026-09-23T15:05:01,211.094
2026-09-23T15:10:01,129.845
2026-09-23T15:15:01,157.095
2026-09-23T15:20:01,148.276
2026-09-23T15:25:01,138.871
2026-09-23T15:30:01,130.145
2026-09-23T15:35:01,150.414
2026-09-23T15:40:01,216.836
2026-09-23T15:45:01,227.472
2026-09-23T15:50:01,129.8
2026-09-23T15:55:01,147.234
2026-09-23T16:00:01,129.395
2026-09-23T16:05:01,149.325
2026-09-23T16:10:01,147.816
2026-09-23T16:15:01,146.865
2026-09-23T16:20:01,131.609
2026-09-23T16:25:01,133.398
2026-09-23T16:30:01,146.477
2026-09-23T16:35:01,128.761
2026-09-23T16:40:01,168.756
2026-09-23T16:45:01,149.855
2026-09-23T16:50:01,145.04
2026-09-23T16:55:01,157.845
2026-09-23T17:00:01,226.279
2026-09-23T17:05:01,220.42
2026-09-23T17:10:01,240.042
2026-09-23T17:15:01,205.417
2026-09-23T17:20:01,221.292
2026-09-23T17:25:01,247.815
2026-09-23T17:30:01,202.323
2026-09-23T17:35:01,241.193
2026-09-23T17:40:01,194.365
2026-09-23T17:45:01,205.286
2026-09-23T17:50:01,274.655
2026-09-23T17:55:01,218.071
2026-09-23T18:00:01,127.031
2026-09-23T18:05:01,144.031
2026-09-23T18:10:01,146.256
2026-09-23T18:15:01,127.941
2026-09-23T18:20:01,156.267
2026-09-23T18:25:01,145.018
2026-09-23T18:30:01,127.315
2026-09-23T18:35:01,134.803
2026-09-23T18:40:01,144.415
2026-09-23T18:45:01,143.312
2026-09-23T18:50:01,230.98
2026-09-23T18:55:01,214.171
2026-09-23T19:00:01,237.29
2026-09-23T19:05:01,187.752
2026-09-23T19:10:01,127.005
2026-09-23T19:15:01,168.64
2026-09-23T19:20:01,135.601
2026-09-23T19:25:01,126.169
2026-09-23T19:30:01,177.535
2026-09-23T19:35:01,144.118
2026-09-23T19:40:01,129.895
2026-09-23T19:45:01,229.195
2026-09-23T19:50:01,241.714
2026-09-23T19:55:01,207.619
2026-09-23T20:00:01,219.957
2026-09-23T20:05:01,146.462
2026-09-23T20:10:01,149.463
2026-09-23T20:15:01,178.045
2026-09-23T20:20:01,144.549
2026-09-23T20:25:01,128.71
2026-09-23T20:30:01,176.553
2026-09-23T20:35:01,146.875
2026-09-23T20:40:01,128.302
2026-09-23T20:45:01,146.791
2026-09-23T20:50:01,179.199
2026-09-23T20:55:01,196.578
2026-09-23T21:00:01,167.308
2026-09-23T21:05:01,126.416
2026-09-23T21:10:01,118.264
2026-09-23T21:15:01,124.851
2026-09-23T21:20:01,153.093
2026-09-23T21:25:01,151.857
2026-09-23T21:30:01,144.042
2026-09-23T21:35:01,119.04
2026-09-23T21:40:01,152.075
2026-09-23T21:45:01,157.843
2026-09-23T21:50:01,142.094
2026-09-23T21:55:01,178.856
2026-09-23T22:00:01,118.656
2026-09-23T22:05:01,176.842
2026-09-23T22:10:01,234.092
2026-09-23T22:15:01,137.187
2026-09-23T22:20:01,109.189
2026-09-23T22:25:01,141.103
2026-09-23T22:30:01,130.785
2026-09-23T22:35:01,136.768
2026-09-23T22:40:01,145.301
2026-09-23T22:45:01,133.353
2026-09-23T22:50:01,156.711
2026-09-23T22:55:01,156.755
2026-09-23T23:00:01,249.198
2026-09-23T23:05:01,243.058
2026-09-23T23:10:01,241.551
2026-09-23T23:15:01,222.674
2026-09-23T23:20:01,243.572
2026-09-23T23:25:01,211.529
2026-09-23T23:30:01,211.216
2026-09-23T23:35:01,241.131
2026-09-23T23:40:01,191.796
2026-09-23T23:45:01,146.161
2026-09-23T23:50:01,207.276
2026-09-23T23:55:01,195.86
2026-09-24T00:00:01,231.211
2026-09-24T00:05:01,151.072
2026-09-24T00:10:01,146.676
2026-09-24T00:15:01,128.363
2026-09-24T00:20:01,118.328
2026-09-24T00:25:01,183.705
2026-09-24T00:30:01,154.816
2026-09-24T00:35:01,127.681
2026-09-24T00:40:01,137.161
2026-09-24T00:45:01,143.775
2026-09-24T00:50:01,135.486
2026-09-24T00:55:01,62.45
2026-09-24T01:00:01,41.762
2026-09-24T01:05:01,45.58
2026-09-24T01:10:01,36.388
2026-09-24T01:15:01,78.021
2026-09-24T01:20:01,49.145
2026-09-24T01:25:01,56.68
2026-09-24T01:30:01,37.65
2026-09-24T01:33:51,63.222
2026-09-24T01:38:05,38.481
2026-09-24T01:43:05,63.64
2026-09-24T01:48:05,56.546
2026-09-24T01:53:05,66.025
2026-09-24T01:58:05,58.879
2026-09-24T02:02:03,49.777
2026-09-24T02:07:17,147.3
2026-09-24T02:12:17,102.862
2026-09-24T02:17:17,51.177
2026-09-24T02:22:17,44.896
2026-09-24T02:27:17,39.21
2026-09-24T02:32:09,20.921
2026-09-24T02:38:09,20.507
2026-09-24T02:43:09,13.84
2026-09-24T02:48:09,20.646
2026-09-24T02:53:09,39.64
2026-09-24T02:58:09,22.804
2026-09-24T03:03:09,47.295
2026-09-24T03:08:09,22.559
2026-09-24T03:13:09,26.304
2026-09-24T03:15:03,21.003
2026-09-24T03:20:03,36.798
2026-09-24T03:25:03,21.12
2026-09-24T03:30:03,37.167
2026-09-24T03:35:03,65.454
2026-09-24T03:40:03,46.589
2026-09-24T03:45:03,31.145
2026-09-24T03:50:03,13.454
2026-09-24T03:55:03,55.228
2026-09-24T04:00:03,24.494
2026-09-24T04:05:03,29.18
2026-09-24T04:08:21,16.64
2026-09-24T04:13:21,12.341
2026-09-24T04:18:21,11.808
2026-09-24T04:23:23,10.852
2026-09-24T04:28:23,21.499
2026-09-24T04:33:23,20.333
2026-09-24T04:35:01,20.986
2026-09-24T04:40:01,12.183
2026-09-24T04:41:07,12.162
2026-09-24T04:46:07,11.989
2026-09-24T04:51:07,11.643
2026-09-24T04:56:07,22.401
2026-09-24T05:01:07,20.17
2026-09-24T05:06:07,12.443
2026-09-24T05:11:07,14.067
2026-09-24T05:16:07,12.574
2026-09-24T05:21:07,45.881
2026-09-24T05:26:07,23.551
2026-09-24T05:31:07,21.823
2026-09-24T05:36:07,25.432
2026-09-24T05:41:07,38.54
2026-09-24T05:46:07,39.016
2026-09-24T05:51:07,49.882
2026-09-24T05:56:07,21.346
2026-09-24T06:01:07,15.235
2026-09-24T06:06:07,11.8
2026-09-24T06:11:07,11.803
2026-09-24T06:16:07,10.783
2026-09-24T06:21:07,44.277
2026-09-24T06:26:07,22.406
2026-09-24T06:31:07,23.188
2026-09-24T06:36:07,11.348
2026-09-24T06:41:07,14.446
2026-09-24T06:46:07,11.221
2026-09-24T06:51:07,12.237
2026-09-24T06:56:07,11.585
2026-09-24T07:01:07,12.333
2026-09-24T07:06:07,11.801
2026-09-24T07:11:07,12.676
2026-09-24T07:16:07,12.182
2026-09-24T07:21:07,11.648
2026-09-24T07:30:01,11.47
2026-09-24T07:35:01,20.96
2026-09-24T07:40:01,22.807
2026-09-24T07:45:01,11.495
2026-09-24T07:50:01,12.061
2026-09-24T07:55:01,12.023
2026-09-24T08:00:01,13.473
2026-09-24T08:05:01,10.893
2026-09-24T08:10:01,13.289
2026-09-24T08:15:01,11.469
2026-09-24T08:20:01,11.373
2026-09-24T08:25:01,12.41
2026-09-24T08:30:01,11.972
2026-09-24T08:35:01,12.135
2026-09-24T08:40:01,11.053
2026-09-24T08:45:01,13.836
2026-09-24T08:50:01,11.462
2026-09-24T08:55:01,43.812
2026-09-24T09:00:01,19.896
2026-09-24T09:05:01,31.335
2026-09-24T09:10:01,25.425
2026-09-24T09:15:01,19.471
2026-09-24T09:20:01,18.095
2026-09-24T09:25:01,17.64
2026-09-24T09:30:01,16.903
2026-09-24T09:35:01,15.226
2026-09-24T09:40:01,23.662
2026-09-24T09:45:01,25.522
2026-09-24T09:50:01,22.714
2026-09-24T09:55:01,15.583
2026-09-24T10:00:01,13.982
2026-09-24T10:05:01,14.445
2026-09-24T10:10:01,10.668
2026-09-24T10:15:01,11.622
2026-09-24T10:20:01,9.915
2026-09-24T10:25:01,11.169
2026-09-24T10:30:01,18.729
2026-09-24T10:35:01,19.793
2026-09-24T10:40:01,10.138
2026-09-24T10:45:01,12.805
2026-09-24T10:50:01,12.66
2026-09-24T10:55:01,11.056
2026-09-24T11:00:01,11.195
2026-09-24T11:05:01,11.351
2026-09-24T11:10:01,32.161
2026-09-24T11:15:01,36.776
2026-09-24T11:20:01,42.391
2026-09-24T11:25:01,33.473
2026-09-24T11:30:01,34.3
2026-09-24T11:35:01,38.247
2026-09-24T11:40:01,17.588
2026-09-24T11:45:01,36.817
2026-09-24T11:50:01,59.274
2026-09-24T11:55:01,50.235
2026-09-24T12:00:01,32.434
2026-09-24T12:05:01,42.399
2026-09-24T12:10:01,9.977
2026-09-24T12:15:01,19.853
2026-09-24T12:20:01,34.152
2026-09-24T12:25:01,112.164
2026-09-24T12:30:01,143.341
2026-09-24T12:35:01,135.915
2026-09-24T12:40:01,157.734
2026-09-24T12:45:01,151.713
2026-09-24T12:50:01,128.626
2026-09-24T12:55:01,148.284
2026-09-24T12:57:55,128.836
2026-09-24T13:02:55,159.225
2026-09-24T13:07:55,67.757
2026-09-24T13:12:55,66.486
2026-09-24T13:17:55,38.27
2026-09-24T13:22:55,58.771
2026-09-24T13:27:55,46.673
2026-09-24T13:32:55,54.893
2026-09-24T13:37:55,42.312
2026-09-24T13:42:55,45.244
2026-09-24T13:47:55,36.847
2026-09-24T13:52:55,44.44
2026-09-24T13:57:55,33.127
2026-09-24T14:02:55,50.328
2026-09-24T14:03:21,50.513
2026-09-24T14:08:21,68.585
2026-09-24T14:13:21,48.081
2026-09-24T14:18:21,62.503
2026-09-24T14:23:21,92.851
2026-09-24T14:28:21,138.202
2026-09-24T14:33:21,120.807
2026-09-24T14:38:21,127.351
2026-09-24T14:43:21,176.923
2026-09-24T14:48:21,129.476
2026-09-24T14:53:21,125.546
2026-09-24T14:58:21,162.162
2026-09-24T15:03:21,131.587
2026-09-24T15:08:21,220.468
2026-09-24T15:13:21,235.093
2026-09-24T15:18:19,194.287
2026-09-24T15:18:43,199.019
2026-09-24T15:23:43,213.897
2026-09-24T15:28:43,132.182
2026-09-24T15:33:43,115.836
2026-09-24T15:36:57,141.022
2026-09-24T15:41:57,123.443
2026-09-24T15:46:57,157.917
2026-09-24T15:51:57,150.682
2026-09-24T15:56:57,124.439
2026-09-24T16:01:57,253.732
2026-09-24T16:06:57,234.119
2026-09-24T16:11:57,135.117
2026-09-24T16:16:57,145.031
2026-09-24T16:21:57,124.984
2026-09-24T16:26:57,125.012
2026-09-24T16:31:57,155.427
2026-09-24T16:36:57,161.699
2026-09-24T16:41:57,120.916
2026-09-24T16:46:57,121.512
2026-09-24T16:51:57,131.422
2026-09-24T16:56:57,123.088
2026-09-24T17:01:57,149.024
2026-09-24T17:06:57,113.132
2026-09-24T17:11:57,254.377
2026-09-24T17:16:57,209.374
2026-09-24T17:21:57,181.371
2026-09-24T17:26:57,188.979
2026-09-24T17:31:57,212.969
2026-09-24T17:36:57,228.102
2026-09-24T17:41:57,220.815
2026-09-24T17:46:57,156.08
2026-09-24T17:47:29,154.089
2026-09-24T17:52:29,213.694
2026-09-24T18:00:01,153.316
2026-09-24T18:05:01,141.624
2026-09-24T18:10:01,141.223
2026-09-24T18:15:01,124.75
2026-09-24T18:20:01,136.357
2026-09-24T18:25:01,118.939
2026-09-24T18:30:01,121.592
2026-09-24T18:35:01,141.754
2026-09-24T18:40:01,128.953
2026-09-24T18:45:01,140.211
2026-09-24T18:50:01,114.974
2026-09-24T18:55:01,184.609
2026-09-24T19:00:01,230.866
2026-09-24T19:05:01,184.904
2026-09-24T19:10:01,217.892
2026-09-24T19:15:01,111.473
2026-09-24T19:20:01,120.597
2026-09-24T19:25:01,139.296
2026-09-24T19:30:01,113.536
2026-09-24T19:35:01,154.058
2026-09-24T19:40:01,137.297
2026-09-24T19:45:01,219.094
2026-09-24T19:50:01,199.367
2026-09-24T19:55:01,179.658
2026-09-24T20:00:01,186.049
2026-09-24T20:05:01,141.53
2026-09-24T20:10:01,147.249
2026-09-24T20:15:01,130.632
2026-09-24T20:20:01,140.087
2026-09-24T20:25:01,113.038
2026-09-24T20:30:01,125.124
2026-09-24T20:35:01,148.284
2026-09-24T20:40:01,115.241
2026-09-24T20:45:01,172.666
2026-09-24T20:50:01,189.548
2026-09-24T20:55:01,174.226
2026-09-24T21:00:01,131.145
2026-09-24T21:05:01,121.093
2026-09-24T21:10:01,141.512
2026-09-24T21:15:01,106.717
2026-09-24T21:20:01,155.436
2026-09-24T21:25:01,142.15
2026-09-24T21:30:01,121.545
2026-09-24T21:35:01,130.039
2026-09-24T21:40:01,140.239
2026-09-24T21:45:01,153.065
2026-09-24T21:50:01,162.722
2026-09-24T21:55:01,201.538
2026-09-24T22:00:01,163.936
2026-09-24T22:05:01,137.406
2026-09-24T22:10:01,124.862
2026-09-24T22:15:01,152.796
2026-09-24T22:20:01,115.043
2026-09-24T22:25:01,113.007
2026-09-24T22:30:01,171.857
2026-09-24T22:35:01,131.26
2026-09-24T22:40:01,149.663
2026-09-24T22:45:01,141.754
2026-09-24T22:50:01,129.861
2026-09-24T22:55:01,148.806
2026-09-24T23:00:01,106.274
2026-09-24T23:05:01,188.616
2026-09-24T23:10:01,225.601
2026-09-24T23:15:01,218.946
2026-09-24T23:20:01,223.401
2026-09-24T23:25:01,213.82
2026-09-24T23:30:01,203.321
2026-09-24T23:35:01,208.82
2026-09-24T23:40:01,141.923
2026-09-24T23:45:01,191.147
2026-09-24T23:50:01,249.787
2026-09-24T23:55:01,268.89
2026-09-25T00:00:01,124.742
2026-09-25T00:05:01,141.586
2026-09-25T00:10:01,132.828
2026-09-25T00:15:01,128.567
2026-09-25T00:20:01,143.54
2026-09-25T00:25:01,116.723
2026-09-25T00:30:01,156.688
2026-09-25T00:35:01,212.871
2026-09-25T00:40:01,142.943
2026-09-25T00:45:01,115.679
2026-09-25T00:50:01,126.226
2026-09-25T00:55:01,141.531
2026-09-25T01:00:01,116.306
2026-09-25T01:05:01,125.132
2026-09-25T01:10:01,197.98
2026-09-25T01:15:01,142.893
2026-09-25T01:20:01,125.896
2026-09-25T01:25:01,155.677
2026-09-25T01:30:01,212.414
2026-09-25T01:35:01,242.134
2026-09-25T01:40:01,190.041
2026-09-25T01:45:01,214.642
2026-09-25T01:50:01,147.768
2026-09-25T01:55:01,126.31
2026-09-25T02:00:01,246.01
2026-09-25T02:05:01,184.039
2026-09-25T02:10:01,214.019
2026-09-25T02:15:01,199.476
2026-09-25T02:20:01,227.87
2026-09-25T02:25:01,160.626
2026-09-25T02:30:01,142.377
2026-09-25T02:35:01,135.576
2026-09-25T02:40:01,150.075
2026-09-25T02:45:01,145.66
2026-09-25T02:50:01,128.633
2026-09-25T02:55:01,121.459
2026-09-25T03:00:01,145.007
2026-09-25T03:05:01,230.138
2026-09-25T03:10:01,237.724
2026-09-25T03:15:01,147.636
2026-09-25T03:20:01,126.65
2026-09-25T03:25:01,145.862
2026-09-25T03:30:01,176.118
2026-09-25T03:35:01,128.169
2026-09-25T03:40:01,146.563
2026-09-25T03:45:01,144.407
2026-09-25T03:50:01,134.787
2026-09-25T03:55:01,157.234
2026-09-25T04:00:01,155.328
2026-09-25T04:05:01,240.034
2026-09-25T04:10:01,221.548
2026-09-25T04:15:01,202.993
2026-09-25T04:20:01,210.701
2026-09-25T04:25:01,167.969
2026-09-25T04:30:01,145.441
2026-09-25T04:35:01,146.611
2026-09-25T04:40:01,138.043
2026-09-25T04:45:01,146.715
2026-09-25T04:50:01,162.552
2026-09-25T04:55:01,129.197
2026-09-25T05:00:01,152.405
2026-09-25T05:05:01,273.067
2026-09-25T05:10:03,207.506
2026-09-25T05:15:11,221.389
2026-09-25T05:25:01,135.722
2026-09-25T05:30:01,127.819
2026-09-25T05:35:01,142.229
2026-09-25T05:40:09,123.755
2026-09-25T05:50:01,143.166
2026-09-25T05:55:03,133.651
2026-09-25T06:00:11,185.955
2026-09-25T06:10:01,189.272
2026-09-25T06:15:01,228.722
2026-09-25T06:20:01,142.22
2026-09-25T06:25:09,125.335
2026-09-25T06:35:01,117.153
2026-09-25T06:40:05,125.924
2026-09-25T06:45:13,155.665
2026-09-25T06:55:01,158.182
2026-09-25T07:00:01,143.838
2026-09-25T07:05:01,242.606
2026-09-25T07:10:11,207.656
2026-09-25T07:20:01,145.547
2026-09-25T07:25:01,127.223
2026-09-25T07:30:01,158.419
2026-09-25T07:35:01,145.495
2026-09-25T07:40:01,125.837
2026-09-25T07:45:01,126.549
2026-09-25T07:50:01,147.325
2026-09-25T07:55:01,159.409
2026-09-25T08:00:01,157.788
2026-09-25T08:05:01,264.367
2026-09-25T08:10:01,226.36
2026-09-25T08:15:01,135.659
2026-09-25T08:20:01,170.609
2026-09-25T08:25:01,157.562
2026-09-25T08:30:01,135.577
2026-09-25T08:35:01,137.258
2026-09-25T08:40:01,172.606
2026-09-25T08:45:01,138.457
2026-09-25T08:50:01,147.172
2026-09-25T08:55:01,172.704
2026-09-25T09:00:01,168.497
2026-09-25T09:05:01,174.924
2026-09-25T09:10:01,251.368
2026-09-25T09:15:01,216.589
2026-09-25T09:20:01,205.257
2026-09-25T09:25:01,194.411
2026-09-25T09:30:01,137.738
2026-09-25T09:35:01,182.644
2026-09-25T09:40:01,127.05
2026-09-25T09:45:01,136.963
2026-09-25T09:50:01,224.371
2026-09-25T09:55:01,137.451
2026-09-25T10:00:01,154.56
2026-09-25T10:05:01,147.838
2026-09-25T10:10:01,141.597
2026-09-25T10:15:01,150.705
2026-09-25T10:20:01,148.405
2026-09-25T10:25:01,151.648
2026-09-25T10:30:01,160.953
2026-09-25T10:35:01,140.848
2026-09-25T10:40:01,147.004
2026-09-25T10:45:01,220.677
2026-09-25T10:50:01,142.756
2026-09-25T10:55:01,224.274
2026-09-25T11:00:01,165.388
2026-09-25T11:05:01,151.234
2026-09-25T11:10:01,270.966
2026-09-25T11:15:01,135.296
2026-09-25T11:20:01,138.23
2026-09-25T11:25:01,153.505
2026-09-25T11:30:01,126.068
2026-09-25T11:35:01,124.336
2026-09-25T11:40:01,135.61
2026-09-25T11:45:01,141.08
2026-09-25T11:50:01,134.001
2026-09-25T11:55:01,247.178
2026-09-25T12:00:01,240.578
2026-09-25T12:05:01,191.347
2026-09-25T12:10:01,233.677
2026-09-25T12:15:01,180.396
2026-09-25T12:20:01,125.495
2026-09-25T12:25:01,137.963
2026-09-25T12:30:01,172.775
2026-09-25T12:35:01,133.706
2026-09-25T12:40:01,127.336
2026-09-25T12:45:01,139.648
2026-09-25T12:50:01,218.599
2026-09-25T12:55:01,222.749
2026-09-25T13:00:01,131.044
2026-09-25T13:05:01,141.29
2026-09-25T13:10:01,124.927
2026-09-25T13:15:01,144.269
2026-09-25T13:20:01,142.261
2026-09-25T13:25:01,142.668
2026-09-25T13:30:01,156.745
2026-09-25T13:35:01,141.425
2026-09-25T13:40:01,142.721
2026-09-25T13:45:01,222.105
2026-09-25T13:50:01,207.054
2026-09-25T13:55:01,240.892
2026-09-25T14:00:01,126.004
2026-09-25T14:05:01,143.081
2026-09-25T14:10:01,141.649
2026-09-25T14:15:01,140.86
2026-09-25T14:15:41,151.588
2026-09-25T14:20:41,123.693
2026-09-25T14:25:41,164.94
2026-09-25T14:30:41,141.167
2026-09-25T14:35:41,127.329
2026-09-25T14:40:41,227.037
2026-09-25T14:45:41,209.159
2026-09-25T14:50:41,200.463
2026-09-25T14:55:41,226.283
2026-09-25T15:00:41,121.615
2026-09-25T15:05:41,139.673
2026-09-25T15:10:41,155.874
2026-09-25T15:15:41,132.794
2026-09-25T15:20:41,147.63
2026-09-25T15:25:41,122.519
2026-09-25T15:30:41,131.42
2026-09-25T15:35:41,138.972
2026-09-25T15:40:41,153.375
2026-09-25T15:45:13,139.938
2026-09-25T15:50:13,235.185
2026-09-25T15:55:13,223.286
2026-09-25T16:00:13,204.134
2026-09-25T16:05:13,148.394
2026-09-25T16:10:13,123.354
2026-09-25T16:10:17,124.533
2026-09-25T16:15:17,121.988
2026-09-25T16:20:17,142.944
2026-09-25T16:25:17,154.434
2026-09-25T16:30:17,121.836
2026-09-25T16:35:17,141.854
2026-09-25T16:40:17,131.951
2026-09-25T16:45:17,172.493
2026-09-25T16:50:17,138.971
2026-09-25T16:55:17,119.605
2026-09-25T17:00:17,131.26
2026-09-25T17:05:17,138.224
2026-09-25T17:10:17,258.993
2026-09-25T17:15:17,194.827
2026-09-25T17:20:17,198.431
2026-09-25T17:25:17,232.432
2026-09-25T17:30:17,239.94
2026-09-25T17:35:17,204.92
2026-09-25T17:40:17,214.288
2026-09-25T17:45:17,120.102
2026-09-25T17:50:47,153.431
2026-09-25T17:55:47,137.659
2026-09-25T18:00:47,240.774
2026-09-25T18:05:47,176.133
2026-09-25T18:10:47,146.609
2026-09-25T18:15:47,211.88
2026-09-25T18:20:47,184.48
2026-09-25T18:25:47,129.01
2026-09-25T18:30:47,136.419
2026-09-25T18:35:47,120.168
2026-09-25T18:40:47,118.748
2026-09-25T18:45:47,128.699
2026-09-25T18:50:47,227.331
2026-09-25T18:55:47,130.365
2026-09-25T19:00:47,138.997
2026-09-25T19:05:47,171.093
2026-09-25T19:10:47,120.406
2026-09-25T19:15:47,138.722
2026-09-25T19:20:48,170.507
2026-09-25T19:25:48,223.789
2026-09-25T19:30:58,120.037
2026-09-25T19:35:58,160.394
2026-09-25T19:40:58,122.453
2026-09-25T19:45:58,226.986
2026-09-25T19:50:58,248.979
2026-09-25T19:55:58,121.062
2026-09-25T20:00:58,137.291
2026-09-25T20:05:58,121.672
2026-09-25T20:10:58,138.451
2026-09-25T20:15:58,111.787
2026-09-25T20:20:58,121.175
2026-09-25T20:25:58,136.507
2026-09-25T20:30:58,121.929
2026-09-25T20:35:58,180.649
2026-09-25T20:40:58,120.802
2026-09-25T20:45:58,133.576
2026-09-25T20:50:58,128.976
2026-09-25T20:55:58,169.478
2026-09-25T21:00:58,171.647
2026-09-25T21:05:58,153.322
2026-09-25T21:10:58,209.916
2026-09-25T21:15:58,122.981
2026-09-25T21:20:58,124.236
2026-09-25T21:25:58,127.777
2026-09-25T21:30:58,119.592
2026-09-25T21:35:58,122.234
2026-09-25T21:40:58,195.072
2026-09-25T21:45:58,142.696
2026-09-25T21:50:58,148.504
2026-09-25T21:55:58,126.696
2026-09-25T22:00:58,125.845
2026-09-25T22:05:58,119.843
2026-09-25T22:10:58,126.53
2026-09-25T22:15:58,128.549
2026-09-25T22:20:58,196.19
2026-09-25T22:25:58,190.528
2026-09-25T22:30:58,228.418
2026-09-25T22:35:58,178.342
2026-09-25T22:40:58,232.273
2026-09-25T22:45:58,231.36
2026-09-25T22:50:58,177.415
2026-09-25T22:55:58,240.47
2026-09-25T23:00:58,209.137
2026-09-25T23:05:58,168.603
2026-09-25T23:10:58,181.423
2026-09-25T23:15:58,140.348
2026-09-25T23:20:58,125.957
2026-09-25T23:25:58,170.596
2026-09-25T23:30:58,121.175
2026-09-25T23:35:58,141.394
2026-09-25T23:40:58,284.894
2026-09-25T23:45:58,241.321
2026-09-25T23:50:58,248.693
2026-09-25T23:55:58,131.787
2026-09-26T00:00:58,124.601
2026-09-26T00:05:58,138.808
2026-09-26T00:10:58,149.101
2026-09-26T00:17:06,122.575
2026-09-26T00:22:06,123.662
2026-09-26T00:27:06,143.49
2026-09-26T00:32:06,153.106
2026-09-26T00:37:06,122.676
2026-09-26T00:42:06,141.756
2026-09-26T00:47:06,129.131
2026-09-26T00:52:06,120.788
2026-09-26T00:57:06,124.588
2026-09-26T01:02:06,140.955
2026-09-26T01:07:06,201.001
2026-09-26T01:12:06,178.09
2026-09-26T01:17:06,229.907
2026-09-26T01:22:06,226.486
2026-09-26T01:27:06,123.122
2026-09-26T01:32:06,122.759
2026-09-26T01:37:06,150.415
2026-09-26T01:42:06,223.138
2026-09-26T01:47:06,214.389
2026-09-26T01:52:06,140.452
2026-09-26T01:57:06,130.358
2026-09-26T02:02:06,154.429
2026-09-26T02:07:06,141.43
2026-09-26T02:12:06,140.206
2026-09-26T02:17:06,114.475
2026-09-26T02:22:06,181.542
2026-09-26T02:27:06,150.721
2026-09-26T02:32:06,140.722
2026-09-26T02:37:06,165.212
2026-09-26T02:42:06,214.879
2026-09-26T02:47:06,229.491
2026-09-26T02:52:06,240.21
2026-09-26T02:57:06,204.727
2026-09-26T03:02:06,158.467
2026-09-26T03:07:06,170.694
2026-09-26T03:12:06,143.425
2026-09-26T03:17:06,141.165
2026-09-26T03:22:06,172.931
2026-09-26T03:27:06,142.859
2026-09-26T03:32:06,122.862
2026-09-26T03:37:06,156.176
2026-09-26T03:42:06,141.961
2026-09-26T03:47:06,141.836
2026-09-26T03:52:06,124.034
2026-09-26T03:57:06,151.423
2026-09-26T04:02:06,240.236
2026-09-26T04:07:06,216.353
2026-09-26T04:12:06,181.138
2026-09-26T04:17:06,147.647
2026-09-26T04:22:06,171.58
2026-09-26T04:27:06,124.544
2026-09-26T04:32:06,153.822
2026-09-26T04:37:06,181.982
2026-09-26T04:42:06,122.778
2026-09-26T04:47:06,127.103
2026-09-26T04:52:06,152.827
2026-09-26T04:57:06,134.736
2026-09-26T05:02:06,221.488
2026-09-26T05:07:06,237.172
2026-09-26T05:12:06,267.628
2026-09-26T05:17:06,182.622
2026-09-26T05:22:06,129.465
2026-09-26T05:27:06,148.865
2026-09-26T05:32:06,140.686
2026-09-26T05:37:06,134.243
2026-09-26T05:42:06,151.498
2026-09-26T05:47:06,174.464
2026-09-26T05:52:06,123.139
2026-09-26T05:57:06,123.645
2026-09-26T06:02:06,227.432
2026-09-26T06:07:06,277.101
2026-09-26T06:12:06,134.856
2026-09-26T06:17:06,126.178
2026-09-26T06:22:06,144.389
2026-09-26T06:27:06,163.468
2026-09-26T06:32:06,124.022
2026-09-26T06:37:06,142.011
2026-09-26T06:42:06,146.714
2026-09-26T06:47:06,133.384
2026-09-26T06:52:06,144.654
2026-09-26T06:57:06,150.949
2026-09-26T07:02:06,228.51
2026-09-26T07:07:06,190.584
2026-09-26T07:12:06,237.894
2026-09-26T07:17:06,206.055
2026-09-26T07:22:06,133.229
2026-09-26T07:27:06,159.39
2026-09-26T07:32:06,161.632
2026-09-26T07:37:06,154.23
2026-09-26T07:42:06,125.588
2026-09-26T07:47:06,141.996
2026-09-26T07:52:06,128.389
2026-09-26T07:57:06,128.259
2026-09-26T08:02:06,243.65
2026-09-26T08:07:06,264.95
2026-09-26T08:12:06,191.317
2026-09-26T08:17:06,143.658
2026-09-26T08:22:06,144.159
2026-09-26T08:27:06,142.96
2026-09-26T08:32:06,126.679
2026-09-26T08:37:06,172.598
2026-09-26T08:42:06,150.625
2026-09-26T08:47:06,124.92
2026-09-26T08:52:06,143.029
2026-09-26T08:57:06,144.392
2026-09-26T09:02:06,125.337
2026-09-26T09:07:06,158.667
2026-09-26T09:12:06,177.925
2026-09-26T09:17:06,222.455
2026-09-26T09:22:06,193.391
2026-09-26T09:27:06,181.335
2026-09-26T09:32:06,140.615
2026-09-26T09:37:06,148.715
2026-09-26T09:42:06,123.819
2026-09-26T09:47:06,142.197
2026-09-26T09:52:06,127.327
2026-09-26T09:57:06,134.243
2026-09-26T10:02:06,138.469
2026-09-26T10:07:06,123.785
2026-09-26T10:12:06,148.549
2026-09-26T10:17:06,164.11
2026-09-26T10:22:06,140.417
2026-09-26T10:27:06,148.133
2026-09-26T10:32:06,159.532
2026-09-26T10:37:06,149.294
2026-09-26T10:42:06,135.139
2026-09-26T10:47:06,161.522
2026-09-26T10:52:06,146.105
2026-09-26T10:57:06,121.789
2026-09-26T11:02:06,164.316
2026-09-26T11:07:06,115.612
2026-09-26T11:12:06,123.795
2026-09-26T11:17:06,167.989
2026-09-26T11:22:06,160.827
2026-09-26T11:27:06,210.469
2026-09-26T11:32:06,254.082
2026-09-26T11:37:06,216.683
2026-09-26T11:42:06,223.649
2026-09-26T11:47:06,227.899
2026-09-26T11:52:06,189.021
2026-09-26T11:57:06,137.532
2026-09-26T12:02:06,152.477
2026-09-26T12:07:06,138.173
2026-09-26T12:12:06,111.795
2026-09-26T12:17:06,110.481
2026-09-26T12:22:06,113.353
2026-09-26T12:27:06,129.88
2026-09-26T12:32:06,120.384
2026-09-26T12:37:06,150.902
2026-09-26T12:42:06,136.14
2026-09-26T12:47:06,127.579
2026-09-26T12:52:06,140.204
2026-09-26T12:57:06,112.61
2026-09-26T13:02:06,122.279
2026-09-26T13:07:06,100.807
2026-09-26T13:12:06,214.748
2026-09-26T13:17:06,239.377
2026-09-26T13:22:06,200.223
2026-09-26T13:27:06,200.596
2026-09-26T13:32:06,204.852
2026-09-26T13:37:06,189.117
2026-09-26T13:42:06,135.173
2026-09-26T13:47:06,212.109
2026-09-26T13:52:06,191.242
2026-09-26T13:57:06,135.087
2026-09-26T14:02:06,130.036
2026-09-26T14:07:06,247.352
2026-09-26T14:12:06,191.841
2026-09-26T14:20:00,161.769
2026-09-26T14:25:00,125.147
2026-09-26T14:30:00,149.86
2026-09-26T14:35:00,131.409
2026-09-26T14:40:00,123.306
2026-09-26T14:45:00,140.379
2026-09-26T14:50:00,38.272
2026-09-26T14:55:00,66.657
2026-09-26T15:00:00,65.966
2026-09-26T15:05:00,48.556
2026-09-26T15:10:00,38.72
2026-09-26T15:15:00,54.598
2026-09-26T15:20:00,78.186
2026-09-26T15:25:00,46.767
2026-09-26T15:30:00,65.128
2026-09-26T15:35:00,39.487
2026-09-26T15:40:00,38.263
2026-09-26T15:45:00,61.841
2026-09-26T15:50:00,38.621
2026-09-26T15:55:00,49.504
2026-09-26T16:00:00,61.078
2026-09-26T16:05:00,117.122
2026-09-26T16:10:00,139.665
2026-09-26T16:15:00,147.762
2026-09-26T16:20:00,113.727
2026-09-26T16:25:00,240.818
2026-09-26T16:30:00,196.352
2026-09-26T16:35:00,231.893
2026-09-26T16:40:00,178.456
2026-09-26T16:45:00,209.969
2026-09-26T16:50:00,137.45
2026-09-26T16:55:00,124.143
2026-09-26T17:00:00,153.948
2026-09-26T17:05:00,139.692
2026-09-26T17:10:00,209.977
2026-09-26T17:15:00,178.881
2026-09-26T17:20:00,222.974
2026-09-26T17:25:00,210.969
2026-09-26T17:30:00,253.966
2026-09-26T17:35:00,123.572
2026-09-26T17:40:00,112.534
2026-09-26T17:45:00,155.515
2026-09-26T17:50:00,139.191
2026-09-26T17:55:00,114.133
2026-09-26T18:00:00,120.244
2026-09-26T18:05:00,233.551
2026-09-26T18:10:00,208.905
2026-09-26T18:15:00,195.81
2026-09-26T18:20:00,138.019
2026-09-26T18:25:00,119.754
2026-09-26T18:30:00,129.918
2026-09-26T18:35:00,123.91
2026-09-26T18:40:00,127.704
2026-09-26T18:45:00,103.782
2026-09-26T18:50:00,249.8
2026-09-26T18:55:00,249.561
2026-09-26T19:00:00,129.296
2026-09-26T19:05:00,139.83
2026-09-26T19:10:00,139.465
2026-09-26T19:15:00,120.982
2026-09-26T19:20:00,140.127
2026-09-26T19:25:00,113.62
2026-09-26T19:30:00,165.136
2026-09-26T19:35:00,113.296
2026-09-26T19:40:00,121.417
2026-09-26T19:45:00,140.808
2026-09-26T19:50:00,234.316
2026-09-26T19:55:00,202.89
2026-09-26T20:00:00,176.086
2026-09-26T20:05:00,122.422
2026-09-26T20:10:00,139.672
2026-09-26T20:15:00,123.245
2026-09-26T20:20:00,121.809
2026-09-26T20:25:00,108.379
2026-09-26T20:30:00,124.059
2026-09-26T20:35:00,138.429
2026-09-26T20:40:00,113.827
2026-09-26T20:45:00,112.456
2026-09-26T20:50:00,186.071
2026-09-26T20:55:00,141.857
2026-09-26T21:00:00,113.965
2026-09-26T21:05:00,172.422
2026-09-26T21:10:00,113.015
2026-09-26T21:15:00,123.537
2026-09-26T21:20:00,129.587
2026-09-26T21:25:00,122.474
2026-09-26T21:30:00,141.616
2026-09-26T21:35:00,117.544
2026-09-26T21:40:00,117.043
2026-09-26T21:45:00,146.224
2026-09-26T21:50:00,138.154
2026-09-26T21:55:00,136.104
2026-09-26T22:00:00,138.168
2026-09-26T22:05:00,125.186
2026-09-26T22:10:00,206.723
2026-09-26T22:15:00,228.447
2026-09-26T22:20:00,211.191
2026-09-26T22:25:00,220.522
2026-09-26T22:30:00,118.226
2026-09-26T22:35:00,115.939
2026-09-26T22:40:00,183.756
2026-09-26T22:45:00,183.311
2026-09-26T22:50:00,234.167
2026-09-26T22:55:00,253.477
2026-09-26T23:00:00,212.324
2026-09-26T23:05:00,212.978
2026-09-26T23:10:00,141.497
2026-09-26T23:15:00,147.078
2026-09-26T23:20:00,124.096
2026-09-26T23:25:00,132.717
2026-09-26T23:30:00,147.109
2026-09-26T23:35:00,127.512
2026-09-26T23:40:00,163.672
2026-09-26T23:45:00,218.469
2026-09-26T23:50:00,221.282
2026-09-26T23:55:00,242.017
2026-09-27T00:00:00,256.864
2026-09-27T00:05:00,186.849
2026-09-27T00:10:00,164.488
2026-09-27T00:15:00,154.403
2026-09-27T00:20:00,125.427
2026-09-27T00:25:00,119.689
2026-09-27T00:30:00,142.339
2026-09-27T00:35:00,123.875
2026-09-27T00:40:00,133.934
2026-09-27T00:45:00,131.66
2026-09-27T00:50:00,124.192
2026-09-27T00:55:00,123.468
2026-09-27T01:00:00,141.888
2026-09-27T01:05:00,133.052
2026-09-27T01:10:00,174.467
2026-09-27T01:15:00,201.986
2026-09-27T01:20:00,231.51
2026-09-27T01:25:00,239.424
2026-09-27T01:30:00,146.274
2026-09-27T01:35:00,143.1
2026-09-27T01:40:00,116.604
2026-09-27T01:45:00,185.216
2026-09-27T01:50:00,142.766
2026-09-27T01:55:00,125.052
2026-09-27T02:00:00,223.398
2026-09-27T02:05:00,231.781
2026-09-27T02:10:00,127.083
2026-09-27T02:15:00,128.066
2026-09-27T02:20:00,146.92
2026-09-27T02:25:00,126.566
2026-09-27T02:30:00,124.758
2026-09-27T02:35:00,146.311
2026-09-27T02:40:00,127.627
2026-09-27T02:45:00,127.396
2026-09-27T02:50:00,174.653
2026-09-27T02:55:00,180.998
2026-09-27T03:00:00,168.368
2026-09-27T03:05:00,204.376
2026-09-27T03:10:00,143.722
2026-09-27T03:15:00,155.43
2026-09-27T03:20:00,165.428
2026-09-27T03:25:00,154.539
2026-09-27T03:30:00,220.97
2026-09-27T03:35:00,189.936
2026-09-27T03:40:00,221.442
2026-09-27T03:45:00,181.962
2026-09-27T03:50:00,190.915
2026-09-27T03:55:00,134.871
2026-09-27T04:00:00,141.785
2026-09-27T04:05:00,230.312
2026-09-27T04:10:00,207.29
2026-09-27T04:15:00,248.324
2026-09-27T04:20:00,194.954
2026-09-27T04:25:00,51.92
2026-09-27T04:30:00,36.557
2026-09-27T04:35:00,33.95
2026-09-27T04:40:00,18.115
2026-09-27T04:45:00,54.543
2026-09-27T04:50:00,43.187
2026-09-27T04:55:00,16.767
2026-09-27T05:00:00,35.648
2026-09-27T05:05:00,33.741
2026-09-27T05:10:00,17.628
2026-09-27T05:15:00,35.094
2026-09-27T05:20:00,18.826
2026-09-27T05:25:00,8.166
2026-09-27T05:30:00,29.293
2026-09-27T05:35:00,26.749
2026-09-27T05:40:00,26.581
2026-09-27T05:45:00,40.667
2026-09-27T05:50:00,27.048
2026-09-27T05:55:00,17.504
2026-09-27T06:00:00,19.653
2026-09-27T06:05:00,18.03
2026-09-27T06:10:00,44.875
2026-09-27T06:15:00,8.864
2026-09-27T06:20:00,43.837
2026-09-27T06:25:00,27.565
2026-09-27T06:30:00,42.66
2026-09-27T06:35:00,17.55
2026-09-27T06:40:00,7.683
2026-09-27T06:45:00,16.57
2026-09-27T06:50:00,9.269
2026-09-27T06:55:00,28.182
2026-09-27T07:00:00,18.19
2026-09-27T07:05:00,19.477
2026-09-27T07:10:00,9.908
2026-09-27T07:15:00,34.094
2026-09-27T07:20:00,8.523
2026-09-27T07:25:00,33.963
2026-09-27T07:30:00,17.774
2026-09-27T07:35:00,11.827
2026-09-27T07:40:00,56.678
2026-09-27T07:45:00,17.474
2026-09-27T07:50:00,26.029
2026-09-27T07:55:00,8.346
2026-09-27T08:00:00,17.727
2026-09-27T08:05:00,8.171
2026-09-27T08:10:00,24.812
2026-09-27T08:15:00,16.331
2026-09-27T08:20:00,34.185
2026-09-27T08:25:00,13.508
2026-09-27T08:30:00,48.748
2026-09-27T08:35:00,30.619
2026-09-27T08:40:00,20.575
2026-09-27T08:45:00,24.5
2026-09-27T08:50:00,14.819
2026-09-27T08:55:00,22.004
2026-09-27T09:00:00,15.203
2026-09-27T09:05:00,48.196
2026-09-27T09:10:00,48.473
2026-09-27T09:15:00,57.444
2026-09-27T09:20:00,45.146
2026-09-27T09:25:00,43.889
2026-09-27T09:30:00,35.257
2026-09-27T09:35:00,43.243
2026-09-27T09:40:00,32.546
2026-09-27T09:45:00,40.679
2026-09-27T09:50:00,33.438
2026-09-27T09:55:00,40.046
2026-09-27T10:00:00,40.789
2026-09-27T10:05:00,53.906
2026-09-27T10:10:00,32.486
2026-09-27T10:15:00,47.077
2026-09-27T10:20:00,37.715
2026-09-27T10:25:00,45.891
2026-09-27T10:30:00,113.329
2026-09-27T10:35:00,130.675
2026-09-27T10:40:00,145.383
2026-09-27T10:45:00,229.99
2026-09-27T10:50:00,244.204
2026-09-27T10:55:00,118.016
2026-09-27T11:00:00,116.534
2026-09-27T11:05:00,144.242
2026-09-27T11:10:00,126.607
2026-09-27T11:15:00,126.318
2026-09-27T11:20:00,141.706
2026-09-27T11:25:00,122.525
2026-09-27T11:30:00,144.99
2026-09-27T11:35:00,115.623
2026-09-27T11:40:00,174.908
2026-09-27T11:45:00,187.196
2026-09-27T11:50:00,168.497
2026-09-27T11:55:00,144.78
2026-09-27T12:00:00,154.785
2026-09-27T12:05:00,140.348
2026-09-27T12:10:00,115.85
2026-09-27T12:15:00,174.987
2026-09-27T12:20:00,115.734
2026-09-27T12:25:00,134.01
2026-09-27T12:30:00,132.774
2026-09-27T12:35:00,126.656
2026-09-27T12:40:00,141.22
2026-09-27T12:45:00,116.276
2026-09-27T12:50:00,154.575
2026-09-27T12:55:00,152.056
2026-09-27T13:00:00,131.696
2026-09-27T13:05:00,154.211
2026-09-27T13:10:00,120.546
2026-09-27T13:15:00,128.435
2026-09-27T13:20:00,117.127
2026-09-27T13:25:00,178.811
2026-09-27T13:30:00,241.403
2026-09-27T13:35:00,248.36
2026-09-27T13:40:00,176.997
2026-09-27T13:45:00,224.423
2026-09-27T13:50:00,212.987
2026-09-27T13:55:00,239.665
2026-09-27T14:00:00,202.459
2026-09-27T14:05:00,219.949
2026-09-27T14:10:00,199.425
2026-09-27T14:15:00,152.518
2026-09-27T14:20:00,130.777
2026-09-27T14:25:00,127.8
2026-09-27T14:30:00,142.007
2026-09-27T14:35:00,134.702
2026-09-27T14:40:00,158.169
2026-09-27T14:45:00,144.524
2026-09-27T14:50:00,248.007
2026-09-27T14:55:00,219.819
2026-09-27T15:00:00,205.465
2026-09-27T15:05:00,140.989
2026-09-27T15:10:00,134.896
2026-09-27T15:15:00,115.439
2026-09-27T15:20:00,144.053
2026-09-27T15:25:00,144.456
2026-09-27T15:30:00,123.395
2026-09-27T15:35:00,173.138
2026-09-27T15:40:00,140.789
2026-09-27T15:45:00,142.749
2026-09-27T15:50:00,215.319
2026-09-27T15:55:00,179.736
2026-09-27T16:00:00,230.644
2026-09-27T16:05:00,123.52
2026-09-27T16:10:00,140.889
2026-09-27T16:15:00,141.96
2026-09-27T16:20:00,122.685
2026-09-27T16:25:00,115.746
2026-09-27T16:26:48,114.613
2026-09-27T16:31:48,125.268
2026-09-27T16:36:48,143.724
2026-09-27T16:41:48,124.785
2026-09-27T16:46:48,116.061
2026-09-27T16:51:48,140.852
2026-09-27T16:56:48,120.012
2026-09-27T17:01:48,113.934
2026-09-27T17:06:48,161.686
2026-09-27T17:11:48,234.938
2026-09-27T17:16:48,146.485
2026-09-27T17:21:48,186.482
2026-09-27T17:26:48,196.208
2026-09-27T17:31:48,145.488
2026-09-27T17:36:48,49.656
2026-09-27T17:41:48,58.375
2026-09-27T17:46:48,74.604
2026-09-27T17:49:34,89.776
2026-09-27T17:54:34,41.663
2026-09-27T17:59:34,69.397
2026-09-27T18:04:34,38.064
2026-09-27T18:09:34,57.347
2026-09-27T18:14:34,31.237
2026-09-27T18:19:34,57.857
2026-09-27T18:24:34,75.188
2026-09-27T18:29:34,67.307
2026-09-27T18:34:34,45.261
2026-09-27T18:39:34,49.838
2026-09-27T18:41:02,44.07
2026-09-27T18:46:02,36.431
2026-09-27T18:46:08,36.386
2026-09-27T18:51:08,44.516
2026-09-27T18:52:58,43.869
2026-09-27T18:57:58,160.686
2026-09-27T19:02:58,119.696
2026-09-27T19:07:58,134.594
2026-09-27T19:12:58,105.444
2026-09-27T19:17:58,121.549
2026-09-27T19:22:59,211.679
2026-09-27T19:27:59,123.947
2026-09-27T19:32:59,172.986
2026-09-27T19:37:59,123.184
2026-09-27T19:42:59,115.687
2026-09-27T19:47:59,129.853
2026-09-27T19:52:59,120.586
2026-09-27T19:57:59,190.494
2026-09-27T20:02:59,127.135
2026-09-27T20:07:59,168.607
2026-09-27T20:12:59,129.79
2026-09-27T20:17:59,114.832
2026-09-27T20:22:59,133.698
2026-09-27T20:27:59,113.844
2026-09-27T20:32:59,125.937
2026-09-27T20:37:59,115.481
2026-09-27T20:42:59,121.836
2026-09-27T20:47:59,168.72
2026-09-27T20:52:59,126.768
2026-09-27T20:57:59,167.716
2026-09-27T21:02:59,114.155
2026-09-27T21:07:59,132.222
2026-09-27T21:12:59,175.282
2026-09-27T21:17:59,132.297
2026-09-27T21:22:59,147.799
2026-09-27T21:27:59,122.818
2026-09-27T21:32:59,156.03
2026-09-27T21:37:59,128.116
2026-09-27T21:42:59,121.162
2026-09-27T21:47:59,198.283
2026-09-27T21:52:59,218.678
2026-09-27T21:57:59,230.937
2026-09-27T22:02:59,200.847
2026-09-27T22:07:59,207.256
2026-09-27T22:12:59,125.258
2026-09-27T22:17:59,146.801
2026-09-27T22:22:59,143.007
2026-09-27T22:27:59,146.739
2026-09-27T22:32:59,122.445
2026-09-27T22:37:59,140.814
2026-09-27T22:42:59,132.956
2026-09-27T22:47:59,134.764
2026-09-27T22:52:59,253.302
2026-09-27T22:57:59,213.315
2026-09-27T23:02:59,248.674
2026-09-27T23:07:59,220.749
2026-09-27T23:12:59,146.492
2026-09-27T23:17:59,116.609
2026-09-27T23:22:59,152.509
2026-09-27T23:27:59,153.629
2026-09-27T23:32:59,122.779
2026-09-27T23:37:59,173.993
2026-09-27T23:42:59,236.806
2026-09-27T23:44:37,249.663
2026-09-27T23:49:37,212.549
2026-09-27T23:54:37,232.158
2026-09-27T23:59:37,215.578
2026-09-28T00:00:27,248.214
2026-09-28T00:05:27,141.578
2026-09-28T00:10:27,147.623
2026-09-28T00:15:27,141.501
2026-09-28T00:20:27,141.05
2026-09-28T00:25:27,123.43
2026-09-28T00:30:27,151.516
2026-09-28T00:35:27,153.239
2026-09-28T00:45:01,144.816
2026-09-28T00:50:01,139.484
2026-09-28T00:55:01,123.599
2026-09-28T01:00:01,141.731
2026-09-28T01:05:01,180.779
2026-09-28T01:10:01,222.158
2026-09-28T01:15:01,235.535
2026-09-28T01:20:01,255.814
2026-09-28T01:25:01,180.487
2026-09-28T01:30:01,265.999
2026-09-28T01:35:01,131.849
2026-09-28T01:40:01,124.239
2026-09-28T01:45:01,140.935
2026-09-28T01:50:01,139.432
2026-09-28T01:55:01,116.457
2026-09-28T02:00:01,124.879
2026-09-28T02:05:01,253.427
2026-09-28T02:10:01,230.999
2026-09-28T02:15:01,235.659
2026-09-28T02:20:01,142.1
2026-09-28T02:25:01,143.573
2026-09-28T02:30:01,116.303
2026-09-28T02:35:01,142.392
2026-09-28T02:40:01,150.957
2026-09-28T02:45:01,122.031
2026-09-28T02:50:01,115.838
2026-09-28T02:55:01,141.31
2026-09-28T03:00:01,144.317
2026-09-28T03:05:01,209.16
2026-09-28T03:10:01,187.086
2026-09-28T03:15:01,142.201
2026-09-28T03:20:01,123.763
2026-09-28T03:25:01,148.675
2026-09-28T03:30:01,144.535
2026-09-28T03:35:01,142.36
2026-09-28T03:40:01,116.829
2026-09-28T03:45:01,133.984
2026-09-28T03:47:35,124.319
2026-09-28T03:52:35,125.966
2026-09-28T03:54:43,123.994
2026-09-28T03:59:43,117.59
2026-09-28T04:04:43,203.057
2026-09-28T04:09:43,233.384
2026-09-28T04:15:01,177.927
2026-09-28T04:20:01,161.076
2026-09-28T04:25:01,140.033
2026-09-28T04:30:01,152.683
2026-09-28T04:35:01,145.257
2026-09-28T04:40:01,152.879
2026-09-28T04:45:01,124.448
2026-09-28T04:50:01,173.414
2026-09-28T04:55:01,140.718
2026-09-28T05:00:01,129.205
2026-09-28T05:05:01,210.582
2026-09-28T05:10:01,205.56
2026-09-28T05:15:01,220.822
2026-09-28T05:20:01,159.975
2026-09-28T05:25:01,151.05
2026-09-28T05:30:01,124.016
2026-09-28T05:35:01,125.534
2026-09-28T05:40:01,173.566
2026-09-28T05:45:01,153.311
2026-09-28T05:50:01,135.006
2026-09-28T05:55:01,143.387
2026-09-28T06:00:01,142.776
2026-09-28T06:05:01,175.953
2026-09-28T06:10:01,243.535
2026-09-28T06:15:01,203.993
2026-09-28T06:20:01,223.983
2026-09-28T06:25:01,204.029
2026-09-28T06:30:01,192.216
2026-09-28T06:35:01,128.449
2026-09-28T06:40:01,172.421
2026-09-28T06:45:01,162.664
2026-09-28T06:50:01,133.763
2026-09-28T06:55:01,133.691
2026-09-28T07:00:01,245.452
2026-09-28T07:05:01,207.828
2026-09-28T07:10:01,203.848
2026-09-28T07:15:01,212.996
2026-09-28T07:20:01,225.86
2026-09-28T07:25:01,184.748
2026-09-28T07:30:01,141.952
2026-09-28T07:35:01,124.433
2026-09-28T07:40:01,137.016
2026-09-28T07:45:01,182.645
2026-09-28T07:50:01,149.778
2026-09-28T07:55:01,132.09
2026-09-28T08:00:01,230.331
2026-09-28T08:05:01,232.019
2026-09-28T08:10:01,176.312
2026-09-28T08:15:01,198.459
2026-09-28T08:20:01,172.806
2026-09-28T08:25:01,139.44
2026-09-28T08:30:01,122.572
2026-09-28T08:35:01,156.494
2026-09-28T08:40:01,140.437
2026-09-28T08:45:01,121.938
2026-09-28T08:50:01,114.584
2026-09-28T08:55:01,140.645
2026-09-28T09:00:01,150.906
2026-09-28T09:05:01,113.729
2026-09-28T09:10:01,141.766
2026-09-28T09:15:01,153.78
2026-09-28T09:20:01,249.82
2026-09-28T09:25:01,212.87
2026-09-28T09:30:01,141.375
2026-09-28T09:35:01,156.506
2026-09-28T09:40:01,142.83
2026-09-28T09:45:01,125.3
2026-09-28T09:50:01,115.408
2026-09-28T09:55:01,143.559
2026-09-28T10:00:01,121.608
2026-09-28T10:05:01,114.244
2026-09-28T10:10:01,240.306
2026-09-28T10:15:01,184.341
2026-09-28T10:20:01,181.905
2026-09-28T10:25:01,182.721
2026-09-28T10:30:01,124.567
2026-09-28T10:35:01,140.646
2026-09-28T10:40:01,116.194
2026-09-28T10:45:01,169.086
2026-09-28T10:50:01,114.168
2026-09-28T10:55:01,121.739
2026-09-28T11:00:01,130.37
2026-09-28T11:05:01,122.33
2026-09-28T11:10:01,139.947
2026-09-28T11:15:01,137.093
2026-09-28T11:20:01,167.913
2026-09-28T11:25:01,127.535
2026-09-28T11:30:01,147.819
2026-09-28T11:35:01,112.356
2026-09-28T11:40:01,129.994
2026-09-28T11:45:01,143.888
2026-09-28T11:50:01,111.816
2026-09-28T11:55:01,146.079
2026-09-28T12:00:01,183.466
2026-09-28T12:05:01,235.152
2026-09-28T12:10:01,214.269
2026-09-28T12:15:01,229.393
2026-09-28T12:20:01,242.843
2026-09-28T12:25:01,212.076
2026-09-28T12:30:01,229.144
2026-09-28T12:35:01,236.97
2026-09-28T12:40:01,208.715
2026-09-28T12:45:01,186.181
2026-09-28T12:50:01,200.02
2026-09-28T12:55:01,146.747
2026-09-28T13:00:01,132.451
2026-09-28T13:05:01,142.335
2026-09-28T13:10:01,238.634
2026-09-28T13:15:01,215.716
2026-09-28T13:20:01,123.596
2026-09-28T13:25:01,141.949
2026-09-28T13:30:01,124.596
2026-09-28T13:35:01,124.071
2026-09-28T13:40:01,153.524
2026-09-28T13:45:01,139.118
2026-09-28T13:50:01,121.092
2026-09-28T13:55:01,140.573
2026-09-28T14:00:01,140.245
2026-09-28T14:05:01,213.234
2026-09-28T14:10:01,156.706
2026-09-28T14:15:01,227.741
2026-09-28T14:20:01,121.215
2026-09-28T14:25:01,129.058
2026-09-28T14:30:01,140.03
2026-09-28T14:35:01,120.517
2026-09-28T14:40:01,112.158
2026-09-28T14:45:01,141.371
2026-09-28T14:50:01,213.682
2026-09-28T14:55:01,251.065
2026-09-28T15:00:01,225.412
2026-09-28T15:05:01,215.366
2026-09-28T15:10:01,154.845
2026-09-28T15:15:01,120.848
2026-09-28T15:20:01,139.65
2026-09-28T15:25:01,152.009
2026-09-28T15:30:01,121.174
2026-09-28T15:35:01,146.573
2026-09-28T15:40:01,159.682
2026-09-28T15:45:01,127.239
2026-09-28T15:50:01,199.206
2026-09-28T15:55:01,164.362
2026-09-28T16:00:01,49.959
2026-09-28T16:05:01,153.939
2026-09-28T16:10:01,94.406
2026-09-28T16:15:01,133.64
2026-09-28T16:20:01,135.35
2026-09-28T16:25:01,58.386
2026-09-28T16:30:01,31.906
2026-09-28T16:35:01,15.171
2026-09-28T16:40:01,31.963
2026-09-28T16:45:01,45.799
2026-09-28T16:50:01,14.899
2026-09-28T16:55:01,4.952
2026-09-28T17:00:01,46.057
2026-09-28T17:05:01,13.882
2026-09-28T17:10:01,14.512
2026-09-28T17:15:01,31.1
2026-09-28T17:20:01,4.341
2026-09-28T17:25:01,4.919
2026-09-28T17:27:05,31.032
2026-09-28T17:35:01,36.447
2026-09-28T17:40:01,26.505
2026-09-28T17:45:01,43.783
2026-09-28T17:50:01,42.083
2026-09-28T17:55:01,61.648
2026-09-28T18:00:01,47.93
2026-09-28T18:05:01,110.029
2026-09-28T18:10:01,115.822
2026-09-28T18:15:01,127.831
2026-09-28T18:20:01,127.598
2026-09-28T18:25:01,119.722
2026-09-28T18:30:01,137.669
2026-09-28T18:35:01,101.709
2026-09-28T18:40:01,120.497
2026-09-28T18:45:01,136.055
2026-09-28T18:50:01,119.538
2026-09-28T18:55:01,198.455
2026-09-28T19:00:01,206.418
2026-09-28T19:05:01,219.032
2026-09-28T19:10:01,172.676
2026-09-28T19:15:01,181.113
2026-09-28T19:25:00,206.621
2026-09-28T19:30:00,145.32
2026-09-28T19:35:00,144.622
2026-09-28T19:40:00,162.568
2026-09-28T19:45:00,119.275
2026-09-28T19:50:00,176.87
2026-09-28T19:55:00,127.352
2026-09-28T20:00:00,118.984
2026-09-28T20:05:00,174.231
2026-09-28T20:10:00,135.481
2026-09-28T20:15:00,173.366
2026-09-28T20:20:00,223.736
2026-09-28T20:25:00,236.871
2026-09-28T20:30:00,188.839
2026-09-28T20:35:00,122.041
2026-09-28T20:40:00,137.054
2026-09-28T20:45:00,159.612
2026-09-28T20:50:00,127.904
2026-09-28T20:55:00,130.255
2026-09-28T21:00:00,147.227
2026-09-28T21:05:00,211.319
2026-09-28T21:10:00,224.574
2026-09-28T21:15:00,233.55
2026-09-28T21:20:00,205.565
2026-09-28T21:25:00,158.727
2026-09-28T21:30:00,128.574
2026-09-28T21:35:00,136.426
2026-09-28T21:40:00,120.246
2026-09-28T21:45:00,117.955
2026-09-28T21:50:00,178.359
2026-09-28T21:55:00,147.289
2026-09-28T22:00:00,205.472
2026-09-28T22:05:00,258.074
2026-09-28T22:10:00,232.538
2026-09-28T22:15:00,225.484
2026-09-28T22:20:00,120.206
2026-09-28T22:25:00,137.972
2026-09-28T22:30:00,179.171
2026-09-28T22:35:00,123.338
2026-09-28T22:40:00,131.176
2026-09-28T22:45:00,171.766
2026-09-28T22:50:00,119.064
2026-09-28T22:55:00,118.857
2026-09-28T23:00:00,137.845
2026-09-28T23:05:00,250.884
2026-09-28T23:10:00,219.274
2026-09-28T23:15:00,186.359
2026-09-28T23:20:00,139.745
2026-09-28T23:25:00,139.848
2026-09-28T23:30:00,123.269
2026-09-28T23:35:00,140.965
2026-09-28T23:40:00,149.159
2026-09-28T23:45:00,113.697
2026-09-28T23:50:00,122.795
2026-09-28T23:55:00,140.546
2026-09-29T00:00:00,121.398
2026-09-29T00:05:00,214.544
2026-09-29T00:10:00,230.749
2026-09-29T00:15:00,248.333
2026-09-29T00:20:00,123.683
2026-09-29T00:25:00,139.091
2026-09-29T00:30:00,140.868
2026-09-29T00:35:00,144.877
2026-09-29T00:40:00,121.703
2026-09-29T00:45:00,150.605
2026-09-29T00:50:00,164.133
2026-09-29T00:55:00,122.86
2026-09-29T01:00:00,122.802
2026-09-29T01:05:00,160.319
2026-09-29T01:10:00,118.687
2026-09-29T01:15:00,137.223
2026-09-29T01:20:00,104.014
2026-09-29T01:25:00,119.424
2026-09-29T01:30:00,147.449
2026-09-29T01:35:00,249.021
2026-09-29T01:40:00,231.58
2026-09-29T01:45:00,213.717
2026-09-29T01:50:00,113.838
2026-09-29T01:55:00,123.924
2026-09-29T02:00:00,133.377
2026-09-29T02:05:00,140.889
2026-09-29T02:10:00,125.419
2026-09-29T02:15:00,122.718
2026-09-29T02:20:00,130.491
2026-09-29T02:25:00,121.468
2026-09-29T02:30:00,148.473
2026-09-29T02:35:00,134.441
2026-09-29T02:40:00,210.886
2026-09-29T02:45:00,231.083
2026-09-29T02:50:00,230.124
2026-09-29T02:50:20,226.824
2026-09-29T03:00:00,175.834
2026-09-29T03:05:00,231.358
2026-09-29T03:10:00,187.554
2026-09-29T03:15:00,123.15
2026-09-29T03:20:00,139.957
2026-09-29T03:25:00,113.99
2026-09-29T03:30:00,123.066
2026-09-29T03:35:00,142.082
2026-09-29T03:40:00,113.852
2026-09-29T03:45:00,154.494
2026-09-29T03:50:00,113.166
2026-09-29T03:55:00,131.907
2026-09-29T04:00:00,248.669
2026-09-29T04:05:00,205.203
2026-09-29T04:10:00,226.503
2026-09-29T04:15:00,202.846
2026-09-29T04:20:00,202.654
2026-09-29T04:25:00,189.348
2026-09-29T04:30:00,218.867
2026-09-29T04:35:00,150.84
2026-09-29T04:40:00,114.125
2026-09-29T04:45:00,124.962
2026-09-29T04:50:00,146.047
2026-09-29T04:55:00,123.931
2026-09-29T05:00:00,140.647
2026-09-29T05:05:00,130.988
2026-09-29T05:10:00,218.96
2026-09-29T05:15:00,228.87
2026-09-29T05:20:00,193.471
2026-09-29T05:25:00,198.21
2026-09-29T05:30:00,131.753
2026-09-29T05:35:00,157.179
2026-09-29T05:40:00,151.877
2026-09-29T05:45:00,151.269
2026-09-29T05:50:00,125.545
2026-09-29T05:55:00,150.723
2026-09-29T06:00:00,149.708
2026-09-29T06:05:00,199.298
2026-09-29T06:10:00,219.803
2026-09-29T06:15:00,241.612
2026-09-29T06:20:00,199.554
2026-09-29T06:25:00,185.75
2026-09-29T06:30:00,146.065
2026-09-29T06:35:00,173.446
2026-09-29T06:40:00,126.239
2026-09-29T06:45:00,152.036
2026-09-29T06:50:00,142.196
2026-09-29T06:55:00,148.279
2026-09-29T07:00:00,173.101
2026-09-29T07:05:00,128.186
2026-09-29T07:10:00,223.753
2026-09-29T07:15:00,197.206
2026-09-29T07:20:00,210.281
2026-09-29T07:25:00,209.28
2026-09-29T07:30:00,226.929
2026-09-29T07:35:00,174.226
2026-09-29T07:40:00,142.427
2026-09-29T07:45:00,124.973
2026-09-29T07:50:00,141.755
2026-09-29T07:55:00,123.153
2026-09-29T08:00:00,181.113
2026-09-29T08:05:00,222.978
2026-09-29T08:10:00,253.818
2026-09-29T08:15:00,169.183
2026-09-29T08:20:00,190.562
2026-09-29T08:25:00,132.365
2026-09-29T08:30:00,197.154
2026-09-29T08:35:00,141.022
2026-09-29T08:40:00,123.088
2026-09-29T08:45:00,165.58
2026-09-29T08:50:00,140.054
2026-09-29T08:55:00,123.004
2026-09-29T09:00:00,136.776
2026-09-29T09:05:00,183.036
2026-09-29T09:10:00,122.752
2026-09-29T09:15:00,144.076
2026-09-29T09:20:00,133.066
2026-09-29T09:25:00,187.878
2026-09-29T09:30:00,200.459
2026-09-29T09:35:00,180.603
2026-09-29T09:40:00,231.375
2026-09-29T09:45:00,195.403
2026-09-29T09:50:00,159.034
2026-09-29T09:55:00,142.932
2026-09-29T10:00:00,114.441
2026-09-29T10:05:00,121.403
2026-09-29T10:10:00,141.026
2026-09-29T10:15:00,184.873
2026-09-29T10:20:00,126.823
2026-09-29T10:25:00,112.821
2026-09-29T10:30:00,127.077
2026-09-29T10:35:00,138.526
2026-09-29T10:40:00,118.422
2026-09-29T10:45:00,127.88
2026-09-29T10:50:00,110.468
2026-09-29T10:55:00,135.869
2026-09-29T11:00:00,138.189
2026-09-29T11:05:00,131.875
2026-09-29T11:10:00,218.494
2026-09-29T11:15:00,239.069
2026-09-29T11:20:00,220.237
2026-09-29T11:25:00,218.186
2026-09-29T11:30:00,137.1
2026-09-29T11:35:00,136.612
2026-09-29T11:40:00,109.355
2026-09-29T11:45:00,118.08
2026-09-29T11:50:00,137.021
2026-09-29T11:55:00,138.094
2026-09-29T12:00:00,116.158
2026-09-29T12:05:00,265.958
2026-09-29T12:10:00,144.71
2026-09-29T12:15:00,56.221
2026-09-29T12:20:00,207.925
2026-09-29T12:25:00,132.138
2026-09-29T12:30:00,125.447
2026-09-29T12:35:00,42.543
2026-09-29T12:40:00,61.101
2026-09-29T12:45:00,57.766
2026-09-29T12:50:00,43.059
2026-09-29T12:55:00,68.923
2026-09-29T13:00:00,67.346
2026-09-29T13:05:00,60.585
2026-09-29T13:10:00,59.096
2026-09-29T13:15:00,36.294
2026-09-29T13:20:00,59.921
2026-09-29T13:25:00,33.664
2026-09-29T13:30:00,42.816
2026-09-29T13:35:00,42.197
2026-09-29T13:40:00,50.485
2026-09-29T13:45:00,47.143
2026-09-29T13:50:00,41.154
2026-09-29T13:55:00,57.715
2026-09-29T14:00:00,39.501
2026-09-29T14:05:00,58.601
2026-09-29T14:10:00,30.462
2026-09-29T14:15:00,73.292
2026-09-29T14:20:00,40.645
2026-09-29T14:25:00,62.148
2026-09-29T14:30:00,34.267
2026-09-29T14:35:00,75.471
2026-09-29T14:40:00,68.944
2026-09-29T14:45:00,52.552
2026-09-29T14:50:00,65.35
2026-09-29T14:55:00,116.619
2026-09-29T15:00:00,120.864
2026-09-29T15:05:00,121.691
2026-09-29T15:10:00,129.755
2026-09-29T15:15:00,182.198
2026-09-29T15:20:00,112.753
2026-09-29T15:25:00,119.712
2026-09-29T15:30:00,127.719
2026-09-29T15:35:00,119.513
2026-09-29T15:40:00,148.311
2026-09-29T15:45:00,114.56
2026-09-29T15:50:00,225.908
2026-09-29T15:55:00,194.494
2026-09-29T16:00:00,210.286
2026-09-29T16:05:00,247.213
2026-09-29T16:05:02,246.619
2026-09-29T16:10:02,137.424
2026-09-29T16:15:02,114.892
2026-09-29T16:20:32,112.153
2026-09-29T16:25:32,139.302
2026-09-29T16:30:32,139.173
2026-09-29T16:35:32,111.048
2026-09-29T16:40:32,147.024
2026-09-29T16:45:32,139.17
2026-09-29T16:50:32,119.774
2026-09-29T16:55:32,122.791
2026-09-29T17:00:32,138.002
2026-09-29T17:05:32,117.523
2026-09-29T17:15:00,130.575
2026-09-29T17:20:00,120.516
2026-09-29T17:25:00,118.747
2026-09-29T17:30:00,176.193
2026-09-29T17:35:00,134.544
2026-09-29T17:40:00,118.572
2026-09-29T17:45:00,130.576
2026-09-29T17:50:00,221.172
2026-09-29T17:55:00,244.608
2026-09-29T18:00:00,180.88
2026-09-29T18:05:00,231.531
2026-09-29T18:10:00,169.869
2026-09-29T18:15:00,146.928
2026-09-29T18:20:00,142.645
2026-09-29T18:25:00,127.273
2026-09-29T18:30:00,111.628
2026-09-29T18:35:00,132.64
2026-09-29T18:40:00,107.767
2026-09-29T18:45:00,94.201
2026-09-29T18:50:00,145.191
2026-09-29T18:55:00,96.964
2026-09-29T19:00:00,96.544
2026-09-29T19:05:00,104.119
2026-09-29T19:10:00,143.328
2026-09-29T19:15:00,38.623
2026-09-29T19:20:00,50.708
2026-09-29T19:25:00,30.595
2026-09-29T19:30:00,25.448
2026-09-29T19:35:00,74.446
2026-09-29T19:40:00,26.552
2026-09-29T19:45:00,42.407
2026-09-29T19:50:00,44.048
2026-09-29T19:55:00,117.087
2026-09-29T20:00:00,125.74
2026-09-29T20:05:00,98.911
2026-09-29T20:10:00,97.896
2026-09-29T20:15:00,10.966
2026-09-29T20:20:00,60.027
2026-09-29T20:25:00,21.59
2026-09-29T20:30:00,28.447
2026-09-29T20:35:00,43.556
2026-09-29T20:40:00,61.021
2026-09-29T20:45:00,72.397
2026-09-29T20:50:00,62.905
2026-09-29T20:55:00,79.904
2026-09-29T21:00:00,47.443
2026-09-29T21:05:00,126.773
2026-09-29T21:10:00,113.62
2026-09-29T21:15:00,122.752
2026-09-29T21:20:00,130.273
2026-09-29T21:25:00,263.316
2026-09-29T21:30:00,246.877
2026-09-29T21:35:00,238.569
2026-09-29T21:40:00,217.36
2026-09-29T21:45:00,218.539
2026-09-29T21:50:00,150.409
2026-09-29T21:55:00,157.422
2026-09-29T22:00:00,140.744
2026-09-29T22:05:00,150.315
2026-09-29T22:10:00,158.581
2026-09-29T22:15:00,126.671
2026-09-29T22:20:00,142.194
2026-09-29T22:25:00,153.93
2026-09-29T22:30:00,141.885
2026-09-29T22:35:00,139.549
2026-09-29T22:40:00,128.902
2026-09-29T22:45:00,124.245
2026-09-29T22:50:00,140.554
2026-09-29T22:55:00,142.491
2026-09-29T23:00:00,222.316
2026-09-29T23:05:00,212.312
2026-09-29T23:10:00,232.8
2026-09-29T23:15:00,200.512
2026-09-29T23:20:00,211.873
2026-09-29T23:25:00,238.616
2026-09-29T23:30:00,123.362
2026-09-29T23:35:00,125.868
2026-09-29T23:40:00,141.83
2026-09-29T23:45:00,134.57
2026-09-29T23:50:00,124.877
2026-09-29T23:55:00,144.854
2026-09-30T00:00:00,248.76
2026-09-30T00:05:00,221.486
2026-09-30T00:10:00,194.499
2026-09-30T00:15:00,143.51
2026-09-30T00:20:00,123.549
2026-09-30T00:25:00,125.569
2026-09-30T00:30:00,144.488
2026-09-30T00:35:00,117.566
2026-09-30T00:40:00,114.814
2026-09-30T00:45:00,144.364
2026-09-30T00:50:00,150.386
2026-09-30T00:55:00,117.136
2026-09-30T01:00:00,167.365
2026-09-30T01:05:00,142.865
2026-09-30T01:10:00,125.022
2026-09-30T01:15:00,117.481
2026-09-30T01:20:00,135.166
2026-09-30T01:25:00,137.684
2026-09-30T01:30:00,142.461
2026-09-30T01:35:00,113.812
2026-09-30T01:40:00,123.031
2026-09-30T01:45:00,141.446
2026-09-30T01:50:00,227.553
2026-09-30T01:55:00,170.08
2026-09-30T02:00:00,182.192
2026-09-30T02:05:00,150.404
2026-09-30T02:10:00,174.259
2026-09-30T02:15:00,148.988
2026-09-30T02:20:00,126.851
2026-09-30T02:25:00,143.114
2026-09-30T02:30:00,163.719
2026-09-30T02:35:00,147.897
2026-09-30T02:40:00,153.222
2026-09-30T02:45:00,128.427
2026-09-30T02:50:00,195.136
2026-09-30T02:55:00,232.907
2026-09-30T03:00:00,205.139
2026-09-30T03:05:00,249.72
2026-09-30T03:10:00,237.235
2026-09-30T03:15:00,227.529
2026-09-30T03:20:00,145.012
2026-09-30T03:25:00,120.515
2026-09-30T03:30:00,119.232
2026-09-30T03:35:00,124.875
2026-09-30T03:40:00,127.688
2026-09-30T03:45:00,194.299
2026-09-30T03:50:00,192.816
2026-09-30T03:55:00,248.768
2026-09-30T04:00:00,210.873
2026-09-30T04:05:00,179.685
2026-09-30T04:10:00,144.704
2026-09-30T04:15:00,139.375
2026-09-30T04:20:00,178.005
2026-09-30T04:25:00,127.218
2026-09-30T04:30:00,127.268
2026-09-30T04:35:00,143.31
2026-09-30T04:40:00,125.448
2026-09-30T04:45:00,245.613
2026-09-30T04:50:00,229.447
2026-09-30T04:55:00,219.631
2026-09-30T05:00:00,182.135
2026-09-30T05:05:00,128.052
2026-09-30T05:10:00,121.1
2026-09-30T05:15:00,213.7
2026-09-30T05:20:00,220.653
2026-09-30T05:25:00,191.172
2026-09-30T05:30:00,128.577
2026-09-30T05:35:00,157.514
2026-09-30T05:40:00,144.427
2026-09-30T05:45:00,119.584
2026-09-30T05:50:00,234.7
2026-09-30T05:55:00,236.956
2026-09-30T06:00:00,258.131
2026-09-30T06:05:00,267.492
2026-09-30T06:10:00,146.733
2026-09-30T06:15:00,64.01
2026-09-30T06:20:00,38.727
2026-09-30T06:25:00,26.848
2026-09-30T06:30:00,55.731
2026-09-30T06:35:00,44.92
2026-09-30T06:40:00,37.305
2026-09-30T06:45:00,36.915
2026-09-30T06:50:00,45.468
2026-09-30T06:55:00,27.518
2026-09-30T07:00:00,26.793
2026-09-30T07:05:00,17.046
2026-09-30T07:10:00,25.98
2026-09-30T07:15:00,16.926
2026-09-30T07:20:00,40.549
2026-09-30T07:25:00,53.586
2026-09-30T07:30:00,60.686
2026-09-30T07:35:00,44.0
2026-09-30T07:40:00,116.635
2026-09-30T07:45:00,184.353
2026-09-30T07:50:00,130.067
2026-09-30T07:55:00,132.498
2026-09-30T08:00:00,110.296
2026-09-30T08:05:00,129.537
2026-09-30T08:10:00,145.215
2026-09-30T08:15:00,117.296
2026-09-30T08:20:00,176.527
2026-09-30T08:25:00,146.594
2026-09-30T08:30:00,127.769
2026-09-30T08:35:00,136.038
2026-09-30T08:40:00,143.87
2026-09-30T08:45:00,136.215
2026-09-30T08:50:00,155.391
2026-09-30T08:55:00,133.313
2026-09-30T09:00:00,142.429
2026-09-30T09:05:00,137.351
2026-09-30T09:10:00,127.866
2026-09-30T09:15:00,103.991
2026-09-30T09:20:00,123.466
2026-09-30T09:25:00,126.362
2026-09-30T09:30:00,129.527
2026-09-30T09:35:00,239.202
2026-09-30T09:40:00,200.712
2026-09-30T09:45:00,128.609
2026-09-30T09:50:00,220.634
2026-09-30T09:55:00,254.51
2026-09-30T10:00:00,191.224
2026-09-30T10:05:00,145.743
2026-09-30T10:10:00,115.464
2026-09-30T10:15:00,175.377
2026-09-30T10:20:00,116.398
2026-09-30T10:25:00,137.815
2026-09-30T10:30:00,143.275
2026-09-30T10:35:00,147.73
2026-09-30T10:40:00,144.519
2026-09-30T10:45:00,214.281
2026-09-30T10:50:00,178.42
2026-09-30T10:55:00,190.434
2026-09-30T11:00:00,165.735
2026-09-30T11:05:00,171.071
2026-09-30T11:10:00,114.878
2026-09-30T11:15:00,175.768
2026-09-30T11:15:38,146.37
2026-09-30T11:20:38,126.908
2026-09-30T11:25:38,125.989
2026-09-30T11:30:38,134.69
2026-09-30T11:35:38,126.008
2026-09-30T11:40:38,146.654
2026-09-30T11:45:38,116.898
2026-09-30T11:50:38,188.253
2026-09-30T11:55:38,151.311
2026-09-30T12:00:38,142.667
2026-09-30T12:05:38,133.898
2026-09-30T12:10:38,170.68
2026-09-30T12:15:38,133.608
2026-09-30T12:20:38,150.694
2026-09-30T12:25:38,124.152
2026-09-30T12:30:38,130.722
2026-09-30T12:35:38,117.592
2026-09-30T12:40:38,126.311
2026-09-30T12:45:38,195.427
2026-09-30T12:50:38,157.96
2026-09-30T12:55:38,229.531
2026-09-30T13:00:38,236.645
2026-09-30T13:05:38,200.829
2026-09-30T13:10:38,134.641
2026-09-30T13:15:38,152.232
2026-09-30T13:20:38,237.348
2026-09-30T13:25:38,230.921
2026-09-30T13:30:38,250.481
2026-09-30T13:35:38,213.767
2026-09-30T13:40:38,169.93
2026-09-30T13:45:38,250.219
2026-09-30T13:50:38,148.725
2026-09-30T13:55:38,147.182
2026-09-30T14:00:38,159.395
2026-09-30T14:05:38,217.433
2026-09-30T14:10:38,245.017
2026-09-30T14:15:38,188.098
2026-09-30T14:20:38,147.751
2026-09-30T14:25:38,198.137
2026-09-30T14:30:38,197.14
2026-09-30T14:35:38,189.054
2026-09-30T14:40:38,144.145
2026-09-30T14:45:38,124.655
2026-09-30T14:50:38,145.486
2026-09-30T14:55:38,145.127
2026-09-30T15:00:38,183.746
2026-09-30T15:05:38,124.638
2026-09-30T15:10:38,145.616
2026-09-30T15:15:38,125.374
2026-09-30T15:20:38,127.944
2026-09-30T15:25:38,173.608
2026-09-30T15:30:38,117.122
2026-09-30T15:35:38,125.096
2026-09-30T15:40:38,174.412
2026-09-30T15:45:38,142.762
2026-09-30T15:50:38,242.325
2026-09-30T15:55:38,207.864
2026-09-30T16:00:38,219.216
2026-09-30T16:05:38,192.174
2026-09-30T16:10:38,125.74
2026-09-30T16:15:38,142.901
2026-09-30T16:20:38,172.879
2026-09-30T16:25:38,125.046
2026-09-30T16:30:38,123.44
2026-09-30T16:35:38,167.771
2026-09-30T16:40:38,122.506
2026-09-30T16:45:38,122.783
2026-09-30T16:50:38,141.504
2026-09-30T16:55:38,141.391
2026-09-30T17:00:38,131.221
2026-09-30T17:05:38,154.54
2026-09-30T17:10:38,250.358
2026-09-30T17:20:00,207.738
2026-09-30T17:25:00,212.614
2026-09-30T17:30:00,229.162
2026-09-30T17:35:00,163.397
2026-09-30T17:40:00,122.454
2026-09-30T17:45:00,149.417
2026-09-30T17:50:00,147.033
2026-09-30T17:55:00,136.204
2026-09-30T18:00:00,255.472
2026-09-30T18:05:00,234.564
2026-09-30T18:10:00,244.596
2026-09-30T18:15:00,221.812
2026-09-30T18:20:00,223.489
2026-09-30T18:25:00,141.628
2026-09-30T18:30:00,124.307
2026-09-30T18:35:00,123.991
2026-09-30T18:40:00,145.148
2026-09-30T18:45:00,179.365
2026-09-30T18:50:00,159.85
2026-09-30T18:55:00,144.17
2026-09-30T19:00:00,128.219
2026-09-30T19:05:00,212.852
2026-09-30T19:10:00,217.045
2026-09-30T19:15:00,190.148
2026-09-30T19:20:00,160.822
2026-09-30T19:25:00,153.111
2026-09-30T19:30:00,151.416
2026-09-30T19:35:00,121.718
2026-09-30T19:40:00,132.404
2026-09-30T19:45:00,149.646
2026-09-30T19:50:00,125.053
2026-09-30T19:55:00,123.235
2026-09-30T20:00:00,147.455
2026-09-30T20:05:00,218.97
2026-09-30T20:10:00,175.951
2026-09-30T20:15:00,184.206
2026-09-30T20:20:00,184.383
2026-09-30T20:25:00,165.756
2026-09-30T20:30:00,131.606
2026-09-30T20:35:00,169.893
2026-09-30T20:40:00,131.373
2026-09-30T20:45:00,132.083
2026-09-30T20:50:00,150.706
2026-09-30T20:55:00,131.301
2026-09-30T21:00:00,153.814
2026-09-30T21:05:00,155.652
2026-09-30T21:10:00,128.332
2026-09-30T21:15:00,167.637
2026-09-30T21:20:00,241.313
2026-09-30T21:25:00,221.086
2026-09-30T21:30:00,242.456
2026-09-30T21:35:00,139.062
2026-09-30T21:40:00,138.305
2026-09-30T21:45:00,29.112
2026-09-30T21:50:00,29.332
2026-09-30T21:55:00,23.618
2026-09-30T22:00:00,60.747
2026-09-30T22:05:00,20.828
2026-09-30T22:10:00,26.703
2026-09-30T22:15:00,44.728
2026-09-30T22:20:00,17.963
2026-09-30T22:25:00,45.438
2026-09-30T22:30:00,17.548
2026-09-30T22:35:00,67.856
2026-09-30T22:40:00,19.491
2026-09-30T22:45:00,27.24
2026-09-30T22:50:00,8.758
2026-09-30T22:55:00,17.534
2026-09-30T23:00:00,131.492
2026-09-30T23:05:00,148.891
2026-09-30T23:10:00,78.162
2026-09-30T23:15:00,82.423
2026-09-30T23:20:00,77.474
2026-09-30T23:25:00,99.002
2026-09-30T23:30:00,164.229
2026-09-30T23:35:00,151.037
2026-09-30T23:40:00,123.427
2026-09-30T23:45:00,131.116
2026-09-30T23:50:00,140.818
2026-09-30T23:55:00,124.354
2026-10-01T00:00:00,221.879
2026-10-01T00:05:00,235.132
2026-10-01T00:10:00,242.368
2026-10-01T00:15:00,166.53
2026-10-01T00:20:00,142.41
2026-10-01T00:25:00,142.361
2026-10-01T00:30:00,124.678
2026-10-01T00:35:00,142.178
2026-10-01T00:40:00,153.079
2026-10-01T00:45:00,123.336
2026-10-01T00:50:00,137.849
2026-10-01T00:55:00,146.739
2026-10-01T01:00:00,150.819
2026-10-01T01:05:00,124.416
2026-10-01T01:10:00,131.172
2026-10-01T01:15:00,136.39
2026-10-01T01:20:00,120.329
2026-10-01T01:25:00,143.086
2026-10-01T01:30:00,114.397
2026-10-01T01:35:00,123.889
2026-10-01T01:40:00,143.026
2026-10-01T01:45:00,140.148
2026-10-01T01:50:00,150.139
2026-10-01T01:55:00,141.236
2026-10-01T02:00:00,214.613
2026-10-01T02:05:00,198.025
2026-10-01T02:10:00,189.443
2026-10-01T02:15:00,231.675
2026-10-01T02:20:00,205.084
2026-10-01T02:25:00,118.068
2026-10-01T02:30:00,124.344
2026-10-01T02:35:00,134.239
2026-10-01T02:40:00,158.077
2026-10-01T02:45:00,134.599
2026-10-01T02:50:00,140.871
2026-10-01T02:55:00,153.847
2026-10-01T03:00:00,231.856
2026-10-01T03:05:00,195.356
2026-10-01T03:10:00,179.79
2026-10-01T03:15:00,179.403
2026-10-01T03:20:00,207.531
2026-10-01T03:25:00,177.93
2026-10-01T03:30:00,125.87
2026-10-01T03:35:00,152.699
2026-10-01T03:40:00,137.903
2026-10-01T03:45:00,127.526
2026-10-01T03:50:00,144.712
2026-10-01T03:55:00,158.211
2026-10-01T04:00:00,243.604
2026-10-01T04:05:00,222.372
2026-10-01T04:10:00,169.344
2026-10-01T04:15:00,145.775
2026-10-01T04:20:00,129.643
2026-10-01T04:25:00,117.159
2026-10-01T04:30:00,153.704
2026-10-01T04:35:00,140.118
2026-10-01T04:40:00,128.051
2026-10-01T04:45:00,118.4
2026-10-01T04:50:00,126.908
2026-10-01T04:55:00,186.743
2026-10-01T05:00:00,127.199
2026-10-01T05:05:00,215.549
2026-10-01T05:10:00,270.471
2026-10-01T05:15:00,213.717
2026-10-01T05:20:00,215.555
2026-10-01T05:25:00,116.23
2026-10-01T05:30:00,130.226
2026-10-01T05:35:00,154.963
2026-10-01T05:40:00,177.051
2026-10-01T05:45:00,153.674
2026-10-01T05:50:00,142.845
2026-10-01T05:55:00,169.077
2026-10-01T06:00:00,143.436
2026-10-01T06:05:00,123.909
2026-10-01T06:10:00,220.403
2026-10-01T06:15:00,196.827
2026-10-01T06:20:00,249.344
2026-10-01T06:25:00,197.7
2026-10-01T06:30:00,216.235
2026-10-01T06:35:00,228.392
2026-10-01T06:40:00,127.064
2026-10-01T06:45:00,151.334
2026-10-01T06:50:00,144.295
2026-10-01T06:55:00,248.338
2026-10-01T07:00:00,209.423
2026-10-01T07:05:00,203.069
2026-10-01T07:10:00,145.962
2026-10-01T07:15:00,136.556
2026-10-01T07:20:00,126.705
2026-10-01T07:25:00,142.868
2026-10-01T07:30:00,143.187
2026-10-01T07:35:00,156.732
2026-10-01T07:40:00,124.643
2026-10-01T07:45:00,144.865
2026-10-01T07:50:00,134.34
2026-10-01T07:55:00,124.695
2026-10-01T08:00:00,127.167
2026-10-01T08:05:00,239.316
2026-10-01T08:10:00,240.02
2026-10-01T08:15:00,219.796
2026-10-01T08:20:00,193.119
2026-10-01T08:25:00,201.235
2026-10-01T08:30:00,159.062
2026-10-01T08:35:00,166.417
2026-10-01T08:40:00,149.393
2026-10-01T08:45:00,144.525
2026-10-01T08:50:00,154.451
2026-10-01T08:55:00,137.587
2026-10-01T09:00:00,141.447
2026-10-01T09:05:00,144.83
2026-10-01T09:10:00,113.493
2026-10-01T09:15:00,166.587
2026-10-01T09:20:00,189.77
2026-10-01T09:25:00,157.832
2026-10-01T09:30:00,183.16
2026-10-01T09:35:00,118.971
2026-10-01T09:40:00,125.717
2026-10-01T09:45:00,131.767
2026-10-01T09:50:00,233.489
2026-10-01T09:55:00,121.417
2026-10-01T10:00:00,231.978
2026-10-01T10:05:00,122.278
2026-10-01T10:10:00,155.876
2026-10-01T10:15:00,129.062
2026-10-01T10:20:00,137.164
2026-10-01T10:25:00,147.099
2026-10-01T10:30:00,155.177
2026-10-01T10:35:00,128.924
2026-10-01T10:40:00,147.447
2026-10-01T10:45:00,120.803
2026-10-01T10:50:00,160.547
2026-10-01T10:55:00,124.366
2026-10-01T11:00:00,128.393
2026-10-01T11:05:00,138.518
2026-10-01T11:10:00,161.454
2026-10-01T11:15:00,137.295
2026-10-01T11:20:00,154.753
2026-10-01T11:25:00,128.029
2026-10-01T11:30:00,163.576
2026-10-01T11:35:00,112.375
2026-10-01T11:40:00,121.193
2026-10-01T11:45:00,136.122
2026-10-01T11:50:00,140.828
2026-10-01T11:55:00,116.706
2026-10-01T12:00:00,140.164
2026-10-01T12:05:00,225.204
2026-10-01T12:10:00,203.553
2026-10-01T12:15:00,201.788
2026-10-01T12:20:00,224.069
2026-10-01T12:25:00,238.835
2026-10-01T12:30:00,207.932
2026-10-01T12:35:00,203.614
2026-10-01T12:40:00,183.603
2026-10-01T12:45:00,217.049
2026-10-01T12:50:00,142.503
2026-10-01T12:55:00,154.438
2026-10-01T13:00:00,132.83
2026-10-01T13:05:00,128.759
2026-10-01T13:10:00,142.739
2026-10-01T13:15:00,241.972
2026-10-01T13:20:00,186.867
2026-10-01T13:25:00,223.015
2026-10-01T13:30:00,169.702
2026-10-01T13:35:00,122.504
2026-10-01T13:40:00,126.964
2026-10-01T13:45:00,274.829
2026-10-01T13:50:00,204.536
2026-10-01T13:55:00,174.895
2026-10-01T14:00:00,186.18
2026-10-01T14:05:00,251.241
2026-10-01T14:10:00,133.079
2026-10-01T14:15:00,123.806
2026-10-01T14:20:00,126.25
2026-10-01T14:25:00,177.472
2026-10-01T14:30:00,144.933
2026-10-01T14:35:00,122.697
2026-10-01T14:40:00,229.861
2026-10-01T14:45:00,209.056
2026-10-01T14:50:00,175.337
2026-10-01T14:55:00,179.275
2026-10-01T15:00:00,201.74
2026-10-01T15:05:00,140.464
2026-10-01T15:10:00,123.661
2026-10-01T15:15:00,134.604
2026-10-01T15:20:00,151.867
2026-10-01T15:25:00,141.892
2026-10-01T15:30:00,123.674
2026-10-01T15:35:00,156.61
2026-10-01T15:40:00,213.644
2026-10-01T15:45:00,207.746
2026-10-01T15:50:00,218.861
2026-10-01T15:55:00,124.142
2026-10-01T16:00:00,151.981
2026-10-01T16:05:00,238.375
2026-10-01T16:10:00,152.445
2026-10-01T16:15:00,156.788
2026-10-01T16:20:00,142.291
2026-10-01T16:25:00,139.699
2026-10-01T16:30:00,123.344
2026-10-01T16:35:00,132.876
2026-10-01T16:40:00,181.934
2026-10-01T16:45:00,142.746
2026-10-01T16:50:00,132.332
2026-10-01T16:55:00,128.698
2026-10-01T17:00:00,141.271
2026-10-01T17:05:00,150.935
2026-10-01T17:10:00,135.948
2026-10-01T17:15:00,232.282
2026-10-01T17:20:00,251.974
2026-10-01T17:25:00,244.674
2026-10-01T17:30:00,212.607
2026-10-01T17:35:00,216.608
2026-10-01T17:36:54,188.941
2026-10-01T17:41:54,183.706
2026-10-01T17:46:54,183.109
2026-10-01T17:51:54,126.457
2026-10-01T17:56:54,125.527
2026-10-01T18:01:54,250.968
2026-10-01T18:06:54,270.305
2026-10-01T18:11:54,219.09
2026-10-01T18:16:54,185.946
2026-10-01T18:21:54,143.11
2026-10-01T18:26:54,131.992
2026-10-01T18:31:54,150.807
2026-10-01T18:39:20,126.412
2026-10-01T18:45:00,124.881
2026-10-01T18:50:00,143.534
2026-10-01T18:55:00,147.845
2026-10-01T19:00:00,241.833
2026-10-01T19:05:00,200.91
2026-10-01T19:10:00,205.226
2026-10-01T19:15:00,240.913
2026-10-01T19:20:01,168.006
2026-10-01T19:25:01,203.308
2026-10-01T19:30:01,182.142
2026-10-01T19:35:01,155.292
2026-10-01T19:40:01,127.134
2026-10-01T19:45:01,141.541
2026-10-01T19:50:01,135.797
2026-10-01T19:55:01,158.96
2026-10-01T20:00:01,149.39
2026-10-01T20:05:01,132.345
2026-10-01T20:10:01,135.171
2026-10-01T20:15:01,182.116
2026-10-01T20:20:01,131.898
2026-10-01T20:25:01,128.041
2026-10-01T20:30:01,241.432
2026-10-01T20:35:01,224.051
2026-10-01T20:40:01,219.606
2026-10-01T20:45:01,142.401
2026-10-01T20:50:01,114.536
2026-10-01T20:55:01,136.512
2026-10-01T21:00:01,174.701
2026-10-01T21:05:01,244.011
2026-10-01T21:10:01,217.871
2026-10-01T21:15:01,204.959
2026-10-01T21:20:01,230.218
2026-10-01T21:25:01,219.957
2026-10-01T21:30:01,124.689
2026-10-01T21:35:01,141.312
2026-10-01T21:40:01,123.135
2026-10-01T21:45:01,125.834
2026-10-01T21:50:01,172.292
2026-10-01T21:55:01,153.182
2026-10-01T22:00:01,121.956
2026-10-01T22:05:01,242.999
2026-10-01T22:10:01,222.281
2026-10-01T22:15:01,226.826
2026-10-01T22:20:01,171.96
2026-10-01T22:25:01,122.95
2026-10-01T22:30:01,135.619
2026-10-01T22:35:01,144.358
2026-10-01T22:40:01,152.273
2026-10-01T22:45:01,155.709
2026-10-01T22:50:01,123.977
2026-10-01T22:55:01,141.527
2026-10-01T23:00:01,133.914
2026-10-01T23:05:01,228.754
2026-10-01T23:10:01,243.529
2026-10-01T23:15:01,174.022
2026-10-01T23:20:01,125.274
2026-10-01T23:25:01,124.921
2026-10-01T23:30:01,154.953
2026-10-01T23:35:01,126.717
2026-10-01T23:40:01,124.747
2026-10-01T23:45:01,153.21
2026-10-01T23:50:01,156.413
2026-10-01T23:55:01,133.366
2026-10-02T00:00:01,235.234
2026-10-02T00:05:01,237.284
2026-10-02T00:10:01,224.439
2026-10-02T00:15:01,247.501
2026-10-02T00:20:01,186.766
2026-10-02T00:25:01,134.6
2026-10-02T00:30:01,124.889
2026-10-02T00:35:01,174.713
2026-10-02T00:40:01,124.306
2026-10-02T00:45:01,116.836
2026-10-02T00:50:01,141.702
2026-10-02T00:55:01,124.07
2026-10-02T01:00:01,159.245
2026-10-02T01:05:01,147.436
2026-10-02T01:10:01,150.977
2026-10-02T01:15:01,221.267
2026-10-02T01:20:01,235.735
2026-10-02T01:25:01,218.936
2026-10-02T01:30:01,181.504
2026-10-02T01:35:01,208.438
2026-10-02T01:40:01,209.747
2026-10-02T01:45:01,142.365
2026-10-02T01:50:01,125.928
2026-10-02T01:55:01,146.062
2026-10-02T02:00:01,159.097
2026-10-02T02:05:01,125.925
2026-10-02T02:10:01,138.847
2026-10-02T02:15:01,127.729
2026-10-02T02:20:01,82.095
2026-10-02T02:25:01,46.933
2026-10-02T02:30:01,75.478
2026-10-02T02:35:01,80.277
2026-10-02T02:40:01,62.501
2026-10-02T02:45:01,57.79
2026-10-02T02:50:01,60.953
2026-10-02T02:55:01,77.523
2026-10-02T03:00:01,61.405
2026-10-02T03:05:01,77.544
2026-10-02T03:10:01,61.283
2026-10-02T03:15:01,80.687
2026-10-02T03:20:01,53.263
2026-10-02T03:25:01,79.407
2026-10-02T03:30:01,51.994
2026-10-02T03:35:01,72.907
2026-10-02T03:40:01,52.826
2026-10-02T03:45:01,68.853
2026-10-02T03:50:01,59.665
2026-10-02T03:55:01,68.823
2026-10-02T04:00:01,84.477
2026-10-02T04:05:01,91.923
2026-10-02T04:10:01,83.235
2026-10-02T04:15:01,92.018
2026-10-02T04:20:01,118.756
2026-10-02T04:25:01,158.481
2026-10-02T04:30:01,172.439
2026-10-02T04:35:01,155.382
2026-10-02T04:40:01,266.577
2026-10-02T04:45:01,216.941
2026-10-02T04:50:01,202.114
2026-10-02T04:55:01,233.987
2026-10-02T05:00:01,215.812
2026-10-02T05:05:01,265.958
2026-10-02T05:10:01,230.939
2026-10-02T05:15:01,159.664
2026-10-02T05:20:01,159.121
2026-10-02T05:25:01,157.178
2026-10-02T05:30:01,174.473
2026-10-02T05:35:01,148.938
2026-10-02T05:40:01,158.085
2026-10-02T05:45:01,268.16
2026-10-02T05:50:01,238.119
2026-10-02T05:55:01,246.19
2026-10-02T06:00:01,272.532
2026-10-02T06:05:01,161.854
2026-10-02T06:10:01,150.636
2026-10-02T06:15:01,160.666
2026-10-02T06:20:01,177.614
2026-10-02T06:25:01,152.699
2026-10-02T06:30:01,159.111
2026-10-02T06:35:01,185.252
2026-10-02T06:40:01,168.565
2026-10-02T06:45:01,179.917
2026-10-02T06:50:01,223.1
2026-10-02T06:55:01,254.823
2026-10-02T07:00:01,255.244
2026-10-02T07:05:01,271.993
2026-10-02T07:10:01,263.3
2026-10-02T07:15:01,213.423
2026-10-02T07:20:01,159.127
2026-10-02T07:25:01,177.175
2026-10-02T07:30:01,160.332
2026-10-02T07:35:01,164.394
2026-10-02T07:40:01,168.201
2026-10-02T07:45:01,310.441
2026-10-02T07:50:01,291.352
2026-10-02T07:55:01,281.298
2026-10-02T08:00:01,242.318
2026-10-02T08:05:01,193.085
2026-10-02T08:10:01,179.0
2026-10-02T08:15:01,179.888
2026-10-02T08:20:01,160.288
2026-10-02T08:25:01,176.114
2026-10-02T08:30:01,169.108
2026-10-02T08:35:01,161.183
2026-10-02T08:40:01,180.779
2026-10-02T08:45:01,176.367
2026-10-02T08:50:01,160.338
2026-10-02T08:55:01,131.423
2026-10-02T09:00:01,139.667
2026-10-02T09:05:01,116.558
2026-10-02T09:10:01,128.765
2026-10-02T09:15:01,138.292
2026-10-02T09:20:01,126.918
2026-10-02T09:25:01,246.733
2026-10-02T09:30:01,157.626
2026-10-02T09:35:01,149.804
2026-10-02T09:40:01,207.773
2026-10-02T09:45:01,124.123
2026-10-02T09:50:01,151.723
2026-10-02T09:55:01,114.631
2026-10-02T10:00:01,158.71
2026-10-02T10:05:01,115.355
2026-10-02T10:10:01,123.689
2026-10-02T10:15:01,131.517
2026-10-02T10:20:01,132.719
2026-10-02T10:25:01,217.978
2026-10-02T10:30:01,113.946
2026-10-02T10:35:01,115.32
2026-10-02T10:40:01,140.412
2026-10-02T10:45:01,118.251
2026-10-02T10:50:01,131.827
2026-10-02T10:55:01,180.894
2026-10-02T11:00:01,141.747
2026-10-02T11:05:01,131.255
2026-10-02T11:10:01,143.005
2026-10-02T11:15:01,158.172
2026-10-02T11:20:01,135.15
2026-10-02T11:25:01,125.535
2026-10-02T11:30:01,121.495
2026-10-02T11:35:01,147.41
2026-10-02T11:40:01,136.619
2026-10-02T11:45:01,183.525
2026-10-02T11:50:01,231.658
2026-10-02T11:55:01,219.983
2026-10-02T12:00:01,231.008
2026-10-02T12:05:01,186.349
2026-10-02T12:10:01,206.094
2026-10-02T12:15:01,191.283
2026-10-02T12:20:01,177.167
2026-10-02T12:25:01,208.105
2026-10-02T12:30:01,185.033
2026-10-02T12:35:01,160.367
2026-10-02T12:40:01,147.202
2026-10-02T12:45:01,140.262
2026-10-02T12:50:01,257.379
2026-10-02T12:55:01,210.425
2026-10-02T13:00:01,141.219
2026-10-02T13:05:01,127.099
2026-10-02T13:10:01,165.794
2026-10-02T13:15:01,143.37
2026-10-02T13:20:01,123.882
2026-10-02T13:25:01,241.87
2026-10-02T13:30:01,221.535
2026-10-02T13:35:01,180.335
2026-10-02T13:40:01,135.262
2026-10-02T13:45:01,187.541
2026-10-02T13:50:01,199.303
2026-10-02T13:55:01,231.845
2026-10-02T13:56:35,231.03
2026-10-02T14:01:35,238.658
2026-10-02T14:06:35,233.744
2026-10-02T14:11:35,122.726
2026-10-02T14:16:35,142.911
2026-10-02T14:21:35,150.659
2026-10-02T14:26:35,125.807
2026-10-02T14:31:35,127.674
2026-10-02T14:36:35,144.934
2026-10-02T14:41:35,153.877
2026-10-02T14:46:35,136.268
2026-10-02T14:51:35,176.288
2026-10-02T14:56:35,148.457
2026-10-02T15:01:35,82.235
2026-10-02T15:06:35,63.061
2026-10-02T15:11:35,52.434
2026-10-02T15:16:35,26.968
2026-10-02T15:21:35,17.805
2026-10-02T15:26:35,29.676
2026-10-02T15:31:35,19.295
2026-10-02T15:36:35,22.572
2026-10-02T15:41:35,13.076
2026-10-02T15:46:35,26.489
2026-10-02T15:51:35,11.018
2026-10-02T16:00:01,24.855
2026-10-02T16:05:01,48.06
2026-10-02T16:10:01,38.811
2026-10-02T16:15:01,19.986
2026-10-02T16:20:01,17.22
2026-10-02T16:25:01,9.746
2026-10-02T16:30:01,17.885
2026-10-02T16:35:01,9.384
2026-10-02T16:40:01,17.148
2026-10-02T16:45:01,10.209
2026-10-02T16:50:01,16.911
2026-10-02T16:55:01,61.36
2026-10-02T17:00:01,26.864
2026-10-02T17:05:01,17.344
2026-10-02T17:10:01,19.063
2026-10-02T17:15:01,9.077
2026-10-02T17:20:01,35.347
2026-10-02T17:25:01,7.731
2026-10-02T17:30:01,35.886
2026-10-02T17:35:01,17.193
2026-10-02T17:40:01,34.623
2026-10-02T17:45:01,16.915
2026-10-02T17:50:01,21.718
2026-10-02T17:55:01,27.886
2026-10-02T18:00:01,8.646
2026-10-02T18:05:01,15.855
2026-10-02T18:10:01,11.378
2026-10-02T18:15:01,16.069
2026-10-02T18:20:01,10.086
2026-10-02T18:25:01,17.443
2026-10-02T18:30:01,8.61
2026-10-02T18:35:01,22.284
2026-10-02T18:40:01,41.301
2026-10-02T18:45:01,34.033
2026-10-02T18:50:01,23.767
2026-10-02T18:55:01,17.049
2026-10-02T19:00:01,9.623
2026-10-02T19:05:01,18.733
2026-10-02T19:10:01,9.945
2026-10-02T19:15:01,16.928
2026-10-02T19:25:00,24.326
2026-10-02T19:30:00,33.535
2026-10-02T19:35:00,15.69
2026-10-02T19:40:00,35.411
2026-10-02T19:45:00,10.986
2026-10-02T19:50:00,40.066
2026-10-02T19:55:00,13.917
2026-10-02T20:00:00,22.905
2026-10-02T20:05:00,13.564
2026-10-02T20:10:00,71.208
2026-10-02T20:15:00,51.611
2026-10-02T20:20:00,29.998
2026-10-02T20:25:00,44.567
2026-10-02T20:30:00,18.776
2026-10-02T20:35:00,36.263
2026-10-02T20:40:00,18.358
2026-10-02T20:45:00,37.111
2026-10-02T20:50:00,18.727
2026-10-02T20:55:00,28.29
2026-10-02T21:00:00,8.713
2026-10-02T21:05:00,18.801
2026-10-02T21:10:00,58.96
2026-10-02T21:15:00,44.082
2026-10-02T21:20:00,66.915
2026-10-02T21:25:00,88.818
2026-10-02T21:30:00,71.938
2026-10-02T21:35:00,46.168
2026-10-02T21:40:00,46.362
2026-10-02T21:45:00,89.466
2026-10-02T21:50:00,128.108
2026-10-02T21:55:00,99.984
2026-10-02T22:00:00,120.221
2026-10-02T22:05:00,130.561
2026-10-02T22:10:00,123.42
2026-10-02T22:15:00,124.419
2026-10-02T22:20:00,132.376
2026-10-02T22:25:00,115.557
2026-10-02T22:30:00,123.851
2026-10-02T22:35:00,173.959
2026-10-02T22:40:00,144.991
2026-10-02T22:45:00,124.098
2026-10-02T22:50:00,163.883
2026-10-02T22:55:00,241.015
2026-10-02T23:00:00,222.279
2026-10-02T23:05:00,260.288
2026-10-02T23:10:00,193.53
2026-10-02T23:15:00,123.368
2026-10-02T23:20:00,154.023
2026-10-02T23:25:00,140.833
2026-10-02T23:30:00,184.907
2026-10-02T23:35:00,125.391
2026-10-02T23:40:00,173.272
2026-10-02T23:45:00,123.476
2026-10-02T23:50:00,121.942
2026-10-02T23:55:00,79.704
2026-10-03T00:00:00,157.128
2026-10-03T00:05:00,51.632
2026-10-03T00:10:00,45.374
2026-10-03T00:15:00,54.473
2026-10-03T00:20:00,42.619
2026-10-03T00:25:00,43.924
2026-10-03T00:30:00,60.644
2026-10-03T00:35:00,43.319
2026-10-03T00:40:00,71.332
2026-10-03T00:45:00,44.62
2026-10-03T00:50:00,60.213
2026-10-03T00:55:00,44.744
2026-10-03T01:00:00,42.09
2026-10-03T01:05:00,35.321
2026-10-03T01:10:00,42.197
2026-10-03T01:15:00,36.052
2026-10-03T01:20:00,41.591
2026-10-03T01:25:00,54.558
2026-10-03T01:30:00,51.189
2026-10-03T01:35:00,60.374
2026-10-03T01:40:00,42.697
2026-10-03T01:45:00,60.269
2026-10-03T01:50:00,49.204
2026-10-03T01:55:00,77.772
2026-10-03T02:00:00,51.546
2026-10-03T02:05:00,51.669
