instante,potencia_kw
2026-09-11T19:20:01,2.332
2026-09-11T19:25:01,5.171
2026-09-11T19:30:01,3.984
2026-09-11T19:31:39,2.443
2026-09-11T19:36:39,2.12
2026-09-11T19:41:39,2.761
2026-09-11T19:47:07,4.052
2026-09-11T19:52:07,2.854
2026-09-11T19:57:07,2.394
2026-09-11T20:05:01,2.408
2026-09-11T20:10:01,11.024
2026-09-11T20:15:01,6.865
2026-09-11T20:20:01,4.749
2026-09-11T20:25:01,15.866
2026-09-11T20:30:01,5.98
2026-09-11T20:35:01,5.306
2026-09-11T20:40:01,4.921
2026-09-11T20:45:01,4.293
2026-09-11T20:50:01,3.605
2026-09-11T20:55:01,4.25
2026-09-11T21:00:01,2.14
2026-09-11T21:05:01,3.825
2026-09-11T21:10:01,2.12
2026-09-11T21:15:01,3.721
2026-09-11T21:20:01,2.012
2026-09-11T21:25:01,3.842
2026-09-11T21:30:01,2.553
2026-09-11T21:35:01,3.718
2026-09-11T21:40:01,2.676
2026-09-11T21:45:01,3.696
2026-09-11T21:50:01,4.16
2026-09-11T21:55:01,3.794
2026-09-11T22:00:01,3.898
2026-09-11T22:05:01,3.796
2026-09-11T22:10:01,3.78
2026-09-11T22:15:01,4.04
2026-09-11T22:20:01,3.604
2026-09-11T22:25:01,4.196
2026-09-11T22:30:01,3.587
2026-09-11T22:35:01,11.793
2026-09-11T22:40:01,11.126
2026-09-11T22:45:01,11.233
2026-09-11T22:50:01,10.967
2026-09-11T22:55:01,11.009
2026-09-11T23:00:01,10.923
2026-09-11T23:05:01,3.741
2026-09-11T23:10:01,14.36
2026-09-11T23:15:01,3.75
2026-09-11T23:20:01,4.014
2026-09-11T23:25:01,3.712
2026-09-11T23:30:01,4.306
2026-09-11T23:35:01,3.732
2026-09-11T23:40:01,4.128
2026-09-11T23:45:01,3.531
2026-09-11T23:50:01,4.177
2026-09-11T23:55:01,3.557
2026-09-12T00:00:01,3.904
2026-09-12T00:05:01,3.741
2026-09-12T00:10:01,4.06
2026-09-12T00:15:01,3.51
2026-09-12T00:20:01,3.677
2026-09-12T00:25:01,3.635
2026-09-12T00:30:01,3.683
2026-09-12T00:35:01,4.24
2026-09-12T00:40:01,3.722
2026-09-12T00:45:01,4.13
2026-09-12T00:50:01,3.82
2026-09-12T00:55:01,4.195
2026-09-12T01:00:01,3.669
2026-09-12T01:05:01,2.097
2026-09-12T01:10:01,2.045
2026-09-12T01:15:01,2.145
2026-09-12T01:20:01,2.113
2026-09-12T01:25:01,2.145
2026-09-12T01:30:01,2.909
2026-09-12T01:38:49,2.719
2026-09-12T01:43:49,2.109
2026-09-12T01:48:49,2.478
2026-09-12T01:53:49,2.266
2026-09-12T01:58:49,2.455
2026-09-12T02:03:49,2.024
2026-09-12T02:08:49,2.218
2026-09-12T02:13:49,2.754
2026-09-12T02:18:49,2.304
2026-09-12T02:23:49,2.495
2026-09-12T02:30:01,2.11
2026-09-12T02:35:01,3.593
2026-09-12T02:40:01,2.73
2026-09-12T02:45:01,2.316
2026-09-12T02:50:01,4.204
2026-09-12T02:55:01,3.649
2026-09-12T03:00:01,4.215
2026-09-12T03:05:01,5.481
2026-09-12T03:10:01,5.573
2026-09-12T03:15:01,4.27
2026-09-12T03:20:01,3.61
2026-09-12T03:25:01,4.313
2026-09-12T03:30:01,3.875
2026-09-12T03:35:01,12.521
2026-09-12T03:40:01,5.016
2026-09-12T03:45:01,3.875
2026-09-12T03:50:01,3.888
2026-09-12T03:55:01,3.577
2026-09-12T04:00:01,12.346
2026-09-12T04:05:01,3.581
2026-09-12T04:10:01,2.485
2026-09-12T04:15:01,11.866
2026-09-12T04:20:01,4.188
2026-09-12T04:25:01,2.179
2026-09-12T04:30:01,2.648
2026-09-12T04:35:01,2.055
2026-09-12T04:40:01,4.318
2026-09-12T04:45:01,3.06
2026-09-12T04:50:01,2.037
2026-09-12T04:55:01,1.709
2026-09-12T05:00:01,2.675
2026-09-12T05:05:01,1.89
2026-09-12T05:10:01,3.701
2026-09-12T05:15:01,1.585
2026-09-12T05:20:01,1.478
2026-09-12T05:25:01,1.529
2026-09-12T05:30:01,1.774
2026-09-12T05:35:01,6.574
2026-09-12T05:40:01,1.785
2026-09-12T05:45:01,2.082
2026-09-12T05:50:01,1.584
2026-09-12T05:55:01,2.06
2026-09-12T06:00:01,2.421
2026-09-12T06:05:01,8.604
2026-09-12T06:10:01,6.549
2026-09-12T06:15:01,7.065
2026-09-12T06:20:01,3.72
2026-09-12T06:25:01,2.146
2026-09-12T06:30:01,2.597
2026-09-12T06:35:01,3.864
2026-09-12T06:40:01,2.912
2026-09-12T06:45:01,2.053
2026-09-12T06:50:01,7.457
2026-09-12T06:55:01,3.966
2026-09-12T07:00:01,4.073
2026-09-12T07:05:01,14.368
2026-09-12T07:10:01,4.019
2026-09-12T07:15:01,3.815
2026-09-12T07:20:01,3.437
2026-09-12T07:25:01,3.796
2026-09-12T07:30:01,3.336
2026-09-12T07:35:01,3.793
2026-09-12T07:40:01,3.688
2026-09-12T07:45:01,5.501
2026-09-12T07:50:01,9.167
2026-09-12T07:55:01,3.913
2026-09-12T08:00:01,5.111
2026-09-12T08:05:01,3.441
2026-09-12T08:10:01,4.29
2026-09-12T08:15:01,5.103
2026-09-12T08:20:01,3.863
2026-09-12T08:25:01,3.896
2026-09-12T08:30:01,5.6
2026-09-12T08:35:01,3.511
2026-09-12T08:40:01,3.311
2026-09-12T08:45:01,4.978
2026-09-12T08:50:01,2.414
2026-09-12T08:55:01,2.361
2026-09-12T09:00:01,1.672
2026-09-12T09:05:01,2.033
2026-09-12T09:10:01,2.3
2026-09-12T09:15:01,2.363
2026-09-12T09:20:01,2.141
2026-09-12T09:25:01,4.429
2026-09-12T09:30:01,1.783
2026-09-12T09:35:01,2.202
2026-09-12T09:40:01,1.525
2026-09-12T09:45:01,1.927
2026-09-12T09:50:01,1.755
2026-09-12T09:55:01,2.267
2026-09-12T10:00:01,4.746
2026-09-12T10:05:01,1.645
2026-09-12T10:10:01,2.3
2026-09-12T10:15:01,3.348
2026-09-12T10:20:01,2.782
2026-09-12T10:25:01,1.853
2026-09-12T10:30:01,1.966
2026-09-12T10:35:01,1.663
2026-09-12T10:40:01,3.527
2026-09-12T10:45:01,5.359
2026-09-12T10:50:01,4.545
2026-09-12T10:55:01,3.903
2026-09-12T11:00:01,4.41
2026-09-12T11:05:01,6.324
2026-09-12T11:10:01,4.38
2026-09-12T11:15:01,5.161
2026-09-12T11:20:01,7.078
2026-09-12T11:25:01,6.154
2026-09-12T11:30:01,6.578
2026-09-12T11:35:01,6.602
2026-09-12T11:40:01,10.815
2026-09-12T11:45:01,9.818
2026-09-12T11:50:01,52.42
2026-09-12T11:55:01,12.791
2026-09-12T12:00:01,40.72
2026-09-12T12:05:01,44.814
2026-09-12T12:10:01,45.169
2026-09-12T12:15:01,38.416
2026-09-12T12:20:01,41.532
2026-09-12T12:25:01,140.452
2026-09-12T12:30:01,139.035
2026-09-12T12:35:01,127.767
2026-09-12T12:40:01,142.379
2026-09-12T12:45:01,141.317
2026-09-12T12:50:01,189.18
2026-09-12T12:55:01,178.809
2026-09-12T13:00:01,209.118
2026-09-12T13:05:01,189.406
2026-09-12T13:10:01,177.185
2026-09-12T13:15:01,201.034
2026-09-12T13:20:01,241.454
2026-09-12T13:25:01,227.252
2026-09-12T13:30:01,241.291
2026-09-12T13:35:01,247.253
2026-09-12T13:40:01,229.34
2026-09-12T13:42:21,224.852
2026-09-12T13:47:21,226.206
2026-09-12T13:52:21,227.912
2026-09-12T13:58:17,227.799
2026-09-12T14:03:17,242.563
2026-09-12T14:03:31,235.096
2026-09-12T14:08:31,225.834
2026-09-12T14:15:01,319.191
2026-09-12T14:20:01,324.584
2026-09-12T14:25:01,315.652
2026-09-12T14:30:01,231.75
2026-09-12T14:35:01,222.382
2026-09-12T14:40:01,233.906
2026-09-12T14:45:01,225.664
2026-09-12T14:46:05,223.21
2026-09-12T14:51:05,224.152
2026-09-12T14:53:17,222.643
2026-09-12T14:58:17,243.902
2026-09-12T15:00:01,239.755
2026-09-12T15:05:01,255.006
2026-09-12T15:10:01,340.468
2026-09-12T15:15:01,245.26
2026-09-12T15:20:01,255.745
2026-09-12T15:25:01,245.438
2026-09-12T15:30:01,244.585
2026-09-12T15:35:01,254.134
2026-09-12T15:40:01,246.785
2026-09-12T15:45:01,254.263
2026-09-12T15:50:01,338.384
2026-09-12T15:55:01,327.893
2026-09-12T16:00:01,256.038
2026-09-12T16:05:01,247.719
2026-09-12T16:10:01,247.349
2026-09-12T16:15:01,246.136
2026-09-12T16:20:01,257.361
2026-09-12T16:25:01,245.657
2026-09-12T16:30:01,246.983
2026-09-12T16:35:01,254.872
2026-09-12T16:40:01,248.817
2026-09-12T16:45:01,258.475
2026-09-12T16:50:01,250.27
2026-09-12T16:55:01,255.134
2026-09-12T17:00:01,265.583
2026-09-12T17:05:01,341.779
2026-09-12T17:10:01,340.967
2026-09-12T17:13:33,344.475
2026-09-12T17:20:01,334.656
2026-09-12T17:25:01,248.64
2026-09-12T17:30:01,249.041
2026-09-12T17:35:01,245.734
2026-09-12T17:40:01,249.501
2026-09-12T17:45:01,250.066
2026-09-12T17:50:01,252.904
2026-09-12T17:55:01,243.382
2026-09-12T18:00:01,333.535
2026-09-12T18:05:01,344.464
2026-09-12T18:10:01,337.143
2026-09-12T18:15:01,251.423
2026-09-12T18:20:01,256.266
2026-09-12T18:25:01,241.981
2026-09-12T18:30:01,249.369
2026-09-12T18:35:01,244.423
2026-09-12T18:40:01,256.932
2026-09-12T18:45:01,248.756
2026-09-12T18:50:01,245.075
2026-09-12T18:55:01,257.546
2026-09-12T19:00:01,247.561
2026-09-12T19:05:01,334.1
2026-09-12T19:10:01,333.429
2026-09-12T19:15:01,340.266
2026-09-12T19:20:01,244.225
2026-09-12T19:25:01,225.567
2026-09-12T19:30:01,235.022
2026-09-12T19:35:01,233.007
2026-09-12T19:40:01,242.105
2026-09-12T19:45:01,225.536
2026-09-12T19:50:01,240.592
2026-09-12T19:55:01,223.067
2026-09-12T20:00:01,234.426
2026-09-12T20:05:01,324.653
2026-09-12T20:10:01,322.672
2026-09-12T20:15:01,336.005
2026-09-12T20:20:01,222.06
2026-09-12T20:25:01,226.715
2026-09-12T20:30:01,235.206
2026-09-12T20:35:01,225.691
2026-09-12T20:40:01,221.944
2026-09-12T20:45:01,224.678
2026-09-12T20:50:01,226.838
2026-09-12T20:55:01,228.973
2026-09-12T21:00:01,237.528
2026-09-12T21:05:01,236.226
2026-09-12T21:10:01,235.158
2026-09-12T21:15:01,340.923
2026-09-12T21:20:01,288.372
2026-09-12T21:25:01,236.304
2026-09-12T21:30:01,233.865
2026-09-12T21:35:01,234.037
2026-09-12T21:40:01,247.314
2026-09-12T21:45:01,251.159
2026-09-12T21:50:01,250.744
2026-09-12T21:55:01,245.31
2026-09-12T22:00:01,246.572
2026-09-12T22:05:01,251.995
2026-09-12T22:10:01,260.614
2026-09-12T22:15:01,343.311
2026-09-12T22:20:01,339.85
2026-09-12T22:25:01,348.965
2026-09-12T22:30:01,328.728
2026-09-12T22:35:01,267.648
2026-09-12T22:40:01,259.327
2026-09-12T22:45:01,261.519
2026-09-12T22:50:01,260.203
2026-09-12T22:55:01,262.075
2026-09-12T23:00:01,261.743
2026-09-12T23:05:01,347.79
2026-09-12T23:10:01,342.043
2026-09-12T23:15:01,346.061
2026-09-12T23:20:01,254.182
2026-09-12T23:25:01,252.027
2026-09-12T23:30:01,250.835
2026-09-12T23:35:01,260.761
2026-09-12T23:40:01,256.189
2026-09-12T23:45:01,256.134
2026-09-12T23:50:01,255.794
2026-09-12T23:55:01,258.754
2026-09-13T00:00:01,340.15
2026-09-13T00:05:01,353.203
2026-09-13T00:10:01,355.375
2026-09-13T00:15:01,353.379
2026-09-13T00:20:01,358.373
2026-09-13T00:25:01,262.678
2026-09-13T00:30:01,261.077
2026-09-13T00:35:01,262.524
2026-09-13T00:40:01,260.012
2026-09-13T00:45:01,265.202
2026-09-13T00:50:01,273.315
2026-09-13T00:55:01,262.94
2026-09-13T01:00:01,261.291
2026-09-13T01:05:01,360.954
2026-09-13T01:10:01,262.02
2026-09-13T01:15:01,259.654
2026-09-13T01:20:01,270.353
2026-09-13T01:25:01,260.223
2026-09-13T01:30:01,260.232
2026-09-13T01:35:01,283.215
2026-09-13T01:40:01,258.323
2026-09-13T01:45:01,263.611
2026-09-13T01:50:01,269.654
2026-09-13T01:55:01,259.398
2026-09-13T02:00:01,259.612
2026-09-13T02:05:01,270.019
2026-09-13T02:10:01,351.022
2026-09-13T02:15:01,351.957
2026-09-13T02:20:01,269.568
2026-09-13T02:25:01,265.384
2026-09-13T02:30:01,265.955
2026-09-13T02:35:01,262.62
2026-09-13T02:40:01,263.398
2026-09-13T02:45:01,264.386
2026-09-13T02:50:01,264.988
2026-09-13T02:55:01,276.589
2026-09-13T03:00:01,272.808
2026-09-13T03:05:01,353.947
2026-09-13T03:10:01,331.019
2026-09-13T03:15:01,234.588
2026-09-13T03:20:01,238.544
2026-09-13T03:25:01,246.875
2026-09-13T03:30:01,239.165
2026-09-13T03:35:01,237.226
2026-09-13T03:40:01,235.328
2026-09-13T03:45:01,246.814
2026-09-13T03:50:01,237.432
2026-09-13T03:55:01,248.982
2026-09-13T04:00:01,334.693
2026-09-13T04:05:01,333.239
2026-09-13T04:10:01,236.756
2026-09-13T04:15:01,242.575
2026-09-13T04:20:01,234.682
2026-09-13T04:25:01,235.618
2026-09-13T04:30:01,235.413
2026-09-13T04:35:01,235.23
2026-09-13T04:40:01,247.885
2026-09-13T04:45:01,246.765
2026-09-13T04:50:01,252.389
2026-09-13T04:55:01,247.46
2026-09-13T05:00:01,334.375
2026-09-13T05:05:01,337.564
2026-09-13T05:10:01,328.612
2026-09-13T05:15:01,248.336
2026-09-13T05:20:01,240.166
2026-09-13T05:25:01,251.097
2026-09-13T05:30:01,236.91
2026-09-13T05:35:01,230.368
2026-09-13T05:40:01,231.691
2026-09-13T05:45:01,242.467
2026-09-13T05:50:01,234.08
2026-09-13T05:55:01,233.342
2026-09-13T06:00:01,330.154
2026-09-13T06:05:01,344.599
2026-09-13T06:10:01,342.251
2026-09-13T06:15:01,231.459
2026-09-13T06:20:01,255.875
2026-09-13T06:25:01,240.645
2026-09-13T06:30:01,234.081
2026-09-13T06:35:01,240.045
2026-09-13T06:40:01,241.836
2026-09-13T06:45:01,232.677
2026-09-13T06:50:01,234.865
2026-09-13T06:55:01,234.362
2026-09-13T07:00:01,336.199
2026-09-13T07:05:01,233.497
2026-09-13T07:10:01,234.993
2026-09-13T07:15:01,235.172
2026-09-13T07:20:01,247.723
2026-09-13T07:25:01,232.759
2026-09-13T07:30:01,234.995
2026-09-13T07:35:01,234.375
2026-09-13T07:40:01,246.33
2026-09-13T07:45:01,233.412
2026-09-13T07:50:01,245.573
2026-09-13T07:55:01,243.167
2026-09-13T08:00:01,342.83
2026-09-13T08:05:01,332.116
2026-09-13T08:10:01,232.439
2026-09-13T08:15:01,238.443
2026-09-13T08:20:01,249.961
2026-09-13T08:25:01,258.147
2026-09-13T08:30:01,256.862
2026-09-13T08:35:01,266.492
2026-09-13T08:40:01,258.864
2026-09-13T08:45:01,356.931
2026-09-13T08:50:01,367.456
2026-09-13T08:55:01,232.313
2026-09-13T09:00:01,235.647
2026-09-13T09:05:01,257.094
2026-09-13T09:10:01,236.058
2026-09-13T09:15:01,237.908
2026-09-13T09:20:01,233.699
2026-09-13T09:25:01,246.554
2026-09-13T09:30:01,233.465
2026-09-13T09:35:01,235.01
2026-09-13T09:40:01,234.613
2026-09-13T09:45:01,345.488
2026-09-13T09:50:01,334.736
2026-09-13T09:55:01,237.53
2026-09-13T10:00:01,244.574
2026-09-13T10:05:01,235.424
2026-09-13T10:10:01,229.046
2026-09-13T10:15:01,245.062
2026-09-13T10:20:01,235.056
2026-09-13T10:25:01,247.494
2026-09-13T10:30:01,247.359
2026-09-13T10:35:01,244.965
2026-09-13T10:40:01,347.718
2026-09-13T10:45:01,242.199
2026-09-13T10:50:01,240.492
2026-09-13T10:55:01,240.813
2026-09-13T11:00:01,238.413
2026-09-13T11:05:01,258.678
2026-09-13T11:10:01,262.765
2026-09-13T11:15:01,268.051
2026-09-13T11:20:01,264.027
2026-09-13T11:25:01,262.836
2026-09-13T11:30:01,257.7
2026-09-13T11:35:01,349.149
2026-09-13T11:40:01,351.067
2026-09-13T11:45:01,358.422
2026-09-13T11:50:01,349.609
2026-09-13T11:55:01,347.727
2026-09-13T12:00:01,261.487
2026-09-13T12:05:01,268.609
2026-09-13T12:10:01,258.129
2026-09-13T12:15:01,259.541
2026-09-13T12:20:01,258.409
2026-09-13T12:25:01,269.548
2026-09-13T12:30:01,259.394
2026-09-13T12:35:01,260.007
2026-09-13T12:40:01,352.461
2026-09-13T12:45:01,349.895
2026-09-13T12:50:01,340.703
2026-09-13T12:55:01,350.288
2026-09-13T13:00:01,339.303
2026-09-13T13:05:01,200.713
2026-09-13T13:10:01,57.795
2026-09-13T13:15:01,41.512
2026-09-13T13:20:01,24.494
2026-09-13T13:25:01,23.428
2026-09-13T13:29:23,24.434
2026-09-13T13:35:01,24.702
2026-09-13T13:40:01,22.41
2026-09-13T13:45:01,22.479
2026-09-13T13:50:01,23.545
2026-09-13T13:55:01,22.418
2026-09-13T14:00:01,21.808
2026-09-13T14:05:01,21.996
2026-09-13T14:10:01,22.616
2026-09-13T14:15:01,106.368
2026-09-13T14:20:01,37.172
2026-09-13T14:25:01,91.603
2026-09-13T14:29:17,197.141
2026-09-13T14:34:17,248.706
2026-09-13T14:35:45,245.534
2026-09-13T14:40:45,335.098
2026-09-13T14:45:45,344.044
2026-09-13T14:50:45,263.926
2026-09-13T14:55:45,255.965
2026-09-13T15:00:45,254.299
2026-09-13T15:05:45,257.387
2026-09-13T15:10:45,265.365
2026-09-13T15:15:45,251.87
2026-09-13T15:20:45,255.506
2026-09-13T15:25:45,262.771
2026-09-13T15:30:19,263.022
2026-09-13T15:35:19,253.962
2026-09-13T15:37:47,252.479
2026-09-13T15:42:47,252.99
2026-09-13T15:47:47,352.417
2026-09-13T15:52:47,345.492
2026-09-13T15:57:47,349.327
2026-09-13T16:02:47,253.864
2026-09-13T16:07:47,253.406
2026-09-13T16:08:29,252.001
2026-09-13T16:15:01,265.095
2026-09-13T16:20:01,257.16
2026-09-13T16:25:01,254.053
2026-09-13T16:30:01,255.681
2026-09-13T16:33:41,265.87
2026-09-13T16:38:41,252.077
2026-09-13T16:43:41,343.566
2026-09-13T16:48:41,352.833
2026-09-13T16:53:41,342.666
2026-09-13T16:58:41,261.716
2026-09-13T17:03:41,254.785
2026-09-13T17:08:41,255.901
2026-09-13T17:08:53,253.84
2026-09-13T17:13:53,252.444
2026-09-13T17:18:53,264.106
2026-09-13T17:23:53,43.124
2026-09-13T17:25:21,50.662
2026-09-13T17:30:21,42.06
2026-09-13T17:35:21,50.959
2026-09-13T17:40:07,33.651
2026-09-13T17:45:07,33.434
2026-09-13T17:50:07,35.262
2026-09-13T17:55:07,136.886
2026-09-13T18:00:07,159.198
2026-09-13T18:10:07,254.4
2026-09-13T18:15:07,253.491
2026-09-13T18:16:13,257.916
2026-09-13T18:21:13,261.481
2026-09-13T18:24:03,253.414
2026-09-13T18:29:03,255.587
2026-09-13T18:34:03,359.269
2026-09-13T18:40:01,342.803
2026-09-13T18:45:01,344.11
2026-09-13T18:50:01,272.44
2026-09-13T18:55:01,261.484
2026-09-13T19:00:01,247.823
2026-09-13T19:05:01,247.995
2026-09-13T19:10:01,237.41
2026-09-13T19:15:01,237.068
2026-09-13T19:20:02,239.384
2026-09-13T19:25:02,229.699
2026-09-13T19:28:56,239.949
2026-09-13T19:33:56,232.139
2026-09-13T19:38:56,322.047
2026-09-13T19:39:18,338.332
2026-09-13T19:44:18,326.485
2026-09-13T19:49:18,231.173
2026-09-13T19:54:18,232.503
2026-09-13T19:59:18,229.634
2026-09-13T20:04:18,240.98
2026-09-13T20:09:18,232.432
2026-09-13T20:14:18,238.429
2026-09-13T20:19:18,234.411
2026-09-13T20:24:18,241.17
2026-09-13T20:29:18,243.941
2026-09-13T20:34:18,244.627
2026-09-13T20:39:18,334.782
2026-09-13T20:44:18,325.421
2026-09-13T20:49:18,239.664
2026-09-13T20:54:18,232.259
2026-09-13T20:59:18,261.724
2026-09-13T21:04:18,273.86
2026-09-13T21:09:18,263.291
2026-09-13T21:14:18,263.213
2026-09-13T21:19:18,252.936
2026-09-13T21:24:18,265.134
2026-09-13T21:29:18,252.445
2026-09-13T21:34:18,253.21
2026-09-13T21:39:18,345.444
2026-09-13T21:44:18,344.265
2026-09-13T21:49:18,343.05
2026-09-13T21:55:00,261.5
2026-09-13T22:00:00,269.758
2026-09-13T22:05:00,266.395
2026-09-13T22:10:00,261.828
2026-09-13T22:15:00,258.801
2026-09-13T22:20:00,274.891
2026-09-13T22:25:00,296.96
2026-09-13T22:30:00,266.791
2026-09-13T22:35:00,277.936
2026-09-13T22:40:00,267.291
2026-09-13T22:45:00,347.891
2026-09-13T22:50:00,348.796
2026-09-13T22:55:00,354.938
2026-09-13T23:00:00,260.258
2026-09-13T23:05:00,261.7
2026-09-13T23:10:00,52.585
2026-09-13T23:15:00,31.66
2026-09-13T23:20:00,31.65
2026-09-13T23:25:00,31.386
2026-09-13T23:30:00,17.528
2026-09-13T23:35:00,15.357
2026-09-13T23:40:00,17.467
2026-09-13T23:45:00,16.876
2026-09-13T23:50:00,10.234
2026-09-13T23:55:00,9.424
2026-09-14T00:00:00,13.799
2026-09-14T00:05:00,9.394
2026-09-14T00:10:00,7.658
2026-09-14T00:15:00,7.394
2026-09-14T00:20:00,4.802
2026-09-14T00:25:00,4.801
2026-09-14T00:30:00,3.277
2026-09-14T00:35:00,13.91
2026-09-14T00:40:00,3.043
2026-09-14T00:45:00,3.018
2026-09-14T00:50:00,4.707
2026-09-14T00:53:54,3.032
2026-09-14T01:00:00,12.412
2026-09-14T01:05:00,4.201
2026-09-14T01:10:00,3.268
2026-09-14T01:15:00,3.773
2026-09-14T01:20:00,3.243
2026-09-14T01:25:00,3.388
2026-09-14T01:30:04,3.058
2026-09-14T01:40:00,3.721
2026-09-14T01:45:00,10.483
2026-09-14T01:50:00,6.059
2026-09-14T01:55:00,3.312
2026-09-14T02:00:00,5.355
2026-09-14T02:05:00,10.624
2026-09-14T02:10:00,14.74
2026-09-14T02:15:00,9.949
2026-09-14T02:20:00,4.966
2026-09-14T02:25:00,3.209
2026-09-14T02:30:00,3.177
2026-09-14T02:35:00,5.926
2026-09-14T02:40:00,15.137
2026-09-14T02:45:00,6.733
2026-09-14T02:50:00,5.05
2026-09-14T02:55:00,4.509
2026-09-14T03:00:00,4.512
2026-09-14T03:05:00,12.976
2026-09-14T03:10:00,12.668
2026-09-14T03:15:00,13.435
2026-09-14T03:20:00,12.862
2026-09-14T03:25:00,16.725
2026-09-14T03:30:00,4.566
2026-09-14T03:35:00,5.17
2026-09-14T03:40:00,4.489
2026-09-14T03:45:00,5.298
2026-09-14T03:50:00,4.433
2026-09-14T03:55:00,14.85
2026-09-14T04:00:00,12.374
2026-09-14T04:05:00,7.83
2026-09-14T04:10:00,18.213
2026-09-14T04:15:00,17.582
2026-09-14T04:20:00,9.128
2026-09-14T04:25:00,8.556
2026-09-14T04:30:00,10.258
2026-09-14T04:35:00,8.407
2026-09-14T04:40:00,21.824
2026-09-14T04:45:00,11.502
2026-09-14T04:50:00,11.81
2026-09-14T04:55:00,109.398
2026-09-14T05:00:00,20.241
2026-09-14T05:05:00,19.841
2026-09-14T05:10:00,31.66
2026-09-14T05:15:00,20.758
2026-09-14T05:20:00,19.971
2026-09-14T05:25:00,19.937
2026-09-14T05:30:00,21.973
2026-09-14T05:35:00,162.274
2026-09-14T05:40:00,182.477
2026-09-14T05:45:00,238.945
2026-09-14T05:50:00,235.579
2026-09-14T05:55:00,246.968
2026-09-14T06:00:00,243.371
2026-09-14T06:05:00,254.796
2026-09-14T06:10:00,247.139
2026-09-14T06:15:00,258.213
2026-09-14T06:20:00,245.229
2026-09-14T06:25:00,241.831
2026-09-14T06:30:00,247.097
2026-09-14T06:35:00,238.959
2026-09-14T06:40:00,245.624
2026-09-14T06:45:00,247.109
2026-09-14T06:50:00,244.547
2026-09-14T06:55:00,250.267
2026-09-14T07:00:00,236.318
2026-09-14T07:05:00,325.883
2026-09-14T07:10:00,331.182
2026-09-14T07:15:00,323.301
2026-09-14T07:20:00,233.672
2026-09-14T07:25:00,233.357
2026-09-14T07:30:00,248.413
2026-09-14T07:35:00,233.891
2026-09-14T07:40:00,235.148
2026-09-14T07:45:00,237.9
2026-09-14T07:50:00,245.784
2026-09-14T07:55:00,321.915
2026-09-14T08:00:00,322.578
2026-09-14T08:05:00,322.166
2026-09-14T08:10:00,324.389
2026-09-14T08:15:00,237.145
2026-09-14T08:20:00,251.466
2026-09-14T08:25:00,259.36
2026-09-14T08:30:00,258.165
2026-09-14T08:35:00,258.87
2026-09-14T08:40:00,267.327
2026-09-14T08:45:00,259.734
2026-09-14T08:50:00,256.106
2026-09-14T08:55:00,269.55
2026-09-14T09:00:00,258.578
2026-09-14T09:05:00,267.844
2026-09-14T09:10:00,344.932
2026-09-14T09:15:00,344.632
2026-09-14T09:20:00,349.983
2026-09-14T09:25:00,362.087
2026-09-14T09:30:00,234.639
2026-09-14T09:35:00,232.685
2026-09-14T09:40:00,234.013
2026-09-14T09:45:00,244.531
2026-09-14T09:50:00,231.181
2026-09-14T09:55:00,233.069
2026-09-14T10:00:00,241.978
2026-09-14T10:05:00,343.082
2026-09-14T10:10:00,347.288
2026-09-14T10:15:00,236.083
2026-09-14T10:20:00,246.709
2026-09-14T10:25:00,254.987
2026-09-14T10:30:00,256.36
2026-09-14T10:35:00,265.145
2026-09-14T10:40:00,251.388
2026-09-14T10:45:00,254.103
2026-09-14T10:50:00,258.786
2026-09-14T10:55:00,265.223
2026-09-14T11:00:00,350.869
2026-09-14T11:05:00,347.683
2026-09-14T11:10:00,348.226
2026-09-14T11:15:00,255.489
2026-09-14T11:20:00,256.785
2026-09-14T11:25:00,255.916
2026-09-14T11:30:00,267.223
2026-09-14T11:35:00,256.566
2026-09-14T11:40:00,258.264
2026-09-14T11:45:00,257.049
2026-09-14T11:50:00,272.871
2026-09-14T11:55:00,259.263
2026-09-14T12:00:00,358.686
2026-09-14T12:05:00,348.092
2026-09-14T12:10:00,347.375
2026-09-14T12:15:00,256.852
2026-09-14T12:20:00,267.339
2026-09-14T12:25:00,255.859
2026-09-14T12:30:00,255.897
2026-09-14T12:35:00,263.019
2026-09-14T12:40:00,256.357
2026-09-14T12:45:00,258.504
2026-09-14T12:50:00,263.866
2026-09-14T12:55:00,257.722
2026-09-14T13:00:00,350.899
2026-09-14T13:05:00,374.92
2026-09-14T13:10:00,346.181
2026-09-14T13:15:00,256.521
2026-09-14T13:20:00,255.763
2026-09-14T13:25:00,267.18
2026-09-14T13:30:00,258.212
2026-09-14T13:35:00,255.946
2026-09-14T13:40:00,267.781
2026-09-14T13:45:00,256.47
2026-09-14T13:50:00,256.995
2026-09-14T13:55:00,266.588
2026-09-14T14:00:00,346.744
2026-09-14T14:05:00,347.702
2026-09-14T14:10:00,355.522
2026-09-14T14:15:00,264.222
2026-09-14T14:20:00,256.914
2026-09-14T14:25:00,265.661
2026-09-14T14:30:00,256.949
2026-09-14T14:35:00,254.765
2026-09-14T14:40:00,255.596
2026-09-14T14:45:00,267.362
2026-09-14T14:50:00,256.63
2026-09-14T14:55:00,272.273
2026-09-14T15:00:00,260.507
2026-09-14T15:05:00,257.561
2026-09-14T15:10:00,356.449
2026-09-14T15:15:00,348.784
2026-09-14T15:20:00,349.332
2026-09-14T15:25:00,267.317
2026-09-14T15:30:00,252.117
2026-09-14T15:35:00,259.239
2026-09-14T15:40:00,260.135
2026-09-14T15:45:00,257.02
2026-09-14T15:50:00,256.081
2026-09-14T15:55:00,271.138
2026-09-14T16:00:00,258.57
2026-09-14T16:05:00,353.526
2026-09-14T16:10:00,368.543
2026-09-14T16:15:00,259.988
2026-09-14T16:20:00,261.224
2026-09-14T16:25:00,264.77
2026-09-14T16:30:00,259.321
2026-09-14T16:35:00,270.277
2026-09-14T16:40:00,267.175
2026-09-14T16:45:00,259.236
2026-09-14T16:50:00,267.802
2026-09-14T16:55:00,259.957
2026-09-14T17:00:00,269.04
2026-09-14T17:05:00,267.512
2026-09-14T17:10:00,356.017
2026-09-14T17:15:00,365.379
2026-09-14T17:20:00,334.299
2026-09-14T17:25:00,266.716
2026-09-14T17:30:00,262.176
2026-09-14T17:35:00,263.998
2026-09-14T17:40:00,261.269
2026-09-14T17:45:00,258.944
2026-09-14T17:50:00,270.071
2026-09-14T17:55:00,268.302
2026-09-14T18:00:00,260.11
2026-09-14T18:05:00,259.381
2026-09-14T18:10:00,360.465
2026-09-14T18:15:00,349.868
2026-09-14T18:20:00,345.344
2026-09-14T18:25:00,265.988
2026-09-14T18:30:00,269.563
2026-09-14T18:35:00,259.853
2026-09-14T18:40:00,258.871
2026-09-14T18:45:00,258.663
2026-09-14T18:50:00,268.026
2026-09-14T18:55:00,259.821
2026-09-14T19:00:00,278.063
2026-09-14T19:05:00,267.736
2026-09-14T19:10:00,334.868
2026-09-14T19:15:00,250.993
2026-09-14T19:20:00,243.394
2026-09-14T19:25:00,240.713
2026-09-14T19:30:00,253.163
2026-09-14T19:35:00,243.591
2026-09-14T19:40:00,246.756
2026-09-14T19:45:00,243.47
2026-09-14T19:50:00,243.742
2026-09-14T19:55:00,237.327
2026-09-14T20:00:00,246.274
2026-09-14T20:05:00,349.611
2026-09-14T20:10:00,247.759
2026-09-14T20:15:00,243.184
2026-09-14T20:20:00,239.909
2026-09-14T20:25:00,239.887
2026-09-14T20:30:00,241.571
2026-09-14T20:35:00,249.833
2026-09-14T20:40:00,247.397
2026-09-14T20:45:00,246.184
2026-09-14T20:50:00,266.117
2026-09-14T20:55:00,264.054
2026-09-14T21:00:00,258.058
2026-09-14T21:05:00,259.569
2026-09-14T21:10:00,352.634
2026-09-14T21:15:00,361.57
2026-09-14T21:20:00,349.336
2026-09-14T21:25:00,346.561
2026-09-14T21:30:00,255.918
2026-09-14T21:35:00,256.21
2026-09-14T21:40:00,258.263
2026-09-14T21:45:00,257.777
2026-09-14T21:50:00,267.078
2026-09-14T21:55:00,258.26
2026-09-14T22:00:00,350.561
2026-09-14T22:05:00,358.669
2026-09-14T22:10:00,267.82
2026-09-14T22:15:00,271.311
2026-09-14T22:20:00,267.121
2026-09-14T22:25:00,266.585
2026-09-14T22:30:00,273.611
2026-09-14T22:35:00,266.01
2026-09-14T22:40:00,253.732
2026-09-14T22:45:00,249.584
2026-09-14T22:50:00,253.167
2026-09-14T22:55:00,258.194
2026-09-14T23:00:00,336.697
2026-09-14T23:05:00,348.607
2026-09-14T23:10:00,342.326
2026-09-14T23:15:00,342.534
2026-09-14T23:20:00,252.057
2026-09-14T23:25:00,254.465
2026-09-14T23:30:00,238.752
2026-09-14T23:35:00,238.991
2026-09-14T23:40:00,247.915
2026-09-14T23:45:00,239.499
2026-09-14T23:50:00,236.846
2026-09-14T23:55:00,248.328
2026-09-15T00:00:00,235.954
2026-09-15T00:05:00,328.239
2026-09-15T00:10:00,338.267
2026-09-15T00:15:00,336.638
2026-09-15T00:20:00,361.771
2026-09-15T00:25:00,269.925
2026-09-15T00:30:00,264.738
2026-09-15T00:35:00,261.89
2026-09-15T00:40:00,261.19
2026-09-15T00:45:00,269.654
2026-09-15T00:50:00,259.361
2026-09-15T00:55:00,269.336
2026-09-15T01:00:00,350.937
2026-09-15T01:05:00,360.79
2026-09-15T01:10:00,363.23
2026-09-15T01:15:00,268.515
2026-09-15T01:20:00,265.193
2026-09-15T01:25:00,265.258
2026-09-15T01:30:00,267.532
2026-09-15T01:35:00,259.945
2026-09-15T01:40:00,259.925
2026-09-15T01:45:00,272.81
2026-09-15T01:50:00,261.421
2026-09-15T01:55:00,260.544
2026-09-15T02:00:00,248.435
2026-09-15T02:05:00,328.734
2026-09-15T02:10:00,328.566
2026-09-15T02:15:00,338.698
2026-09-15T02:20:00,245.056
2026-09-15T02:25:00,239.216
2026-09-15T02:30:00,245.821
2026-09-15T02:35:00,250.202
2026-09-15T02:40:00,235.947
2026-09-15T02:45:00,238.83
2026-09-15T02:50:00,239.982
2026-09-15T02:55:00,247.174
2026-09-15T03:00:00,235.233
2026-09-15T03:05:00,248.317
2026-09-15T03:10:00,238.215
2026-09-15T03:15:00,235.725
2026-09-15T03:20:00,338.384
2026-09-15T03:25:00,326.895
2026-09-15T03:30:00,327.145
2026-09-15T03:35:00,329.444
2026-09-15T03:40:00,245.702
2026-09-15T03:45:00,235.995
2026-09-15T03:50:00,236.369
2026-09-15T03:55:00,236.939
2026-09-15T04:00:00,242.595
2026-09-15T04:05:00,237.325
2026-09-15T04:10:00,272.253
2026-09-15T04:15:00,329.114
2026-09-15T04:20:00,337.203
2026-09-15T04:25:00,238.988
2026-09-15T04:30:00,235.545
2026-09-15T04:35:00,240.765
2026-09-15T04:40:00,234.197
2026-09-15T04:45:00,245.428
2026-09-15T04:50:00,235.863
2026-09-15T04:55:00,234.441
2026-09-15T05:00:00,246.338
2026-09-15T05:05:00,324.355
2026-09-15T05:10:00,330.163
2026-09-15T05:15:00,233.974
2026-09-15T05:20:00,235.608
2026-09-15T05:25:00,239.001
2026-09-15T05:30:00,245.961
2026-09-15T05:35:00,245.062
2026-09-15T05:40:00,234.512
2026-09-15T05:45:00,243.964
2026-09-15T05:50:00,253.715
2026-09-15T05:55:00,243.983
2026-09-15T06:00:00,242.649
2026-09-15T06:05:00,354.032
2026-09-15T06:10:00,342.407
2026-09-15T06:15:00,234.988
2026-09-15T06:20:00,242.799
2026-09-15T06:25:00,244.564
2026-09-15T06:30:00,242.339
2026-09-15T06:35:00,256.144
2026-09-15T06:40:00,244.096
2026-09-15T06:45:00,243.362
2026-09-15T06:50:00,243.339
2026-09-15T06:55:00,246.354
2026-09-15T07:00:00,233.132
2026-09-15T07:05:00,342.059
2026-09-15T07:10:00,328.522
2026-09-15T07:15:00,234.353
2026-09-15T07:20:00,232.778
2026-09-15T07:25:00,242.834
2026-09-15T07:30:00,232.13
2026-09-15T07:35:00,234.746
2026-09-15T07:40:00,231.188
2026-09-15T07:45:00,242.234
2026-09-15T07:50:00,233.31
2026-09-15T07:55:00,229.813
2026-09-15T08:00:00,244.235
2026-09-15T08:05:00,326.356
2026-09-15T08:10:00,331.146
2026-09-15T08:15:00,332.978
2026-09-15T08:20:00,231.613
2026-09-15T08:25:00,231.895
2026-09-15T08:30:00,241.115
2026-09-15T08:35:00,230.326
2026-09-15T08:40:00,230.434
2026-09-15T08:45:00,229.793
2026-09-15T08:50:00,240.07
2026-09-15T08:55:00,231.001
2026-09-15T09:00:00,232.435
2026-09-15T09:05:00,239.865
2026-09-15T09:10:00,323.042
2026-09-15T09:15:00,326.445
2026-09-15T09:20:00,267.764
2026-09-15T09:25:00,253.437
2026-09-15T09:30:00,256.479
2026-09-15T09:35:00,262.175
2026-09-15T09:40:00,256.776
2026-09-15T09:45:00,253.83
2026-09-15T09:50:00,256.488
2026-09-15T09:55:00,268.413
2026-09-15T10:00:00,365.57
2026-09-15T10:05:00,367.193
2026-09-15T10:10:00,266.051
2026-09-15T10:15:00,248.925
2026-09-15T10:20:00,256.46
2026-09-15T10:25:00,254.745
2026-09-15T10:30:00,267.829
2026-09-15T10:35:00,257.533
2026-09-15T10:40:00,256.227
2026-09-15T10:45:00,254.499
2026-09-15T10:50:00,264.649
2026-09-15T10:55:00,262.32
2026-09-15T11:00:00,254.888
2026-09-15T11:05:00,351.237
2026-09-15T11:10:00,361.051
2026-09-15T11:15:00,256.113
2026-09-15T11:20:00,254.053
2026-09-15T11:25:00,258.951
2026-09-15T11:30:00,265.214
2026-09-15T11:35:00,260.255
2026-09-15T11:40:00,255.078
2026-09-15T11:45:00,267.242
2026-09-15T11:50:00,266.585
2026-09-15T11:55:00,263.879
2026-09-15T12:00:00,257.49
2026-09-15T12:05:00,256.068
2026-09-15T12:10:00,358.73
2026-09-15T12:15:00,341.22
2026-09-15T12:20:00,340.558
2026-09-15T12:25:00,253.013
2026-09-15T12:30:00,261.469
2026-09-15T12:35:00,254.597
2026-09-15T12:40:00,251.577
2026-09-15T12:45:00,253.563
2026-09-15T12:50:00,265.058
2026-09-15T12:55:00,257.071
2026-09-15T13:00:00,256.658
2026-09-15T13:05:00,264.172
2026-09-15T13:10:00,262.752
2026-09-15T13:15:00,340.205
2026-09-15T13:20:00,336.454
2026-09-15T13:25:00,351.664
2026-09-15T13:30:00,260.358
2026-09-15T13:35:00,252.905
2026-09-15T13:40:00,250.505
2026-09-15T13:45:00,267.333
2026-09-15T13:50:00,249.958
2026-09-15T13:55:00,252.413
2026-09-15T14:00:00,284.697
2026-09-15T14:05:00,350.013
2026-09-15T14:10:00,344.59
2026-09-15T14:15:00,257.431
2026-09-15T14:20:00,250.189
2026-09-15T14:25:00,254.506
2026-09-15T14:30:00,253.637
2026-09-15T14:35:00,260.776
2026-09-15T14:40:00,258.304
2026-09-15T14:45:00,270.483
2026-09-15T14:50:00,257.281
2026-09-15T14:55:00,258.085
2026-09-15T15:00:00,353.569
2026-09-15T15:05:00,345.73
2026-09-15T15:10:00,258.288
2026-09-15T15:15:00,269.881
2026-09-15T15:20:00,258.264
2026-09-15T15:25:00,269.085
2026-09-15T15:30:00,258.669
2026-09-15T15:35:00,259.932
2026-09-15T15:40:00,261.454
2026-09-15T15:45:00,252.098
2026-09-15T15:50:00,252.702
2026-09-15T15:55:00,262.982
2026-09-15T16:00:00,252.893
2026-09-15T16:05:00,350.394
2026-09-15T16:10:00,339.259
2026-09-15T16:15:00,344.536
2026-09-15T16:20:00,263.631
2026-09-15T16:25:00,250.352
2026-09-15T16:30:00,251.935
2026-09-15T16:35:00,265.809
2026-09-15T16:40:00,250.075
2026-09-15T16:45:00,246.436
2026-09-15T16:50:00,279.018
2026-09-15T16:55:00,269.209
2026-09-15T17:00:00,258.628
2026-09-15T17:05:00,272.627
2026-09-15T17:10:00,357.263
2026-09-15T17:15:00,360.25
2026-09-15T17:20:00,360.93
2026-09-15T17:25:00,248.566
2026-09-15T17:30:00,259.515
2026-09-15T17:35:00,269.463
2026-09-15T17:40:00,260.107
2026-09-15T17:45:00,259.899
2026-09-15T17:50:00,252.645
2026-09-15T17:55:00,261.597
2026-09-15T18:00:00,342.977
2026-09-15T18:05:00,244.643
2026-09-15T18:10:00,264.724
2026-09-15T18:15:00,251.442
2026-09-15T18:20:00,252.214
2026-09-15T18:25:00,255.992
2026-09-15T18:30:00,266.063
2026-09-15T18:35:00,260.446
2026-09-15T18:40:00,270.236
2026-09-15T18:45:00,260.564
2026-09-15T18:50:00,261.646
2026-09-15T18:55:00,339.705
2026-09-15T19:00:00,321.449
2026-09-15T19:05:00,231.176
2026-09-15T19:10:00,239.301
2026-09-15T19:15:00,230.033
2026-09-15T19:20:01,235.07
2026-09-15T19:25:01,230.638
2026-09-15T19:30:01,239.485
2026-09-15T19:35:01,179.631
2026-09-15T19:40:01,228.482
2026-09-15T19:45:01,230.557
2026-09-15T19:50:01,228.98
2026-09-15T19:55:01,231.94
2026-09-15T20:00:01,273.365
2026-09-15T20:05:01,340.614
2026-09-15T20:10:01,333.831
2026-09-15T20:15:01,239.416
2026-09-15T20:20:01,229.246
2026-09-15T20:25:01,232.363
2026-09-15T20:30:01,258.504
2026-09-15T20:35:01,265.885
2026-09-15T20:40:01,261.937
2026-09-15T20:45:01,255.301
2026-09-15T20:50:01,275.48
2026-09-15T20:55:01,370.139
2026-09-15T21:00:01,352.006
2026-09-15T21:05:01,254.222
2026-09-15T21:10:01,253.669
2026-09-15T21:15:01,254.676
2026-09-15T21:20:01,264.883
2026-09-15T21:25:01,253.006
2026-09-15T21:30:01,255.671
2026-09-15T21:35:01,255.953
2026-09-15T21:40:01,264.484
2026-09-15T21:45:01,254.574
2026-09-15T21:50:01,253.546
2026-09-15T21:55:01,265.22
2026-09-15T22:00:01,340.504
2026-09-15T22:05:01,346.763
2026-09-15T22:10:01,352.826
2026-09-15T22:15:01,333.301
2026-09-15T22:20:01,325.379
2026-09-15T22:25:01,241.359
2026-09-15T22:30:01,254.581
2026-09-15T22:35:01,267.455
2026-09-15T22:40:01,265.005
2026-09-15T22:45:01,266.334
2026-09-15T22:50:01,274.474
2026-09-15T22:55:01,264.978
2026-09-15T23:00:01,300.793
2026-09-15T23:05:01,365.326
2026-09-15T23:10:01,359.75
2026-09-15T23:15:01,271.91
2026-09-15T23:20:01,273.22
2026-09-15T23:25:01,271.116
2026-09-15T23:30:01,263.774
2026-09-15T23:35:01,263.639
2026-09-15T23:40:01,258.369
2026-09-15T23:45:01,268.229
2026-09-15T23:50:01,259.012
2026-09-15T23:55:01,260.086
2026-09-16T00:00:01,357.363
2026-09-16T00:05:01,347.391
2026-09-16T00:10:01,353.671
2026-09-16T00:15:01,359.713
2026-09-16T00:20:01,260.771
2026-09-16T00:25:01,258.023
2026-09-16T00:30:01,258.473
2026-09-16T00:35:01,270.363
2026-09-16T00:40:01,259.142
2026-09-16T00:45:01,257.142
2026-09-16T00:50:01,268.011
2026-09-16T00:55:01,257.736
2026-09-16T01:00:01,257.977
2026-09-16T01:05:01,358.803
2026-09-16T01:10:01,348.264
2026-09-16T01:15:01,354.484
2026-09-16T01:20:01,259.202
2026-09-16T01:25:01,271.383
2026-09-16T01:30:01,257.281
2026-09-16T01:35:01,257.303
2026-09-16T01:40:01,267.57
2026-09-16T01:45:01,261.147
2026-09-16T01:50:01,258.994
2026-09-16T01:55:01,258.716
2026-09-16T02:00:01,270.334
2026-09-16T02:05:01,350.11
2026-09-16T02:10:01,345.777
2026-09-16T02:15:01,357.725
2026-09-16T02:20:01,259.807
2026-09-16T02:25:01,260.403
2026-09-16T02:30:01,256.623
2026-09-16T02:35:01,270.916
2026-09-16T02:40:01,259.526
2026-09-16T02:45:01,258.929
2026-09-16T02:50:01,268.959
2026-09-16T02:55:01,260.631
2026-09-16T03:00:01,343.196
2026-09-16T03:05:01,363.864
2026-09-16T03:10:01,353.271
2026-09-16T03:15:01,258.735
2026-09-16T03:20:01,270.847
2026-09-16T03:25:01,260.646
2026-09-16T03:30:01,261.104
2026-09-16T03:35:01,268.274
2026-09-16T03:40:01,260.068
2026-09-16T03:45:01,257.558
2026-09-16T03:50:01,266.494
2026-09-16T03:55:01,256.832
2026-09-16T04:00:01,249.668
2026-09-16T04:05:01,358.835
2026-09-16T04:10:01,353.807
2026-09-16T04:15:01,352.467
2026-09-16T04:20:01,270.153
2026-09-16T04:25:01,259.448
2026-09-16T04:30:01,258.685
2026-09-16T04:35:01,257.66
2026-09-16T04:40:01,268.624
2026-09-16T04:45:01,259.645
2026-09-16T04:50:01,274.043
2026-09-16T04:55:01,269.418
2026-09-16T05:00:01,374.256
2026-09-16T05:05:01,366.37
2026-09-16T05:10:01,366.901
2026-09-16T05:15:01,281.554
2026-09-16T05:20:01,272.497
2026-09-16T05:25:01,272.192
2026-09-16T05:30:01,270.167
2026-09-16T05:35:01,269.172
2026-09-16T05:40:01,269.838
2026-09-16T05:45:01,271.855
2026-09-16T05:50:01,78.155
2026-09-16T05:55:01,47.425
2026-09-16T06:00:01,52.387
2026-09-16T06:05:01,49.704
2026-09-16T06:10:01,49.62
2026-09-16T06:15:01,52.652
2026-09-16T06:20:01,50.122
2026-09-16T06:25:01,47.584
2026-09-16T06:30:01,18.891
2026-09-16T06:35:01,26.988
2026-09-16T06:40:01,26.345
2026-09-16T06:45:01,22.058
2026-09-16T06:50:01,30.847
2026-09-16T06:55:01,21.917
2026-09-16T07:00:01,16.143
2026-09-16T07:05:01,16.233
2026-09-16T07:10:01,17.843
2026-09-16T07:15:01,8.213
2026-09-16T07:20:01,20.699
2026-09-16T07:25:01,8.639
2026-09-16T07:30:01,8.352
2026-09-16T07:35:01,8.146
2026-09-16T07:40:01,10.912
2026-09-16T07:45:01,8.192
2026-09-16T07:50:01,8.05
2026-09-16T07:55:01,8.796
2026-09-16T08:00:01,8.322
2026-09-16T08:05:01,19.462
2026-09-16T08:10:01,14.828
2026-09-16T08:15:01,20.887
2026-09-16T08:20:01,11.154
2026-09-16T08:25:01,10.702
2026-09-16T08:30:01,10.518
2026-09-16T08:35:01,13.069
2026-09-16T08:40:01,30.084
2026-09-16T08:45:01,11.049
2026-09-16T08:50:01,11.482
2026-09-16T08:55:01,11.037
2026-09-16T09:00:01,9.443
2026-09-16T09:05:01,20.496
2026-09-16T09:10:01,9.651
2026-09-16T09:15:01,11.396
2026-09-16T09:20:01,9.19
2026-09-16T09:25:01,11.896
2026-09-16T09:30:01,18.764
2026-09-16T09:35:01,9.566
2026-09-16T09:40:01,9.151
2026-09-16T09:45:01,9.062
2026-09-16T09:50:01,141.907
2026-09-16T09:55:01,151.678
2026-09-16T10:00:01,141.705
2026-09-16T10:05:01,141.624
2026-09-16T10:10:01,140.905
2026-09-16T10:15:01,243.884
2026-09-16T10:20:01,331.231
2026-09-16T10:25:01,338.623
2026-09-16T10:30:01,257.462
2026-09-16T10:35:01,240.809
2026-09-16T10:40:01,246.559
2026-09-16T10:45:01,251.752
2026-09-16T10:50:01,248.277
2026-09-16T10:55:01,264.406
2026-09-16T11:00:01,321.476
2026-09-16T11:05:01,364.814
2026-09-16T11:10:01,271.754
2026-09-16T11:15:01,272.236
2026-09-16T11:20:01,263.493
2026-09-16T11:25:01,258.673
2026-09-16T11:30:01,261.463
2026-09-16T11:35:01,260.769
2026-09-16T11:40:01,262.579
2026-09-16T11:45:01,269.348
2026-09-16T11:50:01,258.781
2026-09-16T11:55:01,259.762
2026-09-16T12:00:01,370.274
2026-09-16T12:05:01,361.397
2026-09-16T12:10:01,360.373
2026-09-16T12:15:01,271.901
2026-09-16T12:20:01,268.76
2026-09-16T12:25:01,271.461
2026-09-16T12:30:01,266.444
2026-09-16T12:35:01,265.382
2026-09-16T12:40:01,262.986
2026-09-16T12:45:01,258.208
2026-09-16T12:50:01,262.758
2026-09-16T12:55:01,260.44
2026-09-16T13:00:01,350.291
2026-09-16T13:05:01,350.713
2026-09-16T13:10:01,349.556
2026-09-16T13:15:01,262.355
2026-09-16T13:20:01,260.219
2026-09-16T13:25:01,260.646
2026-09-16T13:30:01,258.71
2026-09-16T13:35:01,261.22
2026-09-16T13:40:01,259.602
2026-09-16T13:45:01,266.558
2026-09-16T13:50:01,259.595
2026-09-16T13:55:01,262.327
2026-09-16T14:00:01,262.696
2026-09-16T14:05:01,346.011
2026-09-16T14:10:01,352.291
2026-09-16T14:15:01,268.227
2026-09-16T14:20:01,270.885
2026-09-16T14:25:01,270.12
2026-09-16T14:30:01,269.939
2026-09-16T14:35:01,257.294
2026-09-16T14:40:01,258.074
2026-09-16T14:45:01,256.897
2026-09-16T14:50:01,267.927
2026-09-16T14:55:01,258.264
2026-09-16T15:00:01,347.37
2026-09-16T15:05:01,346.746
2026-09-16T15:10:01,348.983
2026-09-16T15:15:01,257.708
2026-09-16T15:20:01,267.769
2026-09-16T15:25:01,257.592
2026-09-16T15:30:01,261.027
2026-09-16T15:35:01,268.88
2026-09-16T15:40:01,259.925
2026-09-16T15:45:01,269.444
2026-09-16T15:50:01,260.431
2026-09-16T15:55:01,259.341
2026-09-16T16:00:01,269.947
2026-09-16T16:05:01,351.656
2026-09-16T16:10:01,361.332
2026-09-16T16:15:01,351.89
2026-09-16T16:20:01,268.709
2026-09-16T16:25:01,259.333
2026-09-16T16:30:01,113.313
2026-09-16T16:35:01,107.281
2026-09-16T16:40:01,112.89
2026-09-16T16:42:37,105.578
2026-09-16T16:47:37,96.229
2026-09-16T16:52:37,94.943
2026-09-16T16:57:37,95.461
2026-09-16T17:02:37,97.488
2026-09-16T17:07:37,143.788
2026-09-16T17:12:37,154.489
2026-09-16T17:17:37,137.83
2026-09-16T17:22:37,137.556
2026-09-16T17:27:37,140.66
2026-09-16T17:29:39,151.077
2026-09-16T17:34:39,237.146
2026-09-16T17:40:01,267.583
2026-09-16T17:45:01,269.831
2026-09-16T17:50:01,258.726
2026-09-16T17:55:01,359.568
2026-09-16T18:00:01,349.076
2026-09-16T18:05:01,359.933
2026-09-16T18:10:01,347.839
2026-09-16T18:15:01,259.751
2026-09-16T18:20:01,263.484
2026-09-16T18:25:01,269.67
2026-09-16T18:30:01,260.433
2026-09-16T18:35:01,270.215
2026-09-16T18:40:01,266.468
2026-09-16T18:45:01,279.478
2026-09-16T18:50:01,273.665
2026-09-16T18:55:01,266.599
2026-09-16T19:00:01,274.866
2026-09-16T19:05:01,354.073
2026-09-16T19:10:01,356.586
2026-09-16T19:15:01,365.261
2026-09-16T19:25:00,265.602
2026-09-16T19:30:00,261.131
2026-09-16T19:35:00,260.506
2026-09-16T19:40:00,261.316
2026-09-16T19:45:00,272.843
2026-09-16T19:50:00,257.043
2026-09-16T19:55:00,276.631
2026-09-16T20:00:00,266.458
2026-09-16T20:05:00,335.096
2026-09-16T20:10:00,350.475
2026-09-16T20:15:00,239.025
2026-09-16T20:20:00,237.523
2026-09-16T20:25:00,250.306
2026-09-16T20:30:00,244.645
2026-09-16T20:35:00,248.32
2026-09-16T20:40:00,242.211
2026-09-16T20:45:00,241.542
2026-09-16T20:50:00,241.9
2026-09-16T20:55:00,341.386
2026-09-16T21:00:00,247.743
2026-09-16T21:04:28,238.151
2026-09-16T21:09:28,258.965
2026-09-16T21:14:28,246.268
2026-09-16T21:19:28,242.867
2026-09-16T21:20:04,236.074
2026-09-16T21:25:04,234.961
2026-09-16T21:25:20,236.15
2026-09-16T21:30:20,261.572
2026-09-16T21:35:20,258.466
2026-09-16T21:40:20,259.612
2026-09-16T21:45:20,260.245
2026-09-16T21:50:20,259.599
2026-09-16T21:55:20,264.367
2026-09-16T22:00:20,365.23
2026-09-16T22:05:20,374.131
2026-09-16T22:10:20,370.161
2026-09-16T22:15:04,271.034
2026-09-16T22:20:04,277.702
2026-09-16T22:25:04,291.207
2026-09-16T22:30:04,276.634
2026-09-16T22:35:04,264.269
2026-09-16T22:40:04,274.445
2026-09-16T22:45:04,265.292
2026-09-16T22:50:04,265.143
2026-09-16T22:55:04,280.301
2026-09-16T23:00:04,368.814
2026-09-16T23:05:04,375.946
2026-09-16T23:10:04,365.094
2026-09-16T23:15:04,273.841
2026-09-16T23:20:04,273.379
2026-09-16T23:25:04,282.62
2026-09-16T23:30:04,273.754
2026-09-16T23:35:04,258.162
2026-09-16T23:40:04,269.015
2026-09-16T23:45:04,269.824
2026-09-16T23:50:04,268.682
2026-09-16T23:55:04,277.766
2026-09-17T00:00:04,267.769
2026-09-17T00:05:04,356.029
2026-09-17T00:10:04,363.831
2026-09-17T00:15:04,261.838
2026-09-17T00:20:04,263.922
2026-09-17T00:25:04,275.796
2026-09-17T00:30:04,276.239
2026-09-17T00:35:04,267.676
2026-09-17T00:40:04,262.943
2026-09-17T00:45:04,270.91
2026-09-17T00:50:04,263.307
2026-09-17T00:55:04,263.402
2026-09-17T01:05:00,355.772
2026-09-17T01:10:00,364.961
2026-09-17T01:15:00,261.592
2026-09-17T01:20:00,265.689
2026-09-17T01:25:00,274.218
2026-09-17T01:30:00,261.908
2026-09-17T01:35:00,264.26
2026-09-17T01:40:00,263.706
2026-09-17T01:45:00,250.842
2026-09-17T01:50:00,240.004
2026-09-17T01:55:00,264.748
2026-09-17T02:00:00,249.092
2026-09-17T02:05:00,334.806
2026-09-17T02:10:00,332.595
2026-09-17T02:15:00,248.218
2026-09-17T02:20:00,238.979
2026-09-17T02:25:00,238.09
2026-09-17T02:30:00,240.511
2026-09-17T02:35:00,248.247
2026-09-17T02:40:00,241.999
2026-09-17T02:45:00,238.065
2026-09-17T02:50:00,240.425
2026-09-17T02:53:42,248.759
2026-09-17T02:58:42,236.823
2026-09-17T03:03:42,238.174
2026-09-17T03:10:00,237.338
2026-09-17T03:13:38,238.804
2026-09-17T03:18:38,247.608
2026-09-17T03:23:38,235.567
2026-09-17T03:28:38,243.939
2026-09-17T03:33:38,344.083
2026-09-17T03:38:38,330.724
2026-09-17T03:43:38,338.661
2026-09-17T03:46:28,338.653
2026-09-17T03:51:28,343.548
2026-09-17T03:56:28,242.134
2026-09-17T04:01:28,241.214
2026-09-17T04:06:28,240.132
2026-09-17T04:11:28,245.551
2026-09-17T04:16:28,242.576
2026-09-17T04:21:28,237.769
2026-09-17T04:26:28,235.541
2026-09-17T04:28:08,237.615
2026-09-17T04:33:08,250.31
2026-09-17T04:38:08,236.998
2026-09-17T04:43:08,236.664
2026-09-17T04:48:08,237.548
2026-09-17T04:53:08,246.131
2026-09-17T04:58:08,240.26
2026-09-17T05:03:08,339.127
2026-09-17T05:08:38,332.599
2026-09-17T05:13:38,333.662
2026-09-17T05:18:38,335.984
2026-09-17T05:23:38,327.853
2026-09-17T05:28:38,247.341
2026-09-17T05:33:38,242.259
2026-09-17T05:38:38,245.969
2026-09-17T05:43:38,250.789
2026-09-17T05:48:38,257.169
2026-09-17T05:53:38,256.015
2026-09-17T05:58:38,259.997
2026-09-17T06:03:38,347.262
2026-09-17T06:08:38,359.504
2026-09-17T06:13:38,347.356
2026-09-17T06:18:38,261.25
2026-09-17T06:23:38,265.042
2026-09-17T06:28:38,261.681
2026-09-17T06:33:38,263.577
2026-09-17T06:38:38,263.378
2026-09-17T06:43:38,263.217
2026-09-17T06:48:38,260.533
2026-09-17T06:53:38,274.128
2026-09-17T06:58:38,262.108
2026-09-17T07:03:38,353.053
2026-09-17T07:08:38,364.089
2026-09-17T07:13:38,262.368
2026-09-17T07:18:38,263.287
2026-09-17T07:23:38,261.199
2026-09-17T07:28:38,269.566
2026-09-17T07:33:38,262.783
2026-09-17T07:38:38,263.842
2026-09-17T07:43:38,265.007
2026-09-17T07:50:00,273.475
2026-09-17T07:55:00,263.83
2026-09-17T08:00:00,295.494
2026-09-17T08:05:00,356.994
2026-09-17T08:10:00,350.889
2026-09-17T08:15:00,262.786
2026-09-17T08:20:00,273.022
2026-09-17T08:25:00,267.267
2026-09-17T08:30:00,263.396
2026-09-17T08:35:00,266.248
2026-09-17T08:40:00,274.463
2026-09-17T08:45:00,265.007
2026-09-17T08:50:00,264.207
2026-09-17T08:55:00,272.229
2026-09-17T09:00:00,263.061
2026-09-17T09:05:00,276.11
2026-09-17T09:10:00,361.017
2026-09-17T09:15:00,363.779
2026-09-17T09:20:00,273.862
2026-09-17T09:25:00,264.987
2026-09-17T09:30:00,265.835
2026-09-17T09:35:00,268.296
2026-09-17T09:40:00,273.336
2026-09-17T09:45:00,263.616
2026-09-17T09:50:00,265.095
2026-09-17T09:55:00,275.425
2026-09-17T10:00:00,275.618
2026-09-17T10:05:00,376.755
2026-09-17T10:10:00,275.7
2026-09-17T10:15:00,270.751
2026-09-17T10:20:00,270.539
2026-09-17T10:25:00,273.038
2026-09-17T10:30:00,269.405
2026-09-17T10:35:00,271.62
2026-09-17T10:40:00,263.268
2026-09-17T10:45:00,266.689
2026-09-17T10:50:00,264.089
2026-09-17T10:55:00,262.842
2026-09-17T11:00:00,261.171
2026-09-17T11:05:00,351.523
2026-09-17T11:10:00,363.462
2026-09-17T11:15:00,351.27
2026-09-17T11:20:00,268.958
2026-09-17T11:25:00,266.545
2026-09-17T11:30:00,266.622
2026-09-17T11:35:00,261.834
2026-09-17T11:40:00,261.668
2026-09-17T11:45:00,262.268
2026-09-17T11:50:00,272.641
2026-09-17T11:55:00,348.095
2026-09-17T12:00:00,348.582
2026-09-17T12:04:28,356.22
2026-09-17T12:09:28,262.123
2026-09-17T12:14:28,271.494
2026-09-17T12:19:28,265.43
2026-09-17T12:24:28,274.865
2026-09-17T12:29:28,276.383
2026-09-17T12:34:28,267.708
2026-09-17T12:39:28,267.993
2026-09-17T12:44:28,265.42
2026-09-17T12:49:28,266.168
2026-09-17T12:54:28,265.5
2026-09-17T12:59:28,376.221
2026-09-17T13:04:28,355.755
2026-09-17T13:09:28,353.94
2026-09-17T13:14:28,266.102
2026-09-17T13:14:32,264.921
2026-09-17T13:19:32,264.212
2026-09-17T13:24:32,263.263
2026-09-17T13:29:32,264.978
2026-09-17T13:34:32,266.458
2026-09-17T13:39:32,264.628
2026-09-17T13:44:32,259.707
2026-09-17T13:49:32,263.119
2026-09-17T13:54:32,270.13
2026-09-17T13:59:32,260.359
2026-09-17T14:04:32,353.479
2026-09-17T14:09:32,363.983
2026-09-17T14:14:32,347.5
2026-09-17T14:15:32,347.307
2026-09-17T14:20:32,260.012
2026-09-17T14:25:32,269.551
2026-09-17T14:29:16,264.647
2026-09-17T14:34:16,260.783
2026-09-17T14:39:16,261.54
2026-09-17T14:40:22,262.544
2026-09-17T14:45:22,271.653
2026-09-17T14:50:22,260.837
2026-09-17T14:52:02,260.678
2026-09-17T14:57:02,270.059
2026-09-17T15:02:02,349.143
2026-09-17T15:05:38,346.648
2026-09-17T15:10:24,348.611
2026-09-17T15:15:24,271.288
2026-09-17T15:20:24,267.07
2026-09-17T15:30:00,267.658
2026-09-17T15:35:00,265.966
2026-09-17T15:40:00,262.846
2026-09-17T15:45:00,264.198
2026-09-17T15:50:00,274.581
2026-09-17T15:55:00,261.372
2026-09-17T16:00:00,261.701
2026-09-17T16:05:00,362.716
2026-09-17T16:10:00,351.383
2026-09-17T16:15:00,353.78
2026-09-17T16:20:00,252.982
2026-09-17T16:25:00,264.049
2026-09-17T16:30:00,265.752
2026-09-17T16:35:00,269.607
2026-09-17T16:40:00,260.429
2026-09-17T16:45:00,270.398
2026-09-17T16:50:00,262.374
2026-09-17T16:55:00,269.788
2026-09-17T17:00:00,262.072
2026-09-17T17:05:00,271.837
2026-09-17T17:10:00,368.083
2026-09-17T17:15:00,362.956
2026-09-17T17:20:00,276.722
2026-09-17T17:25:00,266.887
2026-09-17T17:30:00,267.053
2026-09-17T17:35:00,267.476
2026-09-17T17:40:00,270.054
2026-09-17T17:45:00,260.815
2026-09-17T17:50:00,260.658
2026-09-17T17:55:00,261.147
2026-09-17T18:00:00,270.448
2026-09-17T18:05:00,353.379
2026-09-17T18:10:00,352.881
2026-09-17T18:15:00,365.314
2026-09-17T18:20:00,350.573
2026-09-17T18:25:00,258.866
2026-09-17T18:30:00,258.378
2026-09-17T18:35:00,275.337
2026-09-17T18:40:00,273.545
2026-09-17T18:45:00,259.83
2026-09-17T18:50:00,277.172
2026-09-17T18:55:00,266.669
2026-09-17T19:00:00,257.529
2026-09-17T19:05:00,265.003
2026-09-17T19:10:00,367.335
2026-09-17T19:15:00,357.629
2026-09-17T19:20:00,259.819
2026-09-17T19:25:00,269.304
2026-09-17T19:30:00,259.525
2026-09-17T19:35:00,261.259
2026-09-17T19:40:00,259.128
2026-09-17T19:45:00,267.277
2026-09-17T19:50:00,259.275
2026-09-17T19:55:00,269.884
2026-09-17T20:00:00,261.364
2026-09-17T20:05:00,331.324
2026-09-17T20:10:00,344.127
2026-09-17T20:15:00,239.822
2026-09-17T20:20:00,236.097
2026-09-17T20:25:00,253.781
2026-09-17T20:30:00,246.755
2026-09-17T20:30:16,248.581
2026-09-17T20:35:16,237.791
2026-09-17T20:36:14,338.87
2026-09-17T20:39:28,235.077
2026-09-17T20:44:28,237.813
2026-09-17T20:49:28,245.255
2026-09-17T20:54:28,337.913
2026-09-17T20:59:28,339.805
2026-09-17T21:04:28,237.893
2026-09-17T21:09:28,249.966
2026-09-17T21:14:28,236.131
2026-09-17T21:19:28,253.834
2026-09-17T21:24:28,246.743
2026-09-17T21:29:28,255.48
2026-09-17T21:34:28,236.758
2026-09-17T21:39:28,258.867
2026-09-17T21:44:28,267.087
2026-09-17T21:49:30,259.644
2026-09-17T21:54:30,257.102
2026-09-17T21:59:30,273.838
2026-09-17T22:04:30,353.353
2026-09-17T22:10:00,354.76
2026-09-17T22:15:00,271.314
2026-09-17T22:20:00,279.474
2026-09-17T22:25:00,264.812
2026-09-17T22:30:00,265.861
2026-09-17T22:35:00,266.198
2026-09-17T22:40:00,281.194
2026-09-17T22:45:00,271.753
2026-09-17T22:50:00,270.917
2026-09-17T22:55:00,271.629
2026-09-17T23:00:00,280.097
2026-09-17T23:05:00,361.487
2026-09-17T23:10:00,356.511
2026-09-17T23:15:00,367.0
2026-09-17T23:20:00,272.626
2026-09-17T23:25:00,272.928
2026-09-17T23:30:00,264.343
2026-09-17T23:35:00,275.758
2026-09-17T23:40:00,275.687
2026-09-17T23:45:00,267.71
2026-09-17T23:50:00,275.865
2026-09-17T23:55:00,263.138
2026-09-18T00:00:00,260.622
2026-09-18T00:05:00,364.868
2026-09-18T00:10:00,354.646
2026-09-18T00:15:00,353.812
2026-09-18T00:20:00,358.122
2026-09-18T00:25:00,263.12
2026-09-18T00:30:00,261.218
2026-09-18T00:35:00,273.002
2026-09-18T00:40:00,262.766
2026-09-18T00:45:00,260.87
2026-09-18T00:50:00,260.19
2026-09-18T00:55:00,270.889
2026-09-18T01:00:00,267.365
2026-09-18T01:05:00,368.25
2026-09-18T01:10:00,353.025
2026-09-18T01:15:00,355.034
2026-09-18T01:20:00,263.854
2026-09-18T01:25:00,272.337
2026-09-18T01:30:00,265.699
2026-09-18T01:35:00,263.668
2026-09-18T01:40:00,271.445
2026-09-18T01:45:00,267.041
2026-09-18T01:50:00,270.823
2026-09-18T01:55:00,271.386
2026-09-18T02:00:00,262.503
2026-09-18T02:05:00,357.526
2026-09-18T02:10:00,369.22
2026-09-18T02:15:00,364.22
2026-09-18T02:20:00,273.633
2026-09-18T02:25:00,262.155
2026-09-18T02:30:00,263.9
2026-09-18T02:35:00,272.126
2026-09-18T02:40:00,262.952
2026-09-18T02:45:00,263.93
2026-09-18T02:50:00,262.286
2026-09-18T02:55:00,263.458
2026-09-18T03:00:00,239.189
2026-09-18T03:05:00,332.515
2026-09-18T03:10:00,342.522
2026-09-18T03:15:00,335.105
2026-09-18T03:20:00,240.714
2026-09-18T03:25:00,239.648
2026-09-18T03:30:00,251.726
2026-09-18T03:35:00,240.213
2026-09-18T03:40:00,242.927
2026-09-18T03:45:00,235.718
2026-09-18T03:50:00,252.033
2026-09-18T03:55:00,242.254
2026-09-18T04:00:00,240.352
2026-09-18T04:05:00,354.191
2026-09-18T04:10:00,342.597
2026-09-18T04:15:00,245.817
2026-09-18T04:20:00,245.607
2026-09-18T04:25:00,250.856
2026-09-18T04:30:00,240.57
2026-09-18T04:35:00,242.47
2026-09-18T04:40:00,241.534
2026-09-18T04:45:00,253.725
2026-09-18T04:50:00,242.063
2026-09-18T04:55:00,240.554
2026-09-18T05:00:00,349.938
2026-09-18T05:05:00,340.377
2026-09-18T05:10:00,239.583
2026-09-18T05:15:00,252.247
2026-09-18T05:20:00,240.708
2026-09-18T05:25:00,239.212
2026-09-18T05:30:00,242.333
2026-09-18T05:35:00,257.936
2026-09-18T05:40:00,239.02
2026-09-18T05:45:00,250.596
2026-09-18T05:50:00,258.12
2026-09-18T05:55:00,247.181
2026-09-18T06:00:00,239.659
2026-09-18T06:05:00,353.947
2026-09-18T06:10:00,345.788
2026-09-18T06:15:00,235.259
2026-09-18T06:20:00,244.663
2026-09-18T06:25:00,254.954
2026-09-18T06:30:00,244.355
2026-09-18T06:35:00,235.725
2026-09-18T06:40:00,244.559
2026-09-18T06:45:00,235.812
2026-09-18T06:50:00,242.197
2026-09-18T06:55:00,239.447
2026-09-18T07:00:00,348.295
2026-09-18T07:05:00,361.203
2026-09-18T07:10:00,260.967
2026-09-18T07:15:00,260.333
2026-09-18T07:20:00,260.002
2026-09-18T07:25:00,257.248
2026-09-18T07:30:00,256.418
2026-09-18T07:35:00,269.319
2026-09-18T07:40:00,258.206
2026-09-18T07:45:00,256.195
2026-09-18T07:50:00,269.187
2026-09-18T07:55:00,258.075
2026-09-18T08:00:00,368.894
2026-09-18T08:05:00,366.887
2026-09-18T08:10:00,260.056
2026-09-18T08:15:00,260.312
2026-09-18T08:20:00,265.83
2026-09-18T08:25:00,257.845
2026-09-18T08:30:00,258.612
2026-09-18T08:35:00,257.72
2026-09-18T08:40:00,272.391
2026-09-18T08:45:00,258.841
2026-09-18T08:50:00,270.75
2026-09-18T08:55:00,49.209
2026-09-18T09:00:00,38.839
2026-09-18T09:05:00,37.495
2026-09-18T09:10:00,33.929
2026-09-18T09:15:00,43.834
2026-09-18T09:20:00,41.459
2026-09-18T09:25:00,31.185
2026-09-18T09:30:00,32.786
2026-09-18T09:35:00,9.589
2026-09-18T09:40:00,111.48
2026-09-18T09:45:00,9.807
2026-09-18T09:50:00,17.707
2026-09-18T09:55:00,8.049
2026-09-18T10:00:00,8.25
2026-09-18T10:05:00,8.288
2026-09-18T10:10:00,8.328
2026-09-18T10:15:00,6.507
2026-09-18T10:20:00,46.329
2026-09-18T10:25:00,6.619
2026-09-18T10:30:00,8.835
2026-09-18T10:35:00,7.426
2026-09-18T10:40:00,8.56
2026-09-18T10:45:00,17.444
2026-09-18T10:50:00,10.658
2026-09-18T10:55:00,8.784
2026-09-18T11:00:00,18.722
2026-09-18T11:05:00,9.557
2026-09-18T11:10:00,7.216
2026-09-18T11:15:00,17.794
2026-09-18T11:20:00,7.171
2026-09-18T11:25:00,18.566
2026-09-18T11:30:00,7.036
2026-09-18T11:35:00,17.779
2026-09-18T11:40:00,7.81
2026-09-18T11:45:00,7.887
2026-09-18T11:50:00,6.863
2026-09-18T11:55:00,6.367
2026-09-18T12:00:00,4.753
2026-09-18T12:05:00,11.793
2026-09-18T12:10:00,3.44
2026-09-18T12:15:00,3.578
2026-09-18T12:20:00,3.466
2026-09-18T12:22:52,3.593
2026-09-18T12:27:52,3.345
2026-09-18T12:32:52,3.521
2026-09-18T12:38:26,3.899
2026-09-18T12:43:26,3.778
2026-09-18T12:48:26,3.502
2026-09-18T12:53:26,3.759
2026-09-18T12:58:26,2.332
2026-09-18T13:03:26,4.097
2026-09-18T13:08:26,2.27
2026-09-18T13:13:26,2.835
2026-09-18T13:18:26,3.741
2026-09-18T13:23:26,2.415
2026-09-18T13:28:26,2.364
2026-09-18T13:33:26,2.343
2026-09-18T13:38:26,13.829
2026-09-18T13:43:26,8.428
2026-09-18T13:48:26,8.568
2026-09-18T13:53:26,9.776
2026-09-18T13:58:26,8.795
2026-09-18T14:03:26,17.985
2026-09-18T14:08:26,8.224
2026-09-18T14:13:26,8.582
2026-09-18T14:18:26,9.854
2026-09-18T14:23:26,2.754
2026-09-18T14:28:26,12.091
2026-09-18T14:33:26,2.197
2026-09-18T14:38:26,3.183
2026-09-18T14:43:26,3.696
2026-09-18T14:48:26,3.136
2026-09-18T14:53:26,13.975
2026-09-18T14:58:26,5.293
2026-09-18T15:03:26,3.228
2026-09-18T15:08:26,3.278
2026-09-18T15:13:26,4.99
2026-09-18T15:18:26,7.245
2026-09-18T15:23:26,7.338
2026-09-18T15:28:26,13.786
2026-09-18T15:33:26,5.912
2026-09-18T15:38:26,15.723
2026-09-18T15:43:26,6.202
2026-09-18T15:48:26,5.865
2026-09-18T15:53:26,6.2
2026-09-18T15:58:26,8.005
2026-09-18T16:03:26,16.343
2026-09-18T16:08:26,101.601
2026-09-18T16:13:26,119.678
2026-09-18T16:18:26,132.122
2026-09-18T16:23:26,174.327
2026-09-18T16:28:26,227.035
2026-09-18T16:33:26,228.833
2026-09-18T16:38:26,230.636
2026-09-18T16:43:26,238.549
2026-09-18T16:48:26,231.128
2026-09-18T16:53:26,240.75
2026-09-18T16:58:26,238.458
2026-09-18T17:03:26,228.714
2026-09-18T17:08:26,339.875
2026-09-18T17:13:26,351.085
2026-09-18T17:18:26,262.724
2026-09-18T17:23:26,249.81
2026-09-18T17:28:26,249.318
2026-09-18T17:33:26,250.812
2026-09-18T17:38:26,263.443
2026-09-18T17:43:26,249.25
2026-09-18T17:48:26,251.737
2026-09-18T17:53:26,250.386
2026-09-18T17:58:26,259.993
2026-09-18T18:03:26,347.554
2026-09-18T18:08:26,343.857
2026-09-18T18:13:26,363.231
2026-09-18T18:18:26,345.947
2026-09-18T18:23:26,256.712
2026-09-18T18:28:26,264.615
2026-09-18T18:33:26,255.995
2026-09-18T18:38:26,256.102
2026-09-18T18:43:26,262.206
2026-09-18T18:48:26,268.164
2026-09-18T18:53:26,272.03
2026-09-18T18:58:26,267.703
2026-09-18T19:03:26,352.199
2026-09-18T19:08:26,362.538
2026-09-18T19:13:26,358.932
2026-09-18T19:18:26,361.452
2026-09-18T19:23:27,271.206
2026-09-18T19:28:27,270.593
2026-09-18T19:33:27,270.167
2026-09-18T19:38:27,258.312
2026-09-18T19:43:27,258.012
2026-09-18T19:48:27,268.566
2026-09-18T19:53:27,274.763
2026-09-18T19:58:27,265.319
2026-09-18T20:03:27,368.381
2026-09-18T20:08:27,353.675
2026-09-18T20:13:27,348.479
2026-09-18T20:18:27,350.477
2026-09-18T20:23:27,267.13
2026-09-18T20:28:27,256.212
2026-09-18T20:33:27,256.196
2026-09-18T20:38:27,258.005
2026-09-18T20:43:27,271.118
2026-09-18T20:48:27,255.72
2026-09-18T20:53:27,258.965
2026-09-18T20:58:27,364.632
2026-09-18T21:03:27,350.703
2026-09-18T21:08:27,360.756
2026-09-18T21:13:27,267.187
2026-09-18T21:18:27,258.197
2026-09-18T21:23:27,255.173
2026-09-18T21:28:27,241.421
2026-09-18T21:33:27,270.014
2026-09-18T21:38:27,244.411
2026-09-18T21:43:27,234.704
2026-09-18T21:48:27,247.302
2026-09-18T21:53:27,245.155
2026-09-18T21:58:27,248.463
2026-09-18T22:03:27,361.312
2026-09-18T22:08:27,355.105
2026-09-18T22:13:27,364.085
2026-09-18T22:18:27,272.142
2026-09-18T22:23:27,280.55
2026-09-18T22:28:27,270.301
2026-09-18T22:33:27,270.261
2026-09-18T22:38:27,281.003
2026-09-18T22:43:27,270.186
2026-09-18T22:48:27,279.693
2026-09-18T22:53:27,280.851
2026-09-18T22:58:27,272.771
2026-09-18T23:03:27,364.976
2026-09-18T23:08:27,363.694
2026-09-18T23:13:27,354.092
2026-09-18T23:18:27,355.215
2026-09-18T23:23:27,274.956
2026-09-18T23:28:27,264.704
2026-09-18T23:33:27,264.192
2026-09-18T23:38:27,268.25
2026-09-18T23:43:27,278.06
2026-09-18T23:48:27,269.477
2026-09-18T23:53:27,269.101
2026-09-18T23:58:27,364.69
2026-09-19T00:03:27,352.151
2026-09-19T00:08:27,259.995
2026-09-19T00:13:27,274.661
2026-09-19T00:18:27,259.174
2026-09-19T00:23:27,271.534
2026-09-19T00:28:27,274.435
2026-09-19T00:33:27,269.176
2026-09-19T00:38:27,259.223
2026-09-19T00:43:27,271.38
2026-09-19T00:48:27,270.184
2026-09-19T00:53:27,267.95
2026-09-19T00:58:27,267.818
2026-09-19T01:03:27,359.837
2026-09-19T01:08:27,362.781
2026-09-19T01:13:27,357.81
2026-09-19T01:18:27,259.948
2026-09-19T01:23:27,271.531
2026-09-19T01:28:27,259.995
2026-09-19T01:33:27,262.151
2026-09-19T01:38:27,270.441
2026-09-19T01:43:27,260.049
2026-09-19T01:48:27,269.758
2026-09-19T01:53:27,258.507
2026-09-19T01:58:27,277.06
2026-09-19T02:03:27,365.784
2026-09-19T02:08:27,365.238
2026-09-19T02:13:27,259.346
2026-09-19T02:18:27,269.016
2026-09-19T02:23:27,262.789
2026-09-19T02:28:27,263.664
2026-09-19T02:33:27,238.171
2026-09-19T02:38:27,242.199
2026-09-19T02:43:27,244.33
2026-09-19T02:48:27,255.795
2026-09-19T02:53:27,242.711
2026-09-19T02:58:27,252.111
2026-09-19T03:03:27,238.471
2026-09-19T03:08:27,236.766
2026-09-19T03:13:27,345.508
2026-09-19T03:18:27,331.059
2026-09-19T03:23:27,242.38
2026-09-19T03:28:27,237.518
2026-09-19T03:33:27,239.117
2026-09-19T03:38:27,235.8
2026-09-19T03:43:27,235.763
2026-09-19T03:48:27,244.207
2026-09-19T03:53:27,238.338
2026-09-19T03:58:27,235.218
2026-09-19T04:03:27,334.921
2026-09-19T04:08:27,332.679
2026-09-19T04:13:27,235.657
2026-09-19T04:18:27,234.0
2026-09-19T04:23:27,247.543
2026-09-19T04:28:27,233.304
2026-09-19T04:33:27,234.058
2026-09-19T04:38:27,245.098
2026-09-19T04:43:27,236.047
2026-09-19T04:48:27,233.569
2026-09-19T04:53:27,246.425
2026-09-19T04:58:27,232.869
2026-09-19T05:03:27,341.472
2026-09-19T05:08:27,329.242
2026-09-19T05:13:27,332.481
2026-09-19T05:18:27,329.772
2026-09-19T05:23:27,250.198
2026-09-19T05:28:27,256.405
2026-09-19T05:33:27,241.846
2026-09-19T05:38:27,249.105
2026-09-19T05:43:27,255.854
2026-09-19T05:48:27,239.228
2026-09-19T05:55:01,235.551
2026-09-19T06:00:01,250.859
2026-09-19T06:05:01,374.08
2026-09-19T06:10:01,360.556
2026-09-19T06:15:01,259.769
2026-09-19T06:20:01,265.726
2026-09-19T06:25:01,266.84
2026-09-19T06:30:01,257.862
2026-09-19T06:35:01,255.261
2026-09-19T06:40:01,263.628
2026-09-19T06:45:01,264.677
2026-09-19T06:50:01,264.938
2026-09-19T06:55:01,268.097
2026-09-19T07:00:01,359.375
2026-09-19T07:05:01,352.47
2026-09-19T07:10:01,264.469
2026-09-19T07:15:01,254.478
2026-09-19T07:20:01,254.605
2026-09-19T07:25:01,264.607
2026-09-19T07:30:01,254.764
2026-09-19T07:35:01,255.779
2026-09-19T07:40:01,281.459
2026-09-19T07:45:01,266.448
2026-09-19T07:50:01,264.784
2026-09-19T07:55:01,256.106
2026-09-19T08:00:01,256.403
2026-09-19T08:05:01,364.127
2026-09-19T08:10:01,359.559
2026-09-19T08:15:01,255.888
2026-09-19T08:20:01,264.512
2026-09-19T08:25:01,258.87
2026-09-19T08:30:01,255.585
2026-09-19T08:35:01,264.783
2026-09-19T08:40:01,255.026
2026-09-19T08:45:01,265.226
2026-09-19T08:50:01,254.356
2026-09-19T08:55:01,265.093
2026-09-19T09:00:01,264.92
2026-09-19T09:05:01,259.426
2026-09-19T09:10:01,264.121
2026-09-19T09:15:01,254.864
2026-09-19T09:20:01,357.733
2026-09-19T09:25:01,364.452
2026-09-19T09:30:01,255.35
2026-09-19T09:35:01,247.103
2026-09-19T09:40:01,264.359
2026-09-19T09:45:01,256.095
2026-09-19T09:50:01,254.292
2026-09-19T09:55:01,263.995
2026-09-19T10:00:01,255.102
2026-09-19T10:05:01,250.348
2026-09-19T10:10:01,354.074
2026-09-19T10:15:01,318.779
2026-09-19T10:20:01,253.932
2026-09-19T10:25:01,266.016
2026-09-19T10:30:01,263.956
2026-09-19T10:35:01,265.106
2026-09-19T10:40:01,254.587
2026-09-19T10:45:01,60.997
2026-09-19T10:50:01,43.437
2026-09-19T10:55:01,44.45
2026-09-19T11:00:01,51.549
2026-09-19T11:05:01,146.699
2026-09-19T11:10:01,48.398
2026-09-19T11:15:01,31.376
2026-09-19T11:20:01,9.632
2026-09-19T11:25:01,7.894
2026-09-19T11:30:01,11.684
2026-09-19T11:35:01,7.777
2026-09-19T11:40:01,16.842
2026-09-19T11:45:01,9.352
2026-09-19T11:50:01,13.695
2026-09-19T11:55:01,14.32
2026-09-19T12:00:01,7.354
2026-09-19T12:05:01,12.348
2026-09-19T12:10:01,20.376
2026-09-19T12:15:01,13.492
2026-09-19T12:20:01,11.695
2026-09-19T12:25:01,12.502
2026-09-19T12:30:01,12.381
2026-09-19T12:35:01,16.314
2026-09-19T12:40:01,5.689
2026-09-19T12:45:01,21.894
2026-09-19T12:50:01,108.954
2026-09-19T12:55:01,188.196
2026-09-19T13:00:01,221.259
2026-09-19T13:05:01,221.237
2026-09-19T13:10:01,247.604
2026-09-19T13:15:01,249.916
2026-09-19T13:20:01,248.001
2026-09-19T13:25:01,257.776
2026-09-19T13:30:01,246.129
2026-09-19T13:35:01,250.946
2026-09-19T13:40:01,251.077
2026-09-19T13:45:01,260.899
2026-09-19T13:50:01,255.174
2026-09-19T13:55:01,249.999
2026-09-19T14:00:01,262.311
2026-09-19T14:05:01,268.451
2026-09-19T14:10:01,250.699
2026-09-19T14:15:01,261.44
2026-09-19T14:20:01,251.732
2026-09-19T14:25:01,263.16
2026-09-19T14:30:01,251.573
2026-09-19T14:35:01,264.444
2026-09-19T14:40:01,359.405
2026-09-19T14:45:01,342.535
2026-09-19T14:50:01,343.16
2026-09-19T14:55:01,251.939
2026-09-19T15:00:01,264.995
2026-09-19T15:05:01,255.56
2026-09-19T15:10:01,254.445
2026-09-19T15:15:01,266.641
2026-09-19T15:20:01,255.714
2026-09-19T15:25:01,268.948
2026-09-19T15:30:01,264.375
2026-09-19T15:35:01,255.705
2026-09-19T15:40:01,264.118
2026-09-19T15:45:01,254.594
2026-09-19T15:50:01,53.183
2026-09-19T15:55:01,41.718
2026-09-19T16:00:01,215.669
2026-09-19T16:05:01,341.485
2026-09-19T16:10:01,338.832
2026-09-19T16:15:01,251.18
2026-09-19T16:20:01,249.86
2026-09-19T16:25:01,260.942
2026-09-19T16:30:01,250.91
2026-09-19T16:35:01,251.923
2026-09-19T16:40:01,250.807
2026-09-19T16:45:01,261.339
2026-09-19T16:50:01,250.426
2026-09-19T16:55:01,251.254
2026-09-19T17:00:01,259.673
2026-09-19T17:05:01,340.491
2026-09-19T17:10:01,353.246
2026-09-19T17:15:01,341.539
2026-09-19T17:20:01,345.334
2026-09-19T17:25:01,348.459
2026-09-19T17:30:01,262.427
2026-09-19T17:35:01,251.342
2026-09-19T17:40:01,250.485
2026-09-19T17:45:01,250.646
2026-09-19T17:50:01,263.324
2026-09-19T17:51:21,259.605
2026-09-19T17:59:21,248.911
2026-09-19T18:04:21,342.639
2026-09-19T18:09:21,354.213
2026-09-19T18:14:21,347.855
2026-09-19T18:19:21,251.355
2026-09-19T18:24:21,252.89
2026-09-19T18:29:21,260.881
2026-09-19T18:34:21,254.592
2026-09-19T18:39:21,252.326
2026-09-19T18:44:21,261.006
2026-09-19T18:49:21,346.751
2026-09-19T18:54:21,349.694
2026-09-19T18:59:21,265.277
2026-09-19T19:04:21,258.178
2026-09-19T19:09:21,259.949
2026-09-19T19:14:21,268.627
2026-09-19T19:19:21,268.294
2026-09-19T19:24:22,269.695
2026-09-19T19:29:22,283.698
2026-09-19T19:34:22,267.431
2026-09-19T19:39:22,277.132
2026-09-19T19:40:44,278.121
2026-09-19T19:45:44,273.799
2026-09-19T19:50:44,274.306
2026-09-19T19:55:44,278.87
2026-09-19T20:00:44,252.963
2026-09-19T20:05:44,373.755
2026-09-19T20:10:44,350.622
2026-09-19T20:15:44,250.457
2026-09-19T20:20:44,281.672
2026-09-19T20:26:14,260.026
2026-09-19T20:31:14,247.135
2026-09-19T20:36:14,225.761
2026-09-19T20:41:14,225.775
2026-09-19T20:46:14,236.425
2026-09-19T20:51:14,326.909
2026-09-19T20:56:14,326.688
2026-09-19T21:01:14,227.955
2026-09-19T21:06:14,237.107
2026-09-19T21:11:14,227.122
2026-09-19T21:16:14,227.236
2026-09-19T21:21:14,239.667
2026-09-19T21:26:14,240.881
2026-09-19T21:31:14,244.886
2026-09-19T21:36:14,241.353
2026-09-19T21:41:14,239.374
2026-09-19T21:46:14,227.179
2026-09-19T21:51:14,239.664
2026-09-19T21:56:14,229.236
2026-09-19T22:01:14,267.316
2026-09-19T22:06:14,323.907
2026-09-19T22:11:14,239.341
2026-09-19T22:16:14,264.932
2026-09-19T22:21:14,266.15
2026-09-19T22:26:14,267.26
2026-09-19T22:31:14,269.482
2026-09-19T22:36:14,355.91
2026-09-19T22:41:14,355.972
2026-09-19T22:46:14,357.687
2026-09-19T22:51:14,354.687
2026-09-19T22:56:14,265.658
2026-09-19T23:01:14,269.711
2026-09-19T23:06:14,259.079
2026-09-19T23:11:14,258.418
2026-09-19T23:16:14,266.632
2026-09-19T23:21:14,268.058
2026-09-19T23:26:14,276.312
2026-09-19T23:31:14,266.825
2026-09-19T23:36:14,260.36
2026-09-19T23:41:14,262.078
2026-09-19T23:46:14,252.871
2026-09-19T23:51:14,239.563
2026-09-19T23:56:14,230.569
2026-09-20T00:01:14,230.13
2026-09-20T00:10:00,240.804
2026-09-20T00:15:00,250.079
2026-09-20T00:20:00,242.162
2026-09-20T00:25:00,250.756
2026-09-20T00:30:00,250.83
2026-09-20T00:35:00,238.514
2026-09-20T00:40:00,250.695
2026-09-20T00:45:00,239.271
2026-09-20T00:50:00,262.217
2026-09-20T00:55:00,251.545
2026-09-20T01:00:00,29.401
2026-09-20T01:05:00,32.357
2026-09-20T01:10:00,34.799
2026-09-20T01:15:00,23.797
2026-09-20T01:20:00,12.816
2026-09-20T01:25:00,10.768
2026-09-20T01:30:00,11.087
2026-09-20T01:35:00,20.249
2026-09-20T01:40:00,12.46
2026-09-20T01:45:00,9.33
2026-09-20T01:50:00,15.948
2026-09-20T01:55:00,14.66
2026-09-20T02:00:00,9.916
2026-09-20T02:05:00,9.389
2026-09-20T02:10:00,9.192
2026-09-20T02:15:00,92.886
2026-09-20T02:20:00,99.547
2026-09-20T02:25:00,106.307
2026-09-20T02:30:00,106.374
2026-09-20T02:35:00,148.48
2026-09-20T02:40:00,102.342
2026-09-20T02:45:00,100.965
2026-09-20T02:50:00,11.972
2026-09-20T02:55:00,9.454
2026-09-20T03:00:00,9.394
2026-09-20T03:05:00,19.596
2026-09-20T03:10:00,9.643
2026-09-20T03:15:00,9.955
2026-09-20T03:20:00,20.211
2026-09-20T03:25:00,19.918
2026-09-20T03:30:00,9.024
2026-09-20T03:35:00,8.613
2026-09-20T03:40:00,9.772
2026-09-20T03:45:00,9.861
2026-09-20T03:50:00,8.874
2026-09-20T03:55:00,11.204
2026-09-20T04:00:00,97.817
2026-09-20T04:05:00,28.262
2026-09-20T04:10:00,28.326
2026-09-20T04:15:00,28.863
2026-09-20T04:20:00,39.681
2026-09-20T04:25:00,57.348
2026-09-20T04:30:00,168.17
2026-09-20T04:35:00,231.439
2026-09-20T04:40:00,18.018
2026-09-20T04:45:00,105.466
2026-09-20T04:50:00,230.817
2026-09-20T04:55:00,240.909
2026-09-20T05:00:00,321.939
2026-09-20T05:05:00,332.14
2026-09-20T05:10:00,328.957
2026-09-20T05:15:00,231.246
2026-09-20T05:20:00,236.655
2026-09-20T05:25:00,235.429
2026-09-20T05:30:00,235.115
2026-09-20T05:35:00,237.781
2026-09-20T05:40:00,225.633
2026-09-20T05:45:00,226.858
2026-09-20T05:50:00,233.473
2026-09-20T05:55:00,234.274
2026-09-20T06:00:00,329.064
2026-09-20T06:05:00,316.133
2026-09-20T06:10:00,321.606
2026-09-20T06:15:00,226.08
2026-09-20T06:20:00,227.48
2026-09-20T06:25:00,225.367
2026-09-20T06:30:00,236.582
2026-09-20T06:35:00,238.277
2026-09-20T06:40:00,245.386
2026-09-20T06:45:00,249.628
2026-09-20T06:50:00,250.232
2026-09-20T06:55:00,250.43
2026-09-20T07:00:00,351.922
2026-09-20T07:05:00,344.611
2026-09-20T07:10:00,249.633
2026-09-20T07:15:00,250.82
2026-09-20T07:20:00,250.136
2026-09-20T07:25:00,248.67
2026-09-20T07:30:00,250.879
2026-09-20T07:35:00,259.519
2026-09-20T07:40:00,251.593
2026-09-20T07:45:00,250.42
2026-09-20T07:50:00,260.082
2026-09-20T07:55:00,248.189
2026-09-20T08:00:00,250.238
2026-09-20T08:05:00,342.329
2026-09-20T08:10:00,345.062
2026-09-20T08:15:00,246.468
2026-09-20T08:20:00,249.031
2026-09-20T08:25:00,246.871
2026-09-20T08:30:00,257.523
2026-09-20T08:35:00,249.687
2026-09-20T08:40:00,247.08
2026-09-20T08:45:00,256.219
2026-09-20T08:50:00,246.739
2026-09-20T08:55:00,256.795
2026-09-20T09:00:00,245.779
2026-09-20T09:05:00,341.853
2026-09-20T09:10:00,355.547
2026-09-20T09:15:00,247.568
2026-09-20T09:20:00,247.758
2026-09-20T09:25:00,230.988
2026-09-20T09:30:00,235.397
2026-09-20T09:35:00,222.0
2026-09-20T09:40:00,233.31
2026-09-20T09:45:00,324.212
2026-09-20T09:50:00,223.918
2026-09-20T09:55:00,234.827
2026-09-20T10:00:00,220.735
2026-09-20T10:05:00,217.085
2026-09-20T10:10:00,230.796
2026-09-20T10:15:00,220.25
2026-09-20T10:20:00,221.817
2026-09-20T10:25:00,232.975
2026-09-20T10:30:00,233.195
2026-09-20T10:35:00,230.93
2026-09-20T10:40:00,334.859
2026-09-20T10:45:00,318.83
2026-09-20T10:50:00,229.92
2026-09-20T10:55:00,218.553
2026-09-20T11:00:00,217.373
2026-09-20T11:05:00,218.309
2026-09-20T11:10:00,252.934
2026-09-20T11:15:00,242.268
2026-09-20T11:20:00,242.715
2026-09-20T11:25:00,245.659
2026-09-20T11:30:00,244.022
2026-09-20T11:35:00,244.05
2026-09-20T11:40:00,341.5
2026-09-20T11:45:00,340.819
2026-09-20T11:50:00,246.685
2026-09-20T11:55:00,246.869
2026-09-20T12:00:00,246.599
2026-09-20T12:05:00,255.783
2026-09-20T12:10:00,247.032
2026-09-20T12:15:00,249.669
2026-09-20T12:20:00,253.668
2026-09-20T12:25:00,251.859
2026-09-20T12:30:00,259.315
2026-09-20T12:35:00,250.142
2026-09-20T12:40:00,339.421
2026-09-20T12:45:00,352.514
2026-09-20T12:50:00,344.636
2026-09-20T12:55:00,237.912
2026-09-20T13:00:00,230.868
2026-09-20T13:05:00,226.784
2026-09-20T13:10:00,253.753
2026-09-20T13:15:00,254.122
2026-09-20T13:20:00,250.118
2026-09-20T13:25:00,262.758
2026-09-20T13:30:00,253.191
2026-09-20T13:35:00,263.782
2026-09-20T13:40:00,342.372
2026-09-20T13:45:00,345.099
2026-09-20T13:50:00,354.405
2026-09-20T13:55:00,248.552
2026-09-20T14:00:00,248.868
2026-09-20T14:05:00,251.024
2026-09-20T14:10:00,261.062
2026-09-20T14:15:00,250.566
2026-09-20T14:20:00,260.823
2026-09-20T14:25:00,251.211
2026-09-20T14:30:00,228.364
2026-09-20T14:35:00,236.6
2026-09-20T14:40:00,325.926
2026-09-20T14:45:00,318.024
2026-09-20T14:50:00,233.971
2026-09-20T14:55:00,226.003
2026-09-20T15:00:00,224.288
2026-09-20T15:05:00,237.911
2026-09-20T15:10:00,228.884
2026-09-20T15:15:00,230.53
2026-09-20T15:20:00,242.374
2026-09-20T15:25:00,228.459
2026-09-20T15:30:00,238.928
2026-09-20T15:35:00,240.89
2026-09-20T15:40:00,228.207
2026-09-20T15:45:00,335.268
2026-09-20T15:50:00,324.479
2026-09-20T15:55:00,228.168
2026-09-20T16:00:00,227.213
2026-09-20T16:05:00,226.576
2026-09-20T16:10:00,234.063
2026-09-20T16:15:00,226.803
2026-09-20T16:20:00,238.087
2026-09-20T16:25:00,227.709
2026-09-20T16:30:00,229.254
2026-09-20T16:35:00,242.769
2026-09-20T16:40:00,226.555
2026-09-20T16:45:00,227.192
2026-09-20T16:50:00,236.551
2026-09-20T16:55:00,327.844
2026-09-20T17:00:00,229.945
2026-09-20T17:05:00,227.467
2026-09-20T17:10:00,229.056
2026-09-20T17:15:00,236.696
2026-09-20T17:20:00,227.82
2026-09-20T17:25:00,230.109
2026-09-20T17:30:00,224.748
2026-09-20T17:35:00,234.326
2026-09-20T17:40:00,225.4
2026-09-20T17:45:00,226.194
2026-09-20T17:50:00,325.821
2026-09-20T17:55:00,255.826
2026-09-20T18:00:00,226.047
2026-09-20T18:05:00,229.307
2026-09-20T18:10:00,229.463
2026-09-20T18:15:00,236.915
2026-09-20T18:20:00,229.925
2026-09-20T18:25:00,242.378
2026-09-20T18:30:00,254.42
2026-09-20T18:35:00,246.681
2026-09-20T18:40:00,249.516
2026-09-20T18:45:00,235.511
2026-09-20T18:50:00,235.075
2026-09-20T18:55:00,234.762
2026-09-20T19:00:00,232.172
2026-09-20T19:05:00,248.054
2026-09-20T19:10:00,226.744
2026-09-20T19:15:00,230.754
2026-09-20T19:20:01,240.693
2026-09-20T19:25:01,225.658
2026-09-20T19:30:01,240.34
2026-09-20T19:35:01,236.996
2026-09-20T19:40:01,236.518
2026-09-20T19:45:01,246.143
2026-09-20T19:50:01,236.676
2026-09-20T19:55:01,245.57
2026-09-20T20:00:01,229.184
2026-09-20T20:05:01,242.528
2026-09-20T20:10:01,237.236
2026-09-20T20:15:01,230.154
2026-09-20T20:20:01,244.063
2026-09-20T20:25:01,229.772
2026-09-20T20:30:01,239.168
2026-09-20T20:35:01,237.467
2026-09-20T20:40:01,225.228
2026-09-20T20:45:01,235.516
2026-09-20T20:50:01,232.743
2026-09-20T20:55:01,259.707
2026-09-20T21:00:01,252.616
2026-09-20T21:05:01,238.165
2026-09-20T21:10:01,245.218
2026-09-20T21:15:01,234.862
2026-09-20T21:15:55,233.124
2026-09-20T21:20:55,32.588
2026-09-20T21:25:55,22.855
2026-09-20T21:30:55,18.124
2026-09-20T21:35:55,9.909
2026-09-20T21:40:55,36.409
2026-09-20T21:45:55,24.389
2026-09-20T21:50:55,29.267
2026-09-20T21:55:55,28.86
2026-09-20T22:00:55,30.58
2026-09-20T22:05:55,40.17
2026-09-20T22:10:55,38.599
2026-09-20T22:15:55,31.431
2026-09-20T22:22:35,31.659
2026-09-20T22:27:35,24.726
2026-09-20T22:32:35,27.678
2026-09-20T22:37:35,24.574
2026-09-20T22:42:35,24.994
2026-09-20T22:47:35,15.333
2026-09-20T22:48:23,15.128
2026-09-20T22:53:23,22.389
2026-09-20T22:58:23,21.527
2026-09-20T23:03:23,22.644
2026-09-20T23:08:23,24.234
2026-09-20T23:13:23,15.584
2026-09-20T23:18:23,45.665
2026-09-20T23:23:23,23.414
2026-09-20T23:28:23,13.281
2026-09-20T23:33:23,15.019
2026-09-20T23:38:23,13.228
2026-09-20T23:43:23,34.578
2026-09-20T23:48:23,14.008
2026-09-20T23:53:23,2.792
2026-09-20T23:53:57,2.253
2026-09-20T23:58:57,0.907
2026-09-21T00:03:57,1.539
2026-09-21T00:08:57,1.135
2026-09-21T00:13:57,1.54
2026-09-21T00:18:57,1.238
2026-09-21T00:23:57,0.958
2026-09-21T00:30:01,1.823
2026-09-21T00:35:01,1.018
2026-09-21T00:40:01,1.872
2026-09-21T00:45:01,1.094
2026-09-21T00:50:01,1.563
2026-09-21T00:55:01,6.008
2026-09-21T01:00:01,1.312
2026-09-21T01:05:01,1.123
2026-09-21T01:10:01,1.567
2026-09-21T01:15:01,0.885
2026-09-21T01:20:01,3.913
2026-09-21T01:25:01,0.996
2026-09-21T01:30:01,2.684
2026-09-21T01:35:01,1.061
2026-09-21T01:40:01,1.14
2026-09-21T01:45:01,1.127
2026-09-21T01:50:01,0.958
2026-09-21T01:55:01,0.894
2026-09-21T02:00:01,1.134
2026-09-21T02:05:01,2.697
2026-09-21T02:10:01,1.095
2026-09-21T02:15:01,0.97
2026-09-21T02:20:01,1.421
2026-09-21T02:25:01,1.314
2026-09-21T02:30:01,3.133
2026-09-21T02:35:01,2.461
2026-09-21T02:40:01,4.291
2026-09-21T02:45:01,1.116
2026-09-21T02:50:01,1.315
2026-09-21T02:55:01,4.675
2026-09-21T03:00:01,1.61
2026-09-21T03:02:41,2.731
2026-09-21T03:07:41,0.964
2026-09-21T03:12:41,1.071
2026-09-21T03:17:41,1.136
2026-09-21T03:22:41,3.141
2026-09-21T03:27:41,1.167
2026-09-21T03:28:21,1.027
2026-09-21T03:33:21,1.068
2026-09-21T03:38:21,1.003
2026-09-21T03:43:21,1.122
2026-09-21T03:48:21,0.574
2026-09-21T03:49:23,1.148
2026-09-21T03:50:03,1.161
2026-09-21T03:55:03,0.645
2026-09-21T04:05:01,10.399
2026-09-21T04:10:01,7.013
2026-09-21T04:15:01,2.127
2026-09-21T04:20:01,1.065
2026-09-21T04:25:01,10.297
2026-09-21T04:30:01,11.155
2026-09-21T04:35:01,10.198
2026-09-21T04:40:01,8.65
2026-09-21T04:45:01,8.479
2026-09-21T04:50:01,0.565
2026-09-21T04:55:01,0.826
2026-09-21T05:00:01,0.632
2026-09-21T05:05:01,0.634
2026-09-21T05:10:01,0.503
2026-09-21T05:15:01,2.804
2026-09-21T05:20:01,0.527
2026-09-21T05:25:01,1.182
2026-09-21T05:30:01,0.588
2026-09-21T05:35:01,11.689
2026-09-21T05:40:01,0.666
2026-09-21T05:45:01,1.057
2026-09-21T05:50:01,0.493
2026-09-21T05:55:01,0.968
2026-09-21T06:00:01,0.418
2026-09-21T06:05:01,1.027
2026-09-21T06:10:01,0.333
2026-09-21T06:15:01,1.516
2026-09-21T06:20:01,2.112
2026-09-21T06:25:01,0.462
2026-09-21T06:30:01,0.673
2026-09-21T06:35:01,0.594
2026-09-21T06:40:01,0.536
2026-09-21T06:45:01,0.588
2026-09-21T06:50:01,0.884
2026-09-21T06:55:01,0.623
2026-09-21T07:00:01,1.036
2026-09-21T07:05:01,0.428
2026-09-21T07:10:01,1.171
2026-09-21T07:15:01,2.178
2026-09-21T07:20:01,0.998
2026-09-21T07:25:01,2.116
2026-09-21T07:30:01,4.35
2026-09-21T07:35:01,2.102
2026-09-21T07:40:01,2.14
2026-09-21T07:45:01,2.123
2026-09-21T07:50:01,2.796
2026-09-21T07:55:01,3.149
2026-09-21T08:00:01,5.007
2026-09-21T08:05:01,3.335
2026-09-21T08:10:01,2.696
2026-09-21T08:15:01,3.347
2026-09-21T08:20:01,2.686
2026-09-21T08:25:01,3.418
2026-09-21T08:30:01,2.704
2026-09-21T08:35:01,3.258
2026-09-21T08:40:01,2.697
2026-09-21T08:45:01,3.205
2026-09-21T08:50:01,2.822
2026-09-21T08:55:01,1.935
2026-09-21T09:00:01,11.519
2026-09-21T09:05:01,4.067
2026-09-21T09:10:01,4.979
2026-09-21T09:15:01,3.808
2026-09-21T09:20:01,3.83
2026-09-21T09:25:01,3.338
2026-09-21T09:30:01,3.552
2026-09-21T09:35:01,4.006
2026-09-21T09:40:01,3.351
2026-09-21T09:45:01,3.842
2026-09-21T09:50:01,3.326
2026-09-21T09:55:01,5.441
2026-09-21T10:00:01,3.581
2026-09-21T10:05:01,3.793
2026-09-21T10:10:01,4.82
2026-09-21T10:15:01,3.74
2026-09-21T10:20:01,4.679
2026-09-21T10:25:01,4.833
2026-09-21T10:30:01,4.544
2026-09-21T10:35:01,5.233
2026-09-21T10:40:01,4.633
2026-09-21T10:45:01,4.857
2026-09-21T10:50:01,5.575
2026-09-21T10:55:01,5.965
2026-09-21T11:00:01,4.336
2026-09-21T11:05:01,3.629
2026-09-21T11:10:01,3.66
2026-09-21T11:15:01,6.832
2026-09-21T11:20:01,3.527
2026-09-21T11:25:01,3.645
2026-09-21T11:30:01,7.724
2026-09-21T11:35:01,7.266
2026-09-21T11:40:01,4.85
2026-09-21T11:45:01,4.087
2026-09-21T11:50:01,3.541
2026-09-21T11:55:01,5.62
2026-09-21T12:00:01,3.677
2026-09-21T12:05:01,4.064
2026-09-21T12:10:01,5.228
2026-09-21T12:15:01,3.923
2026-09-21T12:20:01,6.67
2026-09-21T12:25:01,5.595
2026-09-21T12:30:01,4.157
2026-09-21T12:35:01,4.058
2026-09-21T12:40:01,3.609
2026-09-21T12:45:01,3.961
2026-09-21T12:50:01,5.151
2026-09-21T12:55:01,4.073
2026-09-21T13:00:01,3.591
2026-09-21T13:05:01,4.002
2026-09-21T13:10:01,13.89
2026-09-21T13:15:01,5.582
2026-09-21T13:20:01,3.563
2026-09-21T13:25:01,5.096
2026-09-21T13:30:01,4.29
2026-09-21T13:35:01,3.622
2026-09-21T13:40:01,3.654
2026-09-21T13:45:01,3.605
2026-09-21T13:50:01,5.173
2026-09-21T13:55:01,4.051
2026-09-21T14:00:01,4.032
2026-09-21T14:05:01,4.059
2026-09-21T14:10:01,4.062
2026-09-21T14:15:01,7.629
2026-09-21T14:20:01,107.598
2026-09-21T14:25:01,108.908
2026-09-21T14:30:01,94.096
2026-09-21T14:35:01,6.248
2026-09-21T14:40:01,6.891
2026-09-21T14:45:01,6.34
2026-09-21T14:50:01,9.576
2026-09-21T14:55:01,11.61
2026-09-21T15:00:01,22.615
2026-09-21T15:05:01,11.423
2026-09-21T15:10:01,11.435
2026-09-21T15:15:01,11.553
2026-09-21T15:20:01,10.636
2026-09-21T15:25:01,109.574
2026-09-21T15:30:01,118.286
2026-09-21T15:35:01,112.812
2026-09-21T15:40:01,119.701
2026-09-21T15:45:01,19.433
2026-09-21T15:50:01,22.804
2026-09-21T15:55:01,22.751
2026-09-21T16:00:01,20.956
2026-09-21T16:05:01,23.248
2026-09-21T16:10:01,255.021
2026-09-21T16:15:01,198.684
2026-09-21T16:20:01,204.185
2026-09-21T16:25:01,223.573
2026-09-21T16:30:01,233.003
2026-09-21T16:35:01,241.007
2026-09-21T16:40:01,243.722
2026-09-21T16:45:01,235.246
2026-09-21T16:50:01,239.248
2026-09-21T16:55:01,246.602
2026-09-21T17:00:01,19.165
2026-09-21T17:05:01,19.634
2026-09-21T17:10:01,19.838
2026-09-21T17:15:01,30.619
2026-09-21T17:20:01,109.569
2026-09-21T17:25:01,120.967
2026-09-21T17:30:01,109.89
2026-09-21T17:35:01,110.331
2026-09-21T17:40:01,18.485
2026-09-21T17:45:01,19.814
2026-09-21T17:50:01,18.909
2026-09-21T17:55:01,21.004
2026-09-21T18:00:01,31.645
2026-09-21T18:05:01,19.021
2026-09-21T18:10:01,18.037
2026-09-21T18:15:01,20.228
2026-09-21T18:20:01,20.562
2026-09-21T18:25:01,29.895
2026-09-21T18:30:01,29.984
2026-09-21T18:35:01,15.835
2026-09-21T18:40:01,26.623
2026-09-21T18:45:01,23.845
2026-09-21T18:50:01,16.05
2026-09-21T18:55:01,15.653
2026-09-21T19:00:01,14.266
2026-09-21T19:05:01,14.556
2026-09-21T19:10:01,23.847
2026-09-21T19:15:01,14.479
2026-09-21T19:20:01,15.729
2026-09-21T19:25:01,18.252
2026-09-21T19:30:01,25.193
2026-09-21T19:35:01,17.071
2026-09-21T19:40:01,17.149
2026-09-21T19:45:01,12.535
2026-09-21T19:50:01,14.245
2026-09-21T19:55:01,22.09
2026-09-21T20:00:01,12.649
2026-09-21T20:05:01,12.328
2026-09-21T20:10:01,12.319
2026-09-21T20:15:01,10.388
2026-09-21T20:20:01,20.132
2026-09-21T20:25:01,11.836
2026-09-21T20:30:01,11.696
2026-09-21T20:35:01,10.434
2026-09-21T20:40:01,14.278
2026-09-21T20:45:01,19.067
2026-09-21T20:50:01,11.907
2026-09-21T20:55:01,9.729
2026-09-21T21:00:01,10.082
2026-09-21T21:05:01,22.929
2026-09-21T21:10:01,11.849
2026-09-21T21:15:01,10.662
2026-09-21T21:20:01,10.628
2026-09-21T21:25:01,18.754
2026-09-21T21:30:01,11.702
2026-09-21T21:35:01,11.68
2026-09-21T21:40:01,11.742
2026-09-21T21:45:01,11.607
2026-09-21T21:50:01,9.301
2026-09-21T21:55:01,18.849
2026-09-21T22:00:01,9.208
2026-09-21T22:05:01,9.972
2026-09-21T22:10:01,10.383
2026-09-21T22:15:01,10.881
2026-09-21T22:20:01,10.074
2026-09-21T22:25:01,18.648
2026-09-21T22:30:01,27.808
2026-09-21T22:35:01,20.066
2026-09-21T22:40:01,18.039
2026-09-21T22:45:01,20.567
2026-09-21T22:50:01,18.047
2026-09-21T22:55:01,28.073
2026-09-21T23:00:01,13.519
2026-09-21T23:05:01,10.96
2026-09-21T23:10:01,12.0
2026-09-21T23:15:01,12.469
2026-09-21T23:20:01,12.248
2026-09-21T23:25:01,10.49
2026-09-21T23:30:01,10.716
2026-09-21T23:35:01,14.062
2026-09-21T23:40:01,9.854
2026-09-21T23:45:01,12.425
2026-09-21T23:50:01,11.517
2026-09-21T23:55:01,22.179
2026-09-22T00:00:01,11.56
2026-09-22T00:05:01,14.094
2026-09-22T00:10:01,11.574
2026-09-22T00:15:01,12.234
2026-09-22T00:20:01,13.796
2026-09-22T00:25:01,12.127
2026-09-22T00:30:01,11.605
2026-09-22T00:35:01,14.145
2026-09-22T00:40:01,20.099
2026-09-22T00:45:01,8.569
2026-09-22T00:50:01,8.248
2026-09-22T00:55:01,8.947
2026-09-22T01:00:01,5.587
2026-09-22T01:05:01,7.0
2026-09-22T01:10:01,6.259
2026-09-22T01:15:01,6.219
2026-09-22T01:20:01,6.098
2026-09-22T01:25:01,17.198
2026-09-22T01:30:01,8.392
2026-09-22T01:35:01,7.746
2026-09-22T01:40:01,9.648
2026-09-22T01:45:01,8.814
2026-09-22T01:50:01,9.308
2026-09-22T01:55:01,8.841
2026-09-22T02:00:01,9.039
2026-09-22T02:05:01,9.951
2026-09-22T02:10:01,8.892
2026-09-22T02:15:01,9.345
2026-09-22T02:20:01,11.019
2026-09-22T02:25:01,7.783
2026-09-22T02:30:01,19.003
2026-09-22T02:35:01,15.228
2026-09-22T02:40:01,22.502
2026-09-22T02:45:01,9.32
2026-09-22T02:50:01,15.219
2026-09-22T02:55:01,10.808
2026-09-22T03:00:01,18.71
2026-09-22T03:05:01,7.053
2026-09-22T03:10:01,7.137
2026-09-22T03:15:01,8.789
2026-09-22T03:20:01,8.314
2026-09-22T03:25:01,8.961
2026-09-22T03:30:01,19.011
2026-09-22T03:35:01,7.375
2026-09-22T03:40:01,7.228
2026-09-22T03:45:01,7.6
2026-09-22T03:50:01,8.276
2026-09-22T03:55:01,60.253
2026-09-22T04:00:01,53.444
2026-09-22T04:05:01,111.936
2026-09-22T04:10:01,158.37
2026-09-22T04:15:01,232.241
2026-09-22T04:20:01,260.3
2026-09-22T04:25:01,264.13
2026-09-22T04:30:01,259.0
2026-09-22T04:35:01,263.284
2026-09-22T04:40:01,267.108
2026-09-22T04:45:01,268.595
2026-09-22T04:50:01,55.968
2026-09-22T04:55:01,38.176
2026-09-22T05:00:01,15.496
2026-09-22T05:05:01,112.967
2026-09-22T05:10:01,101.589
2026-09-22T05:15:01,33.69
2026-09-22T05:20:01,17.844
2026-09-22T05:25:01,6.507
2026-09-22T05:30:01,6.923
2026-09-22T05:35:01,9.961
2026-09-22T05:40:01,7.069
2026-09-22T05:45:01,6.294
2026-09-22T05:50:01,28.142
2026-09-22T05:55:01,93.271
2026-09-22T06:00:01,106.363
2026-09-22T06:05:01,114.782
2026-09-22T06:10:01,105.862
2026-09-22T06:15:01,155.425
2026-09-22T06:20:01,235.194
2026-09-22T06:25:01,239.146
2026-09-22T06:30:01,55.011
2026-09-22T06:35:01,16.175
2026-09-22T06:40:01,8.057
2026-09-22T06:45:01,15.636
2026-09-22T06:50:01,18.336
2026-09-22T06:55:01,7.625
2026-09-22T07:00:01,8.816
2026-09-22T07:05:01,8.554
2026-09-22T07:10:01,8.5
2026-09-22T07:15:01,19.202
2026-09-22T07:20:01,8.663
2026-09-22T07:25:01,8.904
2026-09-22T07:30:01,8.573
2026-09-22T07:35:01,11.14
2026-09-22T07:40:01,8.421
2026-09-22T07:45:01,8.587
2026-09-22T07:50:01,8.96
2026-09-22T07:55:01,8.32
2026-09-22T08:00:01,8.961
2026-09-22T08:05:01,8.37
2026-09-22T08:10:01,17.707
2026-09-22T08:15:01,8.507
2026-09-22T08:20:01,8.414
2026-09-22T08:25:01,9.035
2026-09-22T08:30:01,18.372
2026-09-22T08:35:01,8.851
2026-09-22T08:40:01,8.318
2026-09-22T08:45:01,8.138
2026-09-22T08:50:01,8.277
2026-09-22T08:55:01,18.143
2026-09-22T09:00:01,8.038
2026-09-22T09:05:01,8.967
2026-09-22T09:10:01,36.804
2026-09-22T09:15:01,7.805
2026-09-22T09:20:01,16.863
2026-09-22T09:25:01,7.816
2026-09-22T09:30:01,10.486
2026-09-22T09:35:01,10.224
2026-09-22T09:40:01,10.667
2026-09-22T09:45:01,19.771
2026-09-22T09:50:01,9.049
2026-09-22T09:55:01,7.124
2026-09-22T10:00:01,85.037
2026-09-22T10:05:01,143.574
2026-09-22T10:10:01,150.081
2026-09-22T10:15:01,143.526
2026-09-22T10:20:01,216.204
2026-09-22T10:25:01,228.566
2026-09-22T10:30:01,244.612
2026-09-22T10:35:01,244.629
2026-09-22T10:40:01,234.835
2026-09-22T10:45:01,252.734
2026-09-22T10:50:01,245.321
2026-09-22T10:55:01,237.597
2026-09-22T11:00:01,247.547
2026-09-22T11:05:01,331.312
2026-09-22T11:10:01,342.654
2026-09-22T11:15:01,352.321
2026-09-22T11:20:01,327.925
2026-09-22T11:25:01,240.172
2026-09-22T11:30:01,250.065
2026-09-22T11:35:01,259.303
2026-09-22T11:40:01,261.409
2026-09-22T11:45:01,260.845
2026-09-22T11:50:01,249.619
2026-09-22T11:55:01,237.1
2026-09-22T12:00:01,234.647
2026-09-22T12:05:01,328.73
2026-09-22T12:10:01,326.527
2026-09-22T12:15:01,233.188
2026-09-22T12:20:01,234.388
2026-09-22T12:25:01,244.81
2026-09-22T12:30:01,234.452
2026-09-22T12:35:01,250.579
2026-09-22T12:40:01,246.899
2026-09-22T12:45:01,233.81
2026-09-22T12:50:01,243.369
2026-09-22T12:55:01,236.265
2026-09-22T13:00:01,232.885
2026-09-22T13:05:01,351.103
2026-09-22T13:10:01,340.121
2026-09-22T13:15:01,359.258
2026-09-22T13:20:01,233.412
2026-09-22T13:25:01,236.463
2026-09-22T13:30:01,244.212
2026-09-22T13:35:01,232.67
2026-09-22T13:38:57,234.017
2026-09-22T13:43:57,242.933
2026-09-22T13:48:57,235.363
2026-09-22T13:53:57,261.153
2026-09-22T13:58:57,269.214
2026-09-22T14:00:17,289.61
2026-09-22T14:05:17,340.406
2026-09-22T14:10:17,331.589
2026-09-22T14:15:17,256.294
2026-09-22T14:20:17,259.155
2026-09-22T14:25:17,257.332
2026-09-22T14:30:17,256.902
2026-09-22T14:35:17,258.908
2026-09-22T14:40:17,267.146
2026-09-22T14:45:17,260.614
2026-09-22T14:50:17,268.178
2026-09-22T14:52:29,269.819
2026-09-22T14:57:29,256.685
2026-09-22T15:02:29,330.45
2026-09-22T15:07:29,243.685
2026-09-22T15:12:29,233.001
2026-09-22T15:17:29,232.542
2026-09-22T15:19:01,232.284
2026-09-22T15:25:01,245.111
2026-09-22T15:30:01,230.92
2026-09-22T15:35:01,229.662
2026-09-22T15:40:01,244.595
2026-09-22T15:45:01,233.123
2026-09-22T15:50:01,242.417
2026-09-22T15:55:01,232.543
2026-09-22T16:00:01,323.216
2026-09-22T16:05:01,322.375
2026-09-22T16:10:01,331.037
2026-09-22T16:15:01,239.192
2026-09-22T16:20:01,238.616
2026-09-22T16:25:01,229.904
2026-09-22T16:30:01,239.569
2026-09-22T16:35:01,230.466
2026-09-22T16:40:01,231.682
2026-09-22T16:45:01,243.637
2026-09-22T16:50:01,324.325
2026-09-22T16:55:01,326.975
2026-09-22T17:00:01,330.551
2026-09-22T17:05:01,296.146
2026-09-22T17:10:01,232.92
2026-09-22T17:15:01,230.471
2026-09-22T17:20:01,228.016
2026-09-22T17:25:01,228.566
2026-09-22T17:30:01,229.575
2026-09-22T17:35:01,228.851
2026-09-22T17:40:01,234.697
2026-09-22T17:45:01,321.785
2026-09-22T17:50:01,324.737
2026-09-22T17:55:01,331.766
2026-09-22T18:00:01,231.563
2026-09-22T18:05:01,232.678
2026-09-22T18:10:01,230.674
2026-09-22T18:15:01,248.066
2026-09-22T18:20:01,260.998
2026-09-22T18:25:01,249.781
2026-09-22T18:30:01,259.27
2026-09-22T18:35:01,267.191
2026-09-22T18:40:01,232.879
2026-09-22T18:45:01,241.073
2026-09-22T18:50:01,232.656
2026-09-22T18:55:03,324.809
2026-09-22T19:00:03,332.719
2026-09-22T19:05:03,326.025
2026-09-22T19:10:03,229.895
2026-09-22T19:15:03,231.744
2026-09-22T19:20:03,249.998
2026-09-22T19:25:03,240.939
2026-09-22T19:30:03,249.405
2026-09-22T19:35:03,248.895
2026-09-22T19:40:03,71.325
2026-09-22T19:45:03,174.51
2026-09-22T19:50:03,231.989
2026-09-22T19:55:03,320.773
2026-09-22T20:00:03,321.104
2026-09-22T20:05:03,78.759
2026-09-22T20:06:37,21.593
2026-09-22T20:11:37,13.953
2026-09-22T20:16:37,14.809
2026-09-22T20:21:37,7.876
2026-09-22T20:26:37,4.37
2026-09-22T20:31:37,4.249
2026-09-22T20:36:37,5.743
2026-09-22T20:41:37,4.118
2026-09-22T20:46:37,5.074
2026-09-22T20:51:37,7.294
2026-09-22T20:56:37,7.111
2026-09-22T21:01:37,16.508
2026-09-22T21:06:37,6.845
2026-09-22T21:11:37,6.219
2026-09-22T21:20:01,8.406
2026-09-22T21:25:01,6.667
2026-09-22T21:30:01,16.121
2026-09-22T21:35:01,24.466
2026-09-22T21:40:01,16.031
2026-09-22T21:45:01,28.764
2026-09-22T21:50:01,20.774
2026-09-22T21:55:01,18.84
2026-09-22T22:00:01,34.666
2026-09-22T22:05:01,113.322
2026-09-22T22:10:01,45.058
2026-09-22T22:15:01,159.469
2026-09-22T22:20:01,101.913
2026-09-22T22:25:01,93.957
2026-09-22T22:30:01,75.42
2026-09-22T22:35:01,17.107
2026-09-22T22:40:01,75.958
2026-09-22T22:45:01,24.911
2026-09-22T22:50:01,34.985
2026-09-22T22:55:01,26.772
2026-09-22T23:00:01,20.192
2026-09-22T23:05:01,89.082
2026-09-22T23:10:01,20.257
2026-09-22T23:15:01,20.721
2026-09-22T23:20:01,31.344
2026-09-22T23:25:01,20.752
2026-09-22T23:30:01,22.352
2026-09-22T23:35:01,117.584
2026-09-22T23:40:01,159.895
2026-09-22T23:45:01,152.935
2026-09-22T23:50:01,154.839
2026-09-22T23:55:01,148.041
2026-09-23T00:00:01,156.21
2026-09-23T00:05:01,145.828
2026-09-23T00:10:01,239.16
2026-09-23T00:15:01,244.718
2026-09-23T00:20:01,237.742
2026-09-23T00:25:01,235.931
2026-09-23T00:30:01,228.126
2026-09-23T00:35:01,227.539
2026-09-23T00:40:01,228.031
2026-09-23T00:45:01,232.309
2026-09-23T00:50:01,227.166
2026-09-23T00:55:01,228.136
2026-09-23T01:00:01,238.956
2026-09-23T01:05:01,324.898
2026-09-23T01:10:01,324.52
2026-09-23T01:15:01,321.911
2026-09-23T01:20:01,226.274
2026-09-23T01:25:01,227.696
2026-09-23T01:30:01,238.003
2026-09-23T01:35:01,227.922
2026-09-23T01:40:01,226.035
2026-09-23T01:45:01,226.105
2026-09-23T01:50:01,239.296
2026-09-23T01:55:01,226.836
2026-09-23T02:00:01,318.24
2026-09-23T02:05:01,328.339
2026-09-23T02:10:01,227.99
2026-09-23T02:15:01,227.456
2026-09-23T02:20:01,227.052
2026-09-23T02:25:01,227.339
2026-09-23T02:30:01,229.454
2026-09-23T02:35:01,235.432
2026-09-23T02:40:01,228.728
2026-09-23T02:45:01,235.33
2026-09-23T02:50:01,227.359
2026-09-23T02:55:01,319.363
2026-09-23T03:00:01,319.454
2026-09-23T03:05:01,227.345
2026-09-23T03:10:01,236.639
2026-09-23T03:15:01,228.143
2026-09-23T03:20:01,225.947
2026-09-23T03:25:01,235.849
2026-09-23T03:30:01,227.052
2026-09-23T03:35:01,228.21
2026-09-23T03:40:01,241.104
2026-09-23T03:45:01,227.49
2026-09-23T03:50:01,229.774
2026-09-23T03:55:01,236.193
2026-09-23T04:00:01,320.66
2026-09-23T04:05:01,320.308
2026-09-23T04:10:01,317.407
2026-09-23T04:15:01,233.504
2026-09-23T04:20:01,237.599
2026-09-23T04:25:01,231.085
2026-09-23T04:30:01,231.217
2026-09-23T04:35:01,229.324
2026-09-23T04:40:01,240.411
2026-09-23T04:45:01,231.587
2026-09-23T04:50:01,243.95
2026-09-23T04:55:01,231.033
2026-09-23T05:00:01,232.485
2026-09-23T05:05:01,328.683
2026-09-23T05:10:01,320.864
2026-09-23T05:15:01,324.684
2026-09-23T05:20:01,231.054
2026-09-23T05:25:01,232.229
2026-09-23T05:30:01,241.999
2026-09-23T05:35:01,231.525
2026-09-23T05:40:01,247.945
2026-09-23T05:45:01,235.931
2026-09-23T05:50:01,231.031
2026-09-23T05:55:01,244.674
2026-09-23T06:00:01,232.216
2026-09-23T06:05:01,324.025
2026-09-23T06:10:01,327.641
2026-09-23T06:15:01,324.861
2026-09-23T06:20:01,230.99
2026-09-23T06:25:01,229.567
2026-09-23T06:30:01,229.803
2026-09-23T06:35:01,231.942
2026-09-23T06:40:01,230.255
2026-09-23T06:45:01,239.823
2026-09-23T06:50:01,249.757
2026-09-23T06:55:01,240.713
2026-09-23T07:00:01,237.567
2026-09-23T07:05:01,332.68
2026-09-23T07:10:01,322.73
2026-09-23T07:15:01,230.264
2026-09-23T07:20:01,231.231
2026-09-23T07:25:01,232.974
2026-09-23T07:30:01,230.9
2026-09-23T07:35:01,241.857
2026-09-23T07:40:01,227.484
2026-09-23T07:45:01,231.456
2026-09-23T07:50:01,239.458
2026-09-23T07:55:01,230.919
2026-09-23T08:00:01,334.207
2026-09-23T08:05:01,321.615
2026-09-23T08:10:01,324.432
2026-09-23T08:15:01,228.167
2026-09-23T08:20:01,231.751
2026-09-23T08:25:01,227.536
2026-09-23T08:30:01,222.53
2026-09-23T08:35:01,238.12
2026-09-23T08:40:01,246.291
2026-09-23T08:45:01,228.907
2026-09-23T08:50:01,235.613
2026-09-23T08:55:01,237.663
2026-09-23T09:00:01,237.343
2026-09-23T09:05:01,226.997
2026-09-23T09:10:01,230.667
2026-09-23T09:15:01,237.621
2026-09-23T09:20:01,226.906
2026-09-23T09:25:01,226.748
2026-09-23T09:30:01,327.764
2026-09-23T09:35:01,320.525
2026-09-23T09:40:01,326.841
2026-09-23T09:45:01,228.43
2026-09-23T09:50:01,226.515
2026-09-23T09:55:01,227.356
2026-09-23T10:00:01,243.446
2026-09-23T10:05:01,228.218
2026-09-23T10:10:01,228.884
2026-09-23T10:15:01,228.781
2026-09-23T10:20:01,228.114
2026-09-23T10:25:01,237.267
2026-09-23T10:30:01,234.999
2026-09-23T10:35:01,239.103
2026-09-23T10:40:01,341.267
2026-09-23T10:45:01,342.724
2026-09-23T10:50:01,236.367
2026-09-23T10:55:01,225.534
2026-09-23T11:00:01,225.641
2026-09-23T11:05:01,237.457
2026-09-23T11:10:01,226.318
2026-09-23T11:15:01,254.89
2026-09-23T11:20:01,250.988
2026-09-23T11:25:01,257.025
2026-09-23T11:30:01,249.926
2026-09-23T11:35:01,276.944
2026-09-23T11:40:01,265.363
2026-09-23T11:45:01,355.578
2026-09-23T11:50:01,350.159
2026-09-23T11:55:01,356.182
2026-09-23T12:00:01,351.219
2026-09-23T12:05:01,281.599
2026-09-23T12:10:01,268.337
2026-09-23T12:15:03,268.735
2026-09-23T12:25:01,264.555
2026-09-23T12:30:01,258.284
2026-09-23T12:35:01,279.034
2026-09-23T12:40:01,270.207
2026-09-23T12:45:01,367.749
2026-09-23T12:50:01,359.006
2026-09-23T12:55:01,357.726
2026-09-23T13:00:01,288.942
2026-09-23T13:05:01,268.988
2026-09-23T13:10:01,268.882
2026-09-23T13:15:01,270.381
2026-09-23T13:20:01,280.602
2026-09-23T13:25:01,269.221
2026-09-23T13:30:01,277.204
2026-09-23T13:35:01,278.283
2026-09-23T13:40:01,269.374
2026-09-23T13:45:01,362.118
2026-09-23T13:50:01,372.642
2026-09-23T13:55:01,357.754
2026-09-23T14:00:01,268.473
2026-09-23T14:05:01,271.676
2026-09-23T14:10:01,278.961
2026-09-23T14:15:01,266.371
2026-09-23T14:20:01,270.19
2026-09-23T14:25:01,270.23
2026-09-23T14:30:01,279.849
2026-09-23T14:35:01,269.25
2026-09-23T14:40:01,280.766
2026-09-23T14:45:01,356.525
2026-09-23T14:50:01,359.162
2026-09-23T14:55:01,355.907
2026-09-23T15:00:01,268.417
2026-09-23T15:05:01,265.186
2026-09-23T15:10:01,264.74
2026-09-23T15:15:01,268.509
2026-09-23T15:20:01,268.516
2026-09-23T15:25:01,275.338
2026-09-23T15:30:01,270.624
2026-09-23T15:35:01,277.746
2026-09-23T15:40:01,355.484
2026-09-23T15:45:01,357.829
2026-09-23T15:50:01,266.517
2026-09-23T15:55:01,270.482
2026-09-23T16:00:01,276.441
2026-09-23T16:05:01,268.467
2026-09-23T16:10:01,279.166
2026-09-23T16:15:01,268.909
2026-09-23T16:20:01,270.143
2026-09-23T16:25:01,281.109
2026-09-23T16:30:01,267.003
2026-09-23T16:35:01,281.101
2026-09-23T16:40:01,264.143
2026-09-23T16:45:01,274.845
2026-09-23T16:50:01,265.535
2026-09-23T16:55:01,279.898
2026-09-23T17:00:01,355.676
2026-09-23T17:05:03,353.599
2026-09-23T17:10:03,364.576
2026-09-23T17:15:03,263.741
2026-09-23T17:20:03,264.81
2026-09-23T17:25:03,273.579
2026-09-23T17:30:03,263.862
2026-09-23T17:35:03,269.286
2026-09-23T17:40:03,269.252
2026-09-23T17:45:03,274.864
2026-09-23T17:50:03,354.515
2026-09-23T17:55:03,264.645
2026-09-23T18:00:03,274.643
2026-09-23T18:05:03,263.773
2026-09-23T18:10:03,264.237
2026-09-23T18:15:03,281.532
2026-09-23T18:20:03,266.512
2026-09-23T18:25:03,273.068
2026-09-23T18:30:03,264.082
2026-09-23T18:35:03,271.843
2026-09-23T18:40:03,273.712
2026-09-23T18:45:03,263.258
2026-09-23T18:55:01,354.325
2026-09-23T19:00:01,265.152
2026-09-23T19:05:01,259.908
2026-09-23T19:10:01,271.751
2026-09-23T19:15:01,270.547
2026-09-23T19:20:01,262.606
2026-09-23T19:25:01,272.98
2026-09-23T19:30:01,260.588
2026-09-23T19:35:01,272.737
2026-09-23T19:40:01,268.785
2026-09-23T19:45:01,353.596
2026-09-23T19:50:01,361.693
2026-09-23T19:55:01,260.059
2026-09-23T20:00:01,261.615
2026-09-23T20:05:01,263.785
2026-09-23T20:10:01,261.144
2026-09-23T20:15:01,262.76
2026-09-23T20:20:01,269.614
2026-09-23T20:25:01,262.563
2026-09-23T20:30:01,274.279
2026-09-23T20:35:01,249.158
2026-09-23T20:40:01,241.036
2026-09-23T20:45:01,286.363
2026-09-23T20:50:01,333.361
2026-09-23T20:55:01,334.521
2026-09-23T21:00:01,242.357
2026-09-23T21:05:01,238.141
2026-09-23T21:10:01,241.777
2026-09-23T21:15:01,241.249
2026-09-23T21:20:01,247.766
2026-09-23T21:25:01,246.93
2026-09-23T21:30:01,258.395
2026-09-23T21:35:01,249.978
2026-09-23T21:40:01,248.869
2026-09-23T21:45:01,256.215
2026-09-23T21:50:01,247.128
2026-09-23T21:55:01,358.271
2026-09-23T22:00:01,342.248
2026-09-23T22:05:01,246.393
2026-09-23T22:10:01,250.587
2026-09-23T22:15:01,248.581
2026-09-23T22:20:01,256.949
2026-09-23T22:25:01,257.367
2026-09-23T22:30:01,257.868
2026-09-23T22:35:01,263.262
2026-09-23T22:40:01,254.192
2026-09-23T22:45:01,252.816
2026-09-23T22:50:01,286.971
2026-09-23T22:55:01,275.456
2026-09-23T23:00:01,275.329
2026-09-23T23:05:01,274.578
2026-09-23T23:10:01,367.797
2026-09-23T23:15:01,364.976
2026-09-23T23:20:01,359.94
2026-09-23T23:25:01,267.206
2026-09-23T23:30:01,275.507
2026-09-23T23:35:01,263.399
2026-09-23T23:40:01,269.707
2026-09-23T23:45:01,282.105
2026-09-23T23:50:01,354.365
2026-09-23T23:55:01,265.276
2026-09-24T00:00:01,265.931
2026-09-24T00:05:01,262.765
2026-09-24T00:10:01,276.932
2026-09-24T00:15:01,260.878
2026-09-24T00:20:01,264.019
2026-09-24T00:25:01,264.672
2026-09-24T00:30:01,271.946
2026-09-24T00:35:01,264.556
2026-09-24T00:40:01,262.812
2026-09-24T00:45:01,185.518
2026-09-24T00:50:01,97.112
2026-09-24T00:55:01,50.331
2026-09-24T01:00:01,8.837
2026-09-24T01:05:01,9.483
2026-09-24T01:10:01,5.931
2026-09-24T01:15:01,6.618
2026-09-24T01:20:01,6.199
2026-09-24T01:25:01,6.612
2026-09-24T01:30:01,5.906
2026-09-24T01:33:49,7.204
2026-09-24T01:38:03,16.099
2026-09-24T01:43:03,4.374
2026-09-24T01:48:03,68.867
2026-09-24T01:53:03,70.711
2026-09-24T01:58:03,73.952
2026-09-24T02:02:01,228.97
2026-09-24T02:07:15,222.964
2026-09-24T02:12:15,124.481
2026-09-24T02:17:15,50.576
2026-09-24T02:22:15,7.293
2026-09-24T02:27:15,17.115
2026-09-24T02:32:09,7.404
2026-09-24T02:38:07,7.478
2026-09-24T02:43:07,9.067
2026-09-24T02:48:07,77.72
2026-09-24T02:53:07,16.48
2026-09-24T02:58:07,4.111
2026-09-24T03:03:07,6.487
2026-09-24T03:08:07,9.966
2026-09-24T03:13:07,16.705
2026-09-24T03:15:01,17.174
2026-09-24T03:20:01,5.428
2026-09-24T03:25:01,6.175
2026-09-24T03:30:01,5.366
2026-09-24T03:35:01,6.06
2026-09-24T03:40:01,3.672
2026-09-24T03:45:01,14.891
2026-09-24T03:50:01,4.314
2026-09-24T03:55:01,4.999
2026-09-24T04:00:01,4.583
2026-09-24T04:05:01,4.932
2026-09-24T04:08:19,4.607
2026-09-24T04:13:19,9.561
2026-09-24T04:18:19,9.327
2026-09-24T04:20:01,9.142
2026-09-24T04:25:01,9.214
2026-09-24T04:30:01,8.368
2026-09-24T04:35:01,3.302
2026-09-24T04:40:01,2.941
2026-09-24T04:41:07,3.412
2026-09-24T04:46:07,12.978
2026-09-24T04:51:07,3.294
2026-09-24T04:56:07,2.816
2026-09-24T05:01:07,3.336
2026-09-24T05:06:07,2.721
2026-09-24T05:11:07,3.242
2026-09-24T05:16:07,2.741
2026-09-24T05:21:07,11.325
2026-09-24T05:26:07,18.573
2026-09-24T05:31:07,12.67
2026-09-24T05:36:07,10.655
2026-09-24T05:41:07,3.794
2026-09-24T05:46:07,4.49
2026-09-24T05:51:07,13.217
2026-09-24T05:56:07,2.855
2026-09-24T06:01:07,2.67
2026-09-24T06:06:07,2.806
2026-09-24T06:11:07,10.503
2026-09-24T06:16:07,10.5
2026-09-24T06:21:07,2.726
2026-09-24T06:26:07,2.68
2026-09-24T06:31:07,12.106
2026-09-24T06:36:07,2.589
2026-09-24T06:41:07,1.727
2026-09-24T06:46:07,2.253
2026-09-24T06:51:07,2.296
2026-09-24T06:56:07,3.787
2026-09-24T07:01:07,3.146
2026-09-24T07:06:07,2.498
2026-09-24T07:11:07,4.026
2026-09-24T07:16:07,2.57
2026-09-24T07:25:01,2.371
2026-09-24T07:30:01,3.555
2026-09-24T07:35:01,3.457
2026-09-24T07:40:01,7.321
2026-09-24T07:45:01,15.146
2026-09-24T07:50:01,5.057
2026-09-24T07:55:01,5.529
2026-09-24T08:00:01,5.639
2026-09-24T08:05:01,6.067
2026-09-24T08:10:01,5.406
2026-09-24T08:15:01,5.457
2026-09-24T08:20:01,5.449
2026-09-24T08:25:01,5.642
2026-09-24T08:30:01,5.946
2026-09-24T08:35:01,5.67
2026-09-24T08:40:01,5.978
2026-09-24T08:45:01,5.722
2026-09-24T08:50:01,5.94
2026-09-24T08:55:01,64.449
2026-09-24T09:00:01,74.285
2026-09-24T09:05:01,15.246
2026-09-24T09:10:01,5.971
2026-09-24T09:15:01,5.858
2026-09-24T09:20:01,4.001
2026-09-24T09:25:01,4.053
2026-09-24T09:30:01,3.846
2026-09-24T09:35:01,4.367
2026-09-24T09:40:01,4.192
2026-09-24T09:45:01,4.65
2026-09-24T09:50:01,3.858
2026-09-24T09:55:01,14.449
2026-09-24T10:00:01,10.112
2026-09-24T10:05:01,10.713
2026-09-24T10:10:01,8.415
2026-09-24T10:15:01,9.02
2026-09-24T10:20:01,7.786
2026-09-24T10:25:01,9.896
2026-09-24T10:30:01,3.864
2026-09-24T10:35:01,4.289
2026-09-24T10:40:01,3.838
2026-09-24T10:45:01,4.352
2026-09-24T10:50:01,3.998
2026-09-24T10:55:01,5.351
2026-09-24T11:00:01,3.777
2026-09-24T11:05:01,9.388
2026-09-24T11:10:01,7.49
2026-09-24T11:15:01,17.466
2026-09-24T11:20:01,10.857
2026-09-24T11:25:01,11.012
2026-09-24T11:30:01,20.714
2026-09-24T11:35:01,15.777
2026-09-24T11:40:01,15.914
2026-09-24T11:45:01,15.301
2026-09-24T11:50:01,14.052
2026-09-24T11:55:01,15.856
2026-09-24T12:00:01,16.567
2026-09-24T12:05:01,16.436
2026-09-24T12:10:01,11.326
2026-09-24T12:15:01,163.24
2026-09-24T12:20:01,158.008
2026-09-24T12:25:01,219.704
2026-09-24T12:30:01,235.415
2026-09-24T12:35:01,234.743
2026-09-24T12:40:01,236.322
2026-09-24T12:45:01,233.205
2026-09-24T12:50:01,237.323
2026-09-24T12:55:01,229.311
2026-09-24T12:57:53,231.587
2026-09-24T13:02:53,229.822
2026-09-24T13:07:53,23.112
2026-09-24T13:12:53,27.686
2026-09-24T13:17:53,20.779
2026-09-24T13:22:53,14.622
2026-09-24T13:27:53,10.698
2026-09-24T13:32:53,13.087
2026-09-24T13:37:53,10.621
2026-09-24T13:42:53,10.912
2026-09-24T13:47:53,11.103
2026-09-24T13:52:53,12.515
2026-09-24T13:57:53,10.881
2026-09-24T14:02:53,15.567
2026-09-24T14:03:19,13.125
2026-09-24T14:08:19,13.665
2026-09-24T14:13:19,14.897
2026-09-24T14:18:19,78.463
2026-09-24T14:23:19,210.153
2026-09-24T14:28:19,223.47
2026-09-24T14:33:19,252.604
2026-09-24T14:38:19,260.357
2026-09-24T14:43:19,243.091
2026-09-24T14:48:19,257.746
2026-09-24T14:53:19,245.035
2026-09-24T14:58:19,243.872
2026-09-24T15:03:19,272.941
2026-09-24T15:08:19,338.497
2026-09-24T15:13:19,362.281
2026-09-24T15:18:17,281.528
2026-09-24T15:18:41,278.069
2026-09-24T15:23:41,251.176
2026-09-24T15:28:41,254.668
2026-09-24T15:33:41,244.009
2026-09-24T15:36:57,243.091
2026-09-24T15:41:57,271.16
2026-09-24T15:46:57,243.451
2026-09-24T15:51:57,242.82
2026-09-24T15:56:57,252.085
2026-09-24T16:01:57,334.72
2026-09-24T16:06:57,343.543
2026-09-24T16:11:57,243.787
2026-09-24T16:16:57,257.631
2026-09-24T16:21:57,276.967
2026-09-24T16:26:57,276.852
2026-09-24T16:31:57,268.614
2026-09-24T16:36:57,277.781
2026-09-24T16:41:57,246.642
2026-09-24T16:46:57,243.86
2026-09-24T16:51:57,253.219
2026-09-24T16:56:57,244.631
2026-09-24T17:01:57,252.15
2026-09-24T17:06:57,244.156
2026-09-24T17:11:57,337.409
2026-09-24T17:16:57,335.42
2026-09-24T17:21:57,338.039
2026-09-24T17:26:57,339.33
2026-09-24T17:31:57,266.25
2026-09-24T17:36:57,267.025
2026-09-24T17:41:57,270.512
2026-09-24T17:46:57,265.829
2026-09-24T17:47:27,269.172
2026-09-24T17:52:27,359.205
2026-09-24T18:00:01,263.416
2026-09-24T18:05:01,263.473
2026-09-24T18:10:01,258.403
2026-09-24T18:15:01,241.43
2026-09-24T18:20:01,252.3
2026-09-24T18:25:01,247.814
2026-09-24T18:30:01,242.874
2026-09-24T18:35:01,251.174
2026-09-24T18:40:01,243.234
2026-09-24T18:45:01,345.78
2026-09-24T18:50:01,333.213
2026-09-24T18:55:01,244.042
2026-09-24T19:00:01,241.63
2026-09-24T19:05:01,257.643
2026-09-24T19:10:01,248.064
2026-09-24T19:15:01,239.817
2026-09-24T19:20:01,240.475
2026-09-24T19:25:01,250.064
2026-09-24T19:30:01,239.603
2026-09-24T19:35:01,239.84
2026-09-24T19:40:01,242.807
2026-09-24T19:45:01,329.709
2026-09-24T19:50:01,332.712
2026-09-24T19:55:01,244.429
2026-09-24T20:00:01,239.935
2026-09-24T20:05:01,240.921
2026-09-24T20:10:01,237.114
2026-09-24T20:15:01,254.964
2026-09-24T20:20:01,238.779
2026-09-24T20:25:01,236.425
2026-09-24T20:30:01,248.501
2026-09-24T20:35:01,238.429
2026-09-24T20:40:01,249.521
2026-09-24T20:45:01,338.828
2026-09-24T20:50:01,328.72
2026-09-24T20:55:01,240.094
2026-09-24T21:00:01,237.94
2026-09-24T21:05:01,249.05
2026-09-24T21:10:01,239.805
2026-09-24T21:15:01,251.078
2026-09-24T21:20:01,248.153
2026-09-24T21:25:01,241.575
2026-09-24T21:30:01,249.812
2026-09-24T21:35:01,240.846
2026-09-24T21:40:01,238.958
2026-09-24T21:45:01,348.646
2026-09-24T21:50:01,339.02
2026-09-24T21:55:01,338.839
2026-09-24T22:00:01,249.131
2026-09-24T22:05:01,248.875
2026-09-24T22:10:01,246.72
2026-09-24T22:15:01,247.277
2026-09-24T22:20:01,252.946
2026-09-24T22:25:01,253.249
2026-09-24T22:30:01,265.036
2026-09-24T22:35:01,254.89
2026-09-24T22:40:01,263.799
2026-09-24T22:45:01,264.237
2026-09-24T22:50:01,363.072
2026-09-24T22:55:01,347.641
2026-09-24T23:00:01,265.495
2026-09-24T23:05:01,274.689
2026-09-24T23:10:01,273.815
2026-09-24T23:15:01,276.844
2026-09-24T23:20:01,279.578
2026-09-24T23:25:01,270.201
2026-09-24T23:30:01,286.184
2026-09-24T23:35:01,268.934
2026-09-24T23:40:01,263.889
2026-09-24T23:45:01,353.944
2026-09-24T23:50:01,360.731
2026-09-24T23:55:01,264.394
2026-09-25T00:00:01,266.668
2026-09-25T00:05:01,273.752
2026-09-25T00:10:01,264.538
2026-09-25T00:15:01,273.135
2026-09-25T00:20:01,264.282
2026-09-25T00:25:01,271.509
2026-09-25T00:30:01,263.497
2026-09-25T00:35:01,271.744
2026-09-25T00:40:01,273.727
2026-09-25T00:45:01,263.114
2026-09-25T00:50:01,274.444
2026-09-25T00:55:01,350.727
2026-09-25T01:00:01,370.764
2026-09-25T01:05:01,372.958
2026-09-25T01:10:01,350.864
2026-09-25T01:15:01,262.379
2026-09-25T01:20:01,272.752
2026-09-25T01:25:01,274.79
2026-09-25T01:30:01,261.723
2026-09-25T01:35:01,270.635
2026-09-25T01:40:01,283.532
2026-09-25T01:45:01,265.282
2026-09-25T01:50:01,281.172
2026-09-25T01:55:01,267.428
2026-09-25T02:00:01,364.12
2026-09-25T02:05:01,351.294
2026-09-25T02:10:01,274.845
2026-09-25T02:15:01,262.953
2026-09-25T02:20:01,263.905
2026-09-25T02:25:01,277.776
2026-09-25T02:30:01,259.27
2026-09-25T02:35:01,273.96
2026-09-25T02:40:01,264.436
2026-09-25T02:45:01,272.438
2026-09-25T02:50:01,265.516
2026-09-25T02:55:01,264.668
2026-09-25T03:00:01,277.45
2026-09-25T03:05:01,352.951
2026-09-25T03:10:01,354.017
2026-09-25T03:15:01,274.603
2026-09-25T03:20:01,264.256
2026-09-25T03:25:01,261.948
2026-09-25T03:30:01,266.852
2026-09-25T03:35:01,263.168
2026-09-25T03:40:01,276.939
2026-09-25T03:45:01,270.853
2026-09-25T03:50:01,281.93
2026-09-25T03:55:01,273.594
2026-09-25T04:00:01,266.04
2026-09-25T04:05:01,364.696
2026-09-25T04:10:01,355.184
2026-09-25T04:15:01,264.813
2026-09-25T04:20:01,264.248
2026-09-25T04:25:01,274.254
2026-09-25T04:30:01,265.641
2026-09-25T04:35:01,263.946
2026-09-25T04:40:01,276.619
2026-09-25T04:45:01,273.804
2026-09-25T04:50:01,275.227
2026-09-25T04:55:01,259.112
2026-09-25T05:00:01,276.219
2026-09-25T05:05:01,362.517
2026-09-25T05:10:01,367.054
2026-09-25T05:15:01,272.65
2026-09-25T05:20:01,266.686
2026-09-25T05:25:01,268.516
2026-09-25T05:30:01,275.639
2026-09-25T05:35:01,265.905
2026-09-25T05:40:01,276.607
2026-09-25T05:45:01,269.266
2026-09-25T05:50:01,279.427
2026-09-25T05:55:01,275.577
2026-09-25T06:00:01,267.453
2026-09-25T06:05:01,374.516
2026-09-25T06:10:01,360.424
2026-09-25T06:15:01,271.284
2026-09-25T06:20:01,266.668
2026-09-25T06:25:01,270.991
2026-09-25T06:30:01,282.11
2026-09-25T06:35:01,268.63
2026-09-25T06:40:01,274.394
2026-09-25T06:45:01,277.633
2026-09-25T06:50:01,271.646
2026-09-25T06:55:01,285.493
2026-09-25T07:00:01,367.188
2026-09-25T07:05:01,367.615
2026-09-25T07:10:01,361.611
2026-09-25T07:15:01,267.693
2026-09-25T07:20:01,280.566
2026-09-25T07:25:01,268.259
2026-09-25T07:30:01,265.79
2026-09-25T07:35:01,276.468
2026-09-25T07:40:01,268.207
2026-09-25T07:45:01,268.389
2026-09-25T07:50:01,277.355
2026-09-25T07:55:01,266.349
2026-09-25T08:00:01,367.607
2026-09-25T08:05:01,359.36
2026-09-25T08:10:01,267.47
2026-09-25T08:15:01,267.034
2026-09-25T08:20:01,268.255
2026-09-25T08:25:01,272.578
2026-09-25T08:30:01,272.008
2026-09-25T08:35:01,266.092
2026-09-25T08:40:01,279.015
2026-09-25T08:45:01,281.93
2026-09-25T08:50:01,273.519
2026-09-25T08:55:01,274.286
2026-09-25T09:00:01,271.207
2026-09-25T09:05:01,273.989
2026-09-25T09:10:01,370.541
2026-09-25T09:15:01,361.476
2026-09-25T09:20:01,274.143
2026-09-25T09:25:01,245.547
2026-09-25T09:30:01,250.098
2026-09-25T09:35:01,248.304
2026-09-25T09:40:01,251.727
2026-09-25T09:45:01,244.918
2026-09-25T09:50:01,244.253
2026-09-25T09:55:01,243.089
2026-09-25T10:00:01,254.242
2026-09-25T10:05:01,252.94
2026-09-25T10:10:01,261.247
2026-09-25T10:15:01,262.212
2026-09-25T10:20:01,260.269
2026-09-25T10:25:01,253.784
2026-09-25T10:30:01,261.968
2026-09-25T10:35:01,253.949
2026-09-25T10:40:01,346.076
2026-09-25T10:45:01,367.452
2026-09-25T10:50:01,269.926
2026-09-25T10:55:01,266.466
2026-09-25T11:00:01,278.077
2026-09-25T11:05:01,266.263
2026-09-25T11:10:01,270.98
2026-09-25T11:15:01,269.337
2026-09-25T11:20:01,270.401
2026-09-25T11:25:01,280.337
2026-09-25T11:30:01,279.557
2026-09-25T11:35:01,266.38
2026-09-25T11:40:01,368.813
2026-09-25T11:45:01,359.428
2026-09-25T11:50:01,357.824
2026-09-25T11:55:01,277.135
2026-09-25T12:00:01,265.571
2026-09-25T12:05:01,266.862
2026-09-25T12:10:01,267.731
2026-09-25T12:15:01,262.863
2026-09-25T12:20:01,277.351
2026-09-25T12:25:01,265.943
2026-09-25T12:30:01,278.976
2026-09-25T12:35:01,267.03
2026-09-25T12:40:01,266.078
2026-09-25T12:45:01,364.753
2026-09-25T12:50:01,358.16
2026-09-25T12:55:01,264.654
2026-09-25T13:00:01,262.736
2026-09-25T13:05:01,265.929
2026-09-25T13:10:01,281.022
2026-09-25T13:15:01,263.894
2026-09-25T13:20:01,278.253
2026-09-25T13:25:01,273.482
2026-09-25T13:30:01,278.088
2026-09-25T13:35:01,284.761
2026-09-25T13:40:01,264.479
2026-09-25T13:45:01,364.056
2026-09-25T13:50:01,358.309
2026-09-25T13:55:01,264.838
2026-09-25T14:00:01,265.239
2026-09-25T14:05:01,263.061
2026-09-25T14:10:01,276.005
2026-09-25T14:15:01,262.895
2026-09-25T14:15:41,262.971
2026-09-25T14:20:41,273.968
2026-09-25T14:25:41,273.988
2026-09-25T14:30:41,280.636
2026-09-25T14:35:41,269.31
2026-09-25T14:40:41,362.726
2026-09-25T14:45:41,355.447
2026-09-25T14:50:41,263.618
2026-09-25T14:55:41,263.504
2026-09-25T15:00:41,266.465
2026-09-25T15:05:41,267.522
2026-09-25T15:10:41,267.521
2026-09-25T15:15:41,277.034
2026-09-25T15:20:41,265.564
2026-09-25T15:25:41,290.189
2026-09-25T15:30:41,267.275
2026-09-25T15:35:41,260.116
2026-09-25T15:40:41,368.829
2026-09-25T15:45:15,360.522
2026-09-25T15:50:15,356.798
2026-09-25T15:55:15,276.185
2026-09-25T16:00:15,264.116
2026-09-25T16:05:15,268.921
2026-09-25T16:10:15,263.122
2026-09-25T16:10:17,263.122
2026-09-25T16:15:17,273.76
2026-09-25T16:20:17,276.793
2026-09-25T16:25:17,268.359
2026-09-25T16:30:17,270.064
2026-09-25T16:35:17,240.387
2026-09-25T16:40:17,273.181
2026-09-25T16:45:17,262.355
2026-09-25T16:50:17,274.302
2026-09-25T16:55:17,271.117
2026-09-25T17:00:17,262.744
2026-09-25T17:05:17,273.261
2026-09-25T17:10:17,360.223
2026-09-25T17:15:17,356.601
2026-09-25T17:20:17,365.268
2026-09-25T17:25:17,263.666
2026-09-25T17:30:17,260.522
2026-09-25T17:35:17,270.37
2026-09-25T17:40:17,260.529
2026-09-25T17:45:17,260.761
2026-09-25T17:50:17,262.584
2026-09-25T17:55:17,273.251
2026-09-25T18:00:17,359.043
2026-09-25T18:05:17,273.846
2026-09-25T18:10:17,262.161
2026-09-25T18:15:17,261.761
2026-09-25T18:20:17,272.053
2026-09-25T18:25:17,260.169
2026-09-25T18:30:17,260.036
2026-09-25T18:35:17,271.051
2026-09-25T18:40:17,282.839
2026-09-25T18:45:17,278.678
2026-09-25T18:50:17,356.104
2026-09-25T18:55:17,260.784
2026-09-25T19:00:17,261.373
2026-09-25T19:05:17,271.099
2026-09-25T19:10:17,261.389
2026-09-25T19:15:17,273.358
2026-09-25T19:20:18,271.533
2026-09-25T19:25:18,261.67
2026-09-25T19:30:18,266.178
2026-09-25T19:35:18,248.206
2026-09-25T19:40:18,248.249
2026-09-25T19:45:18,361.249
2026-09-25T19:50:18,338.562
2026-09-25T19:55:18,246.568
2026-09-25T20:00:18,239.56
2026-09-25T20:05:50,238.034
2026-09-25T20:10:50,247.313
2026-09-25T20:15:50,238.592
2026-09-25T20:20:50,249.159
2026-09-25T20:25:50,251.903
2026-09-25T20:30:50,240.585
2026-09-25T20:35:50,248.583
2026-09-25T20:40:50,237.245
2026-09-25T20:45:50,350.586
2026-09-25T20:50:50,331.458
2026-09-25T20:55:50,237.456
2026-09-25T21:00:50,249.47
2026-09-25T21:05:50,244.455
2026-09-25T21:10:50,238.859
2026-09-25T21:15:50,236.485
2026-09-25T21:20:50,248.728
2026-09-25T21:25:50,260.482
2026-09-25T21:30:50,239.758
2026-09-25T21:35:50,248.408
2026-09-25T21:40:50,237.878
2026-09-25T21:45:50,333.093
2026-09-25T21:50:50,348.961
2026-09-25T21:55:50,249.102
2026-09-25T22:00:50,247.642
2026-09-25T22:05:50,240.177
2026-09-25T22:10:50,238.252
2026-09-25T22:15:50,247.808
2026-09-25T22:20:50,238.427
2026-09-25T22:25:50,240.86
2026-09-25T22:30:50,239.502
2026-09-25T22:35:50,239.446
2026-09-25T22:40:50,253.006
2026-09-25T22:45:50,376.547
2026-09-25T22:50:50,365.9
2026-09-25T22:55:50,274.449
2026-09-25T23:00:50,274.577
2026-09-25T23:05:50,274.257
2026-09-25T23:10:50,276.953
2026-09-25T23:15:50,287.983
2026-09-25T23:20:50,275.903
2026-09-25T23:25:50,278.03
2026-09-25T23:30:50,274.961
2026-09-25T23:35:50,287.183
2026-09-25T23:40:50,383.724
2026-09-25T23:45:50,362.695
2026-09-25T23:50:50,360.623
2026-09-25T23:55:50,271.678
2026-09-26T00:00:50,271.515
2026-09-26T00:05:50,279.533
2026-09-26T00:10:50,278.139
2026-09-26T00:17:06,264.608
2026-09-26T00:22:06,272.565
2026-09-26T00:27:06,264.356
2026-09-26T00:32:06,274.514
2026-09-26T00:37:06,262.622
2026-09-26T00:42:06,265.808
2026-09-26T00:47:06,294.7
2026-09-26T00:52:06,269.798
2026-09-26T00:57:06,281.312
2026-09-26T01:02:06,359.653
2026-09-26T01:07:06,357.17
2026-09-26T01:12:06,367.283
2026-09-26T01:17:06,276.34
2026-09-26T01:22:06,273.407
2026-09-26T01:27:06,265.173
2026-09-26T01:32:06,266.76
2026-09-26T01:37:06,275.807
2026-09-26T01:42:06,357.345
2026-09-26T01:47:06,355.994
2026-09-26T01:52:06,264.862
2026-09-26T01:57:06,278.884
2026-09-26T02:02:06,266.674
2026-09-26T02:07:06,268.529
2026-09-26T02:12:06,278.4
2026-09-26T02:17:06,270.73
2026-09-26T02:22:06,271.287
2026-09-26T02:27:06,275.095
2026-09-26T02:32:06,265.709
2026-09-26T02:37:06,277.849
2026-09-26T02:42:06,365.184
2026-09-26T02:47:06,357.326
2026-09-26T02:52:06,357.436
2026-09-26T02:57:06,265.996
2026-09-26T03:02:06,277.031
2026-09-26T03:07:06,275.53
2026-09-26T03:12:06,273.6
2026-09-26T03:17:06,282.834
2026-09-26T03:22:06,281.827
2026-09-26T03:27:06,264.768
2026-09-26T03:32:06,276.68
2026-09-26T03:37:06,271.586
2026-09-26T03:42:06,276.677
2026-09-26T03:47:06,278.685
2026-09-26T03:52:06,265.431
2026-09-26T03:57:06,366.434
2026-09-26T04:02:06,356.889
2026-09-26T04:07:06,356.943
2026-09-26T04:12:06,273.392
2026-09-26T04:17:06,265.732
2026-09-26T04:22:06,267.157
2026-09-26T04:27:06,279.649
2026-09-26T04:32:06,271.396
2026-09-26T04:37:06,277.568
2026-09-26T04:42:06,265.108
2026-09-26T04:47:06,264.271
2026-09-26T04:52:06,275.448
2026-09-26T04:57:06,265.586
2026-09-26T05:02:06,376.247
2026-09-26T05:07:06,366.539
2026-09-26T05:12:06,358.782
2026-09-26T05:17:06,265.302
2026-09-26T05:22:06,266.43
2026-09-26T05:27:06,266.208
2026-09-26T05:32:06,276.76
2026-09-26T05:37:06,265.133
2026-09-26T05:42:06,274.55
2026-09-26T05:47:06,278.048
2026-09-26T05:52:06,267.566
2026-09-26T05:57:06,366.993
2026-09-26T06:02:06,367.02
2026-09-26T06:07:06,278.576
2026-09-26T06:12:06,269.022
2026-09-26T06:17:06,267.489
2026-09-26T06:22:06,278.882
2026-09-26T06:27:06,268.251
2026-09-26T06:32:06,268.069
2026-09-26T06:37:06,280.024
2026-09-26T06:42:06,266.752
2026-09-26T06:47:06,286.424
2026-09-26T06:52:06,276.277
2026-09-26T06:57:06,273.736
2026-09-26T07:02:06,367.395
2026-09-26T07:07:06,357.279
2026-09-26T07:12:06,267.402
2026-09-26T07:17:06,267.813
2026-09-26T07:22:06,267.192
2026-09-26T07:27:06,282.364
2026-09-26T07:32:06,279.177
2026-09-26T07:37:06,267.93
2026-09-26T07:42:06,278.782
2026-09-26T07:47:06,269.826
2026-09-26T07:52:06,271.532
2026-09-26T07:57:06,278.818
2026-09-26T08:02:06,362.671
2026-09-26T08:07:06,359.166
2026-09-26T08:12:06,269.425
2026-09-26T08:17:06,269.484
2026-09-26T08:22:06,286.654
2026-09-26T08:27:06,278.767
2026-09-26T08:32:06,269.463
2026-09-26T08:37:06,268.004
2026-09-26T08:42:06,278.468
2026-09-26T08:47:06,270.269
2026-09-26T08:52:06,280.056
2026-09-26T08:57:06,270.396
2026-09-26T09:02:06,269.57
2026-09-26T09:07:06,257.562
2026-09-26T09:12:06,337.431
2026-09-26T09:17:08,338.073
2026-09-26T09:22:08,361.713
2026-09-26T09:27:08,248.251
2026-09-26T09:32:08,246.119
2026-09-26T09:37:08,244.145
2026-09-26T09:42:08,244.048
2026-09-26T09:47:08,259.956
2026-09-26T09:52:08,247.75
2026-09-26T09:57:08,244.483
2026-09-26T10:02:08,356.948
2026-09-26T10:07:08,343.916
2026-09-26T10:12:08,242.677
2026-09-26T10:17:08,253.98
2026-09-26T10:22:08,245.207
2026-09-26T10:27:08,254.491
2026-09-26T10:32:08,261.046
2026-09-26T10:37:08,255.239
2026-09-26T10:42:08,246.769
2026-09-26T10:47:08,244.897
2026-09-26T10:52:08,263.719
2026-09-26T10:57:08,242.744
2026-09-26T11:02:08,243.409
2026-09-26T11:07:08,310.226
2026-09-26T11:12:08,288.895
2026-09-26T11:17:08,252.269
2026-09-26T11:22:08,249.421
2026-09-26T11:27:08,259.005
2026-09-26T11:32:08,270.675
2026-09-26T11:37:08,268.337
2026-09-26T11:42:08,265.666
2026-09-26T11:47:08,267.337
2026-09-26T11:52:08,267.548
2026-09-26T11:57:08,264.292
2026-09-26T12:02:08,242.986
2026-09-26T12:07:08,252.969
2026-09-26T12:12:08,254.555
2026-09-26T12:17:08,244.707
2026-09-26T12:22:08,257.271
2026-09-26T12:27:08,239.312
2026-09-26T12:32:08,238.593
2026-09-26T12:37:08,250.281
2026-09-26T12:42:08,240.775
2026-09-26T12:47:08,263.285
2026-09-26T12:52:08,244.285
2026-09-26T12:57:08,240.129
2026-09-26T13:02:08,250.3
2026-09-26T13:07:08,242.171
2026-09-26T13:12:08,341.261
2026-09-26T13:17:08,330.883
2026-09-26T13:22:08,329.273
2026-09-26T13:27:08,331.772
2026-09-26T13:32:08,242.162
2026-09-26T13:37:08,242.533
2026-09-26T13:42:08,269.208
2026-09-26T13:47:08,277.735
2026-09-26T13:52:08,266.604
2026-09-26T13:57:08,266.879
2026-09-26T14:02:08,265.868
2026-09-26T14:07:08,355.59
2026-09-26T14:12:08,352.259
2026-09-26T14:20:00,265.313
2026-09-26T14:25:00,281.087
2026-09-26T14:30:00,263.813
2026-09-26T14:35:00,263.832
2026-09-26T14:40:00,265.75
2026-09-26T14:45:00,274.015
2026-09-26T14:50:00,40.287
2026-09-26T14:55:00,46.616
2026-09-26T15:00:00,46.305
2026-09-26T15:05:00,46.448
2026-09-26T15:10:00,46.218
2026-09-26T15:15:00,40.41
2026-09-26T15:20:00,42.974
2026-09-26T15:25:00,33.529
2026-09-26T15:30:00,33.213
2026-09-26T15:35:00,32.503
2026-09-26T15:40:00,33.174
2026-09-26T15:45:00,33.691
2026-09-26T15:50:00,113.586
2026-09-26T15:55:00,143.937
2026-09-26T16:00:00,170.017
2026-09-26T16:05:00,199.153
2026-09-26T16:10:00,229.871
2026-09-26T16:15:00,223.905
2026-09-26T16:20:00,245.03
2026-09-26T16:25:00,248.846
2026-09-26T16:30:00,347.8
2026-09-26T16:35:00,338.259
2026-09-26T16:40:00,338.185
2026-09-26T16:45:00,248.426
2026-09-26T16:50:00,247.536
2026-09-26T16:55:00,247.75
2026-09-26T17:00:00,250.514
2026-09-26T17:05:00,350.394
2026-09-26T17:10:00,336.799
2026-09-26T17:15:00,256.21
2026-09-26T17:20:00,246.724
2026-09-26T17:25:00,247.765
2026-09-26T17:30:00,246.516
2026-09-26T17:35:00,223.064
2026-09-26T17:40:00,225.252
2026-09-26T17:45:00,243.125
2026-09-26T17:50:00,321.767
2026-09-26T17:55:00,316.607
2026-09-26T18:00:00,234.398
2026-09-26T18:05:00,223.383
2026-09-26T18:10:00,223.07
2026-09-26T18:15:00,221.314
2026-09-26T18:20:00,231.298
2026-09-26T18:25:00,223.008
2026-09-26T18:30:00,222.401
2026-09-26T18:35:00,233.31
2026-09-26T18:40:00,326.615
2026-09-26T18:45:00,314.612
2026-09-26T18:50:00,221.353
2026-09-26T18:55:00,232.98
2026-09-26T19:00:00,226.279
2026-09-26T19:05:00,238.494
2026-09-26T19:10:00,237.939
2026-09-26T19:15:00,249.868
2026-09-26T19:20:00,241.761
2026-09-26T19:25:00,240.546
2026-09-26T19:30:00,259.452
2026-09-26T19:35:00,248.567
2026-09-26T19:40:00,258.153
2026-09-26T19:45:00,338.362
2026-09-26T19:50:00,337.458
2026-09-26T19:55:00,332.134
2026-09-26T20:00:00,238.666
2026-09-26T20:05:00,239.554
2026-09-26T20:10:00,240.84
2026-09-26T20:15:00,257.183
2026-09-26T20:20:00,248.911
2026-09-26T20:25:00,238.75
2026-09-26T20:30:00,249.586
2026-09-26T20:35:00,247.433
2026-09-26T20:40:00,238.534
2026-09-26T20:45:00,251.006
2026-09-26T20:50:00,336.283
2026-09-26T20:55:00,339.157
2026-09-26T21:00:00,240.879
2026-09-26T21:05:00,253.738
2026-09-26T21:10:00,238.432
2026-09-26T21:15:00,241.848
2026-09-26T21:20:00,250.177
2026-09-26T21:25:00,239.529
2026-09-26T21:30:00,239.753
2026-09-26T21:35:00,249.354
2026-09-26T21:40:00,279.31
2026-09-26T21:45:00,353.18
2026-09-26T21:50:00,258.081
2026-09-26T21:55:00,247.033
2026-09-26T22:00:00,238.92
2026-09-26T22:05:00,261.36
2026-09-26T22:10:00,263.213
2026-09-26T22:15:00,262.63
2026-09-26T22:20:00,265.034
2026-09-26T22:25:00,279.6
2026-09-26T22:30:00,277.195
2026-09-26T22:35:00,368.095
2026-09-26T22:40:00,366.053
2026-09-26T22:45:00,370.304
2026-09-26T22:50:00,274.865
2026-09-26T22:55:00,277.921
2026-09-26T23:00:00,277.559
2026-09-26T23:05:00,276.418
2026-09-26T23:10:00,287.343
2026-09-26T23:15:00,279.185
2026-09-26T23:20:00,281.166
2026-09-26T23:25:00,270.339
2026-09-26T23:30:00,271.491
2026-09-26T23:35:00,281.614
2026-09-26T23:40:00,269.829
2026-09-26T23:45:00,271.696
2026-09-26T23:50:00,372.023
2026-09-26T23:55:00,354.908
2026-09-27T00:00:00,356.117
2026-09-27T00:05:00,264.696
2026-09-27T00:10:00,257.085
2026-09-27T00:15:00,273.703
2026-09-27T00:20:00,263.974
2026-09-27T00:25:00,264.067
2026-09-27T00:30:00,275.839
2026-09-27T00:35:00,264.129
2026-09-27T00:40:00,264.436
2026-09-27T00:45:00,274.816
2026-09-27T00:50:00,268.08
2026-09-27T00:55:00,274.987
2026-09-27T01:00:00,356.523
2026-09-27T01:05:00,356.853
2026-09-27T01:10:00,357.291
2026-09-27T01:15:00,267.098
2026-09-27T01:20:00,264.335
2026-09-27T01:25:00,266.733
2026-09-27T01:30:00,267.732
2026-09-27T01:35:00,287.731
2026-09-27T01:40:00,295.113
2026-09-27T01:45:00,280.318
2026-09-27T01:50:00,269.924
2026-09-27T01:55:00,282.049
2026-09-27T02:00:00,368.161
2026-09-27T02:05:00,363.679
2026-09-27T02:10:00,265.753
2026-09-27T02:15:00,264.946
2026-09-27T02:20:00,264.289
2026-09-27T02:25:00,271.393
2026-09-27T02:30:00,277.619
2026-09-27T02:35:00,264.115
2026-09-27T02:40:00,261.413
2026-09-27T02:45:00,243.499
2026-09-27T02:50:00,251.995
2026-09-27T02:55:00,333.555
2026-09-27T03:00:00,334.021
2026-09-27T03:05:00,243.495
2026-09-27T03:10:00,252.888
2026-09-27T03:15:00,242.938
2026-09-27T03:20:00,243.091
2026-09-27T03:25:00,255.959
2026-09-27T03:30:00,243.166
2026-09-27T03:35:00,243.743
2026-09-27T03:40:00,242.814
2026-09-27T03:45:00,243.465
2026-09-27T03:50:00,278.301
2026-09-27T03:55:00,270.65
2026-09-27T04:00:00,278.415
2026-09-27T04:05:00,361.145
2026-09-27T04:10:00,356.57
2026-09-27T04:15:00,361.656
2026-09-27T04:20:00,270.126
2026-09-27T04:25:00,39.261
2026-09-27T04:30:00,51.145
2026-09-27T04:35:00,33.662
2026-09-27T04:40:00,32.638
2026-09-27T04:45:00,32.736
2026-09-27T04:50:00,31.846
2026-09-27T04:55:00,32.615
2026-09-27T05:00:00,30.316
2026-09-27T05:05:00,38.339
2026-09-27T05:10:00,9.306
2026-09-27T05:15:00,21.602
2026-09-27T05:20:00,12.472
2026-09-27T05:25:00,13.791
2026-09-27T05:30:00,6.908
2026-09-27T05:35:00,6.26
2026-09-27T05:40:00,6.984
2026-09-27T05:45:00,6.212
2026-09-27T05:50:00,6.644
2026-09-27T05:55:00,15.758
2026-09-27T06:00:00,6.922
2026-09-27T06:05:00,6.293
2026-09-27T06:10:00,10.137
2026-09-27T06:15:00,8.236
2026-09-27T06:20:00,4.286
2026-09-27T06:25:00,13.705
2026-09-27T06:30:00,4.193
2026-09-27T06:35:00,3.736
2026-09-27T06:40:00,4.209
2026-09-27T06:45:00,13.793
2026-09-27T06:50:00,12.038
2026-09-27T06:55:00,4.348
2026-09-27T07:00:00,4.411
2026-09-27T07:05:00,3.792
2026-09-27T07:10:00,4.245
2026-09-27T07:15:00,13.646
2026-09-27T07:20:00,3.723
2026-09-27T07:25:00,4.925
2026-09-27T07:30:00,5.049
2026-09-27T07:35:00,4.975
2026-09-27T07:40:00,4.979
2026-09-27T07:45:00,14.094
2026-09-27T07:50:00,5.053
2026-09-27T07:55:00,4.878
2026-09-27T08:00:00,4.632
2026-09-27T08:05:00,5.043
2026-09-27T08:10:00,4.494
2026-09-27T08:15:00,4.939
2026-09-27T08:20:00,4.518
2026-09-27T08:25:00,4.906
2026-09-27T08:30:00,16.487
2026-09-27T08:35:00,4.855
2026-09-27T08:40:00,6.706
2026-09-27T08:45:00,6.286
2026-09-27T08:50:00,7.85
2026-09-27T08:55:00,17.692
2026-09-27T09:00:00,7.489
2026-09-27T09:05:00,109.759
2026-09-27T09:10:00,111.856
2026-09-27T09:15:00,171.493
2026-09-27T09:20:00,155.972
2026-09-27T09:25:00,145.499
2026-09-27T09:30:00,11.891
2026-09-27T09:35:00,10.247
2026-09-27T09:40:00,9.959
2026-09-27T09:45:00,8.531
2026-09-27T09:50:00,8.076
2026-09-27T09:55:00,8.783
2026-09-27T10:00:00,9.9
2026-09-27T10:05:00,9.245
2026-09-27T10:10:00,38.364
2026-09-27T10:15:00,192.83
2026-09-27T10:20:00,193.897
2026-09-27T10:25:00,205.715
2026-09-27T10:30:00,246.996
2026-09-27T10:35:00,238.536
2026-09-27T10:40:00,252.008
2026-09-27T10:45:00,347.583
2026-09-27T10:50:00,336.316
2026-09-27T10:55:00,246.113
2026-09-27T11:00:00,244.178
2026-09-27T11:05:00,242.129
2026-09-27T11:10:00,253.27
2026-09-27T11:15:00,242.756
2026-09-27T11:20:00,244.325
2026-09-27T11:25:00,253.207
2026-09-27T11:30:00,244.822
2026-09-27T11:35:00,253.656
2026-09-27T11:40:00,337.611
2026-09-27T11:45:00,334.834
2026-09-27T11:50:00,255.648
2026-09-27T11:55:00,244.625
2026-09-27T12:00:00,244.0
2026-09-27T12:05:00,244.705
2026-09-27T12:10:00,242.601
2026-09-27T12:15:00,255.598
2026-09-27T12:20:00,245.579
2026-09-27T12:25:00,243.008
2026-09-27T12:30:00,254.242
2026-09-27T12:35:00,248.005
2026-09-27T12:40:00,246.393
2026-09-27T12:45:00,353.886
2026-09-27T12:50:00,246.099
2026-09-27T12:55:00,257.128
2026-09-27T13:00:00,258.509
2026-09-27T13:05:00,256.684
2026-09-27T13:10:00,242.156
2026-09-27T13:15:00,244.803
2026-09-27T13:20:00,254.641
2026-09-27T13:25:00,241.52
2026-09-27T13:30:00,260.357
2026-09-27T13:35:00,266.529
2026-09-27T13:40:00,365.792
2026-09-27T13:45:00,362.323
2026-09-27T13:50:00,350.497
2026-09-27T13:55:00,267.996
2026-09-27T14:00:00,268.002
2026-09-27T14:05:00,279.102
2026-09-27T14:10:00,266.509
2026-09-27T14:15:00,269.027
2026-09-27T14:20:00,267.139
2026-09-27T14:25:00,266.358
2026-09-27T14:30:00,279.991
2026-09-27T14:35:00,269.885
2026-09-27T14:40:00,277.587
2026-09-27T14:45:00,365.579
2026-09-27T14:50:00,357.474
2026-09-27T14:55:00,368.158
2026-09-27T15:00:00,268.445
2026-09-27T15:05:00,266.923
2026-09-27T15:10:00,268.616
2026-09-27T15:15:00,269.397
2026-09-27T15:20:00,267.698
2026-09-27T15:25:00,280.153
2026-09-27T15:30:00,269.159
2026-09-27T15:35:00,280.824
2026-09-27T15:40:00,268.946
2026-09-27T15:45:00,310.254
2026-09-27T15:50:00,358.563
2026-09-27T15:55:00,358.315
2026-09-27T16:00:00,268.776
2026-09-27T16:05:00,267.669
2026-09-27T16:10:00,276.389
2026-09-27T16:15:00,267.481
2026-09-27T16:20:00,266.599
2026-09-27T16:25:00,277.421
2026-09-27T16:26:48,267.228
2026-09-27T16:31:48,266.378
2026-09-27T16:36:48,277.731
2026-09-27T16:41:48,267.178
2026-09-27T16:46:48,279.522
2026-09-27T16:51:48,266.852
2026-09-27T16:56:48,268.371
2026-09-27T17:01:48,276.85
2026-09-27T17:06:48,357.224
2026-09-27T17:11:48,356.773
2026-09-27T17:16:48,274.583
2026-09-27T17:21:48,268.801
2026-09-27T17:26:48,266.599
2026-09-27T17:31:48,46.541
2026-09-27T17:36:48,45.091
2026-09-27T17:41:48,33.982
2026-09-27T17:46:48,35.76
2026-09-27T17:49:34,10.908
2026-09-27T17:54:34,8.535
2026-09-27T17:59:34,9.119
2026-09-27T18:04:34,18.5
2026-09-27T18:09:34,8.424
2026-09-27T18:14:34,8.645
2026-09-27T18:19:34,22.588
2026-09-27T18:24:34,8.308
2026-09-27T18:29:34,10.276
2026-09-27T18:34:34,7.878
2026-09-27T18:39:34,9.948
2026-09-27T18:41:02,11.396
2026-09-27T18:46:02,9.229
2026-09-27T18:46:06,9.224
2026-09-27T18:51:06,19.726
2026-09-27T18:52:58,61.641
2026-09-27T18:57:58,217.438
2026-09-27T19:02:58,251.767
2026-09-27T19:07:58,266.202
2026-09-27T19:12:58,253.4
2026-09-27T19:17:58,354.786
2026-09-27T19:22:59,252.631
2026-09-27T19:27:59,245.082
2026-09-27T19:32:59,247.141
2026-09-27T19:37:59,258.386
2026-09-27T19:42:59,253.946
2026-09-27T19:47:59,254.737
2026-09-27T19:52:59,349.708
2026-09-27T19:57:59,336.909
2026-09-27T20:02:59,249.398
2026-09-27T20:07:59,240.965
2026-09-27T20:12:59,254.678
2026-09-27T20:17:59,242.283
2026-09-27T20:22:59,247.434
2026-09-27T20:27:59,260.181
2026-09-27T20:32:59,253.552
2026-09-27T20:37:59,261.82
2026-09-27T20:42:59,346.142
2026-09-27T20:47:59,346.457
2026-09-27T20:52:59,341.079
2026-09-27T20:57:59,243.099
2026-09-27T21:02:59,242.718
2026-09-27T21:07:59,246.895
2026-09-27T21:12:59,253.738
2026-09-27T21:17:59,244.477
2026-09-27T21:22:59,255.11
2026-09-27T21:27:59,254.62
2026-09-27T21:32:59,253.296
2026-09-27T21:37:59,244.309
2026-09-27T21:42:59,343.76
2026-09-27T21:47:59,241.587
2026-09-27T21:52:59,276.745
2026-09-27T21:57:59,275.031
2026-09-27T22:02:59,274.2
2026-09-27T22:07:59,267.141
2026-09-27T22:12:59,265.716
2026-09-27T22:17:59,278.275
2026-09-27T22:22:59,272.923
2026-09-27T22:27:59,266.495
2026-09-27T22:32:59,266.767
2026-09-27T22:37:59,277.379
2026-09-27T22:42:59,365.958
2026-09-27T22:47:59,373.929
2026-09-27T22:52:59,289.458
2026-09-27T22:57:59,280.603
2026-09-27T23:02:59,288.501
2026-09-27T23:07:59,277.89
2026-09-27T23:12:59,279.035
2026-09-27T23:17:59,288.006
2026-09-27T23:22:59,278.227
2026-09-27T23:27:59,282.515
2026-09-27T23:32:59,283.822
2026-09-27T23:37:59,362.854
2026-09-27T23:42:59,366.334
2026-09-27T23:44:35,365.585
2026-09-27T23:49:35,273.188
2026-09-27T23:54:35,274.873
2026-09-27T23:59:35,272.707
2026-09-28T00:00:25,274.407
2026-09-28T00:05:25,275.396
2026-09-28T00:10:25,285.841
2026-09-28T00:15:25,271.457
2026-09-28T00:20:25,270.38
2026-09-28T00:25:25,281.697
2026-09-28T00:30:25,273.165
2026-09-28T00:35:25,285.876
2026-09-28T00:45:01,277.991
2026-09-28T00:50:01,277.388
2026-09-28T00:55:01,266.843
2026-09-28T01:00:01,278.664
2026-09-28T01:05:01,356.725
2026-09-28T01:10:01,358.431
2026-09-28T01:15:01,358.379
2026-09-28T01:20:01,357.361
2026-09-28T01:25:01,269.261
2026-09-28T01:30:01,276.161
2026-09-28T01:35:01,269.091
2026-09-28T01:40:01,278.695
2026-09-28T01:45:01,266.199
2026-09-28T01:50:01,269.49
2026-09-28T01:55:01,278.081
2026-09-28T02:00:01,262.883
2026-09-28T02:05:01,381.98
2026-09-28T02:10:01,356.993
2026-09-28T02:15:01,268.277
2026-09-28T02:20:01,279.818
2026-09-28T02:25:01,268.049
2026-09-28T02:30:01,281.249
2026-09-28T02:35:01,277.062
2026-09-28T02:40:01,285.43
2026-09-28T02:45:01,270.55
2026-09-28T02:50:01,272.091
2026-09-28T02:55:01,279.907
2026-09-28T03:00:01,354.344
2026-09-28T03:05:01,370.479
2026-09-28T03:10:01,358.265
2026-09-28T03:15:01,270.036
2026-09-28T03:20:01,269.499
2026-09-28T03:25:01,270.528
2026-09-28T03:30:01,282.505
2026-09-28T03:35:01,271.75
2026-09-28T03:40:01,279.765
2026-09-28T03:45:01,270.482
2026-09-28T03:47:35,268.81
2026-09-28T03:52:35,288.539
2026-09-28T03:54:43,280.055
2026-09-28T03:59:43,275.931
2026-09-28T04:04:43,384.708
2026-09-28T04:09:43,360.72
2026-09-28T04:15:01,268.973
2026-09-28T04:20:01,272.13
2026-09-28T04:25:01,269.076
2026-09-28T04:30:01,298.01
2026-09-28T04:35:01,274.64
2026-09-28T04:40:01,282.632
2026-09-28T04:45:01,267.93
2026-09-28T04:50:01,266.769
2026-09-28T04:55:01,284.695
2026-09-28T05:00:01,358.931
2026-09-28T05:05:01,360.475
2026-09-28T05:10:01,361.372
2026-09-28T05:15:01,277.238
2026-09-28T05:20:01,268.122
2026-09-28T05:25:01,266.762
2026-09-28T05:30:01,268.15
2026-09-28T05:35:01,277.208
2026-09-28T05:40:01,276.583
2026-09-28T05:45:01,279.488
2026-09-28T05:50:01,268.544
2026-09-28T05:55:01,269.992
2026-09-28T06:00:01,370.611
2026-09-28T06:05:01,368.847
2026-09-28T06:10:01,377.32
2026-09-28T06:15:01,284.857
2026-09-28T06:20:01,274.86
2026-09-28T06:25:01,267.904
2026-09-28T06:30:01,267.588
2026-09-28T06:35:01,285.675
2026-09-28T06:40:01,285.195
2026-09-28T06:45:01,273.712
2026-09-28T06:50:01,278.957
2026-09-28T06:55:01,268.239
2026-09-28T07:00:01,363.376
2026-09-28T07:05:01,368.568
2026-09-28T07:10:01,268.809
2026-09-28T07:15:01,269.407
2026-09-28T07:20:01,267.298
2026-09-28T07:25:01,267.314
2026-09-28T07:30:01,278.279
2026-09-28T07:35:01,267.876
2026-09-28T07:40:01,268.303
2026-09-28T07:45:01,277.624
2026-09-28T07:50:01,267.393
2026-09-28T07:55:01,277.457
2026-09-28T08:00:01,360.789
2026-09-28T08:05:01,361.626
2026-09-28T08:10:01,269.293
2026-09-28T08:15:01,268.78
2026-09-28T08:20:01,262.203
2026-09-28T08:25:01,279.693
2026-09-28T08:30:01,267.729
2026-09-28T08:35:01,270.131
2026-09-28T08:40:01,279.373
2026-09-28T08:45:01,269.083
2026-09-28T08:50:01,279.584
2026-09-28T08:55:01,268.811
2026-09-28T09:00:01,266.543
2026-09-28T09:05:01,278.846
2026-09-28T09:10:01,270.826
2026-09-28T09:15:01,347.083
2026-09-28T09:20:01,337.122
2026-09-28T09:25:01,244.236
2026-09-28T09:30:01,247.024
2026-09-28T09:35:01,244.536
2026-09-28T09:40:01,254.153
2026-09-28T09:45:01,245.05
2026-09-28T09:50:01,255.501
2026-09-28T09:55:01,254.685
2026-09-28T10:00:01,341.636
2026-09-28T10:05:01,351.826
2026-09-28T10:10:01,253.694
2026-09-28T10:15:01,242.89
2026-09-28T10:20:01,242.066
2026-09-28T10:25:01,243.623
2026-09-28T10:30:01,255.377
2026-09-28T10:35:01,243.252
2026-09-28T10:40:01,245.185
2026-09-28T10:45:01,349.657
2026-09-28T10:50:01,253.586
2026-09-28T10:55:01,245.721
2026-09-28T11:00:01,254.71
2026-09-28T11:05:01,246.268
2026-09-28T11:10:01,245.555
2026-09-28T11:15:01,260.784
2026-09-28T11:20:01,256.8
2026-09-28T11:25:01,256.066
2026-09-28T11:30:01,254.805
2026-09-28T11:35:01,245.367
2026-09-28T11:40:01,256.711
2026-09-28T11:45:01,246.367
2026-09-28T11:50:01,260.454
2026-09-28T11:55:01,269.947
2026-09-28T12:00:01,264.547
2026-09-28T12:05:01,270.266
2026-09-28T12:10:01,267.19
2026-09-28T12:15:01,277.825
2026-09-28T12:20:01,362.485
2026-09-28T12:25:01,359.702
2026-09-28T12:30:01,358.71
2026-09-28T12:35:01,364.339
2026-09-28T12:40:01,266.548
2026-09-28T12:45:01,263.379
2026-09-28T12:50:01,272.32
2026-09-28T12:55:01,276.12
2026-09-28T13:00:01,267.653
2026-09-28T13:05:01,360.868
2026-09-28T13:10:01,327.292
2026-09-28T13:15:01,268.7
2026-09-28T13:20:01,267.244
2026-09-28T13:25:01,278.505
2026-09-28T13:30:01,269.022
2026-09-28T13:35:01,269.449
2026-09-28T13:40:01,277.425
2026-09-28T13:45:01,267.071
2026-09-28T13:50:01,369.288
2026-09-28T13:55:01,357.17
2026-09-28T14:00:01,282.027
2026-09-28T14:05:01,267.591
2026-09-28T14:10:01,268.004
2026-09-28T14:15:01,270.618
2026-09-28T14:20:01,280.771
2026-09-28T14:25:01,269.167
2026-09-28T14:30:01,279.203
2026-09-28T14:35:01,268.466
2026-09-28T14:40:01,280.741
2026-09-28T14:45:01,361.289
2026-09-28T14:50:01,370.347
2026-09-28T14:55:01,267.341
2026-09-28T15:00:01,268.263
2026-09-28T15:05:01,268.815
2026-09-28T15:10:01,276.821
2026-09-28T15:15:01,269.085
2026-09-28T15:20:01,269.846
2026-09-28T15:25:01,279.929
2026-09-28T15:30:01,267.133
2026-09-28T15:35:01,277.871
2026-09-28T15:40:01,277.672
2026-09-28T15:45:01,361.981
2026-09-28T15:50:01,369.584
2026-09-28T15:55:01,266.214
2026-09-28T16:00:01,54.647
2026-09-28T16:05:01,44.486
2026-09-28T16:10:01,46.653
2026-09-28T16:15:01,42.869
2026-09-28T16:20:01,34.08
2026-09-28T16:25:01,34.629
2026-09-28T16:30:01,35.812
2026-09-28T16:35:01,34.853
2026-09-28T16:40:01,44.321
2026-09-28T16:45:01,35.387
2026-09-28T16:50:01,35.219
2026-09-28T16:55:01,34.248
2026-09-28T17:00:01,19.438
2026-09-28T17:05:01,5.151
2026-09-28T17:10:01,7.656
2026-09-28T17:15:01,4.896
2026-09-28T17:20:01,7.763
2026-09-28T17:25:01,5.852
2026-09-28T17:27:05,5.591
2026-09-28T17:35:01,5.797
2026-09-28T17:40:01,6.636
2026-09-28T17:45:01,6.92
2026-09-28T17:50:01,27.948
2026-09-28T17:55:01,109.47
2026-09-28T18:00:01,22.163
2026-09-28T18:05:01,21.053
2026-09-28T18:10:01,249.642
2026-09-28T18:15:01,242.435
2026-09-28T18:20:01,240.852
2026-09-28T18:25:01,246.058
2026-09-28T18:30:01,255.673
2026-09-28T18:35:01,242.367
2026-09-28T18:40:01,254.997
2026-09-28T18:45:01,269.386
2026-09-28T18:50:01,271.767
2026-09-28T18:55:01,374.623
2026-09-28T19:00:01,361.856
2026-09-28T19:05:01,380.454
2026-09-28T19:10:01,277.24
2026-09-28T19:15:01,278.056
2026-09-28T19:25:00,285.016
2026-09-28T19:30:00,272.93
2026-09-28T19:35:00,273.699
2026-09-28T19:40:00,275.09
2026-09-28T19:45:00,285.465
2026-09-28T19:50:00,278.129
2026-09-28T19:55:00,286.369
2026-09-28T20:00:00,375.072
2026-09-28T20:05:00,374.825
2026-09-28T20:10:00,275.974
2026-09-28T20:15:00,274.306
2026-09-28T20:20:00,268.697
2026-09-28T20:25:00,269.634
2026-09-28T20:30:00,270.912
2026-09-28T20:35:00,280.577
2026-09-28T20:40:00,270.163
2026-09-28T20:45:00,271.009
2026-09-28T20:50:00,278.662
2026-09-28T20:55:00,281.672
2026-09-28T21:00:00,364.341
2026-09-28T21:05:00,363.289
2026-09-28T21:10:00,368.966
2026-09-28T21:15:00,272.735
2026-09-28T21:20:00,271.704
2026-09-28T21:25:00,272.233
2026-09-28T21:30:00,289.114
2026-09-28T21:35:00,277.798
2026-09-28T21:40:00,289.891
2026-09-28T21:45:00,285.16
2026-09-28T21:50:00,295.336
2026-09-28T21:55:00,285.345
2026-09-28T22:00:00,371.226
2026-09-28T22:05:00,367.008
2026-09-28T22:10:00,378.61
2026-09-28T22:15:00,277.541
2026-09-28T22:20:00,288.211
2026-09-28T22:25:00,277.115
2026-09-28T22:30:00,286.745
2026-09-28T22:35:00,278.319
2026-09-28T22:40:00,283.595
2026-09-28T22:45:00,273.972
2026-09-28T22:50:00,274.784
2026-09-28T22:55:00,285.263
2026-09-28T23:00:00,372.077
2026-09-28T23:05:00,362.155
2026-09-28T23:10:00,362.008
2026-09-28T23:15:00,281.963
2026-09-28T23:20:00,287.086
2026-09-28T23:25:00,281.066
2026-09-28T23:30:00,283.451
2026-09-28T23:35:00,274.211
2026-09-28T23:40:00,272.715
2026-09-28T23:45:00,283.638
2026-09-28T23:50:00,275.185
2026-09-28T23:55:00,272.909
2026-09-29T00:00:00,374.301
2026-09-29T00:05:00,363.68
2026-09-29T00:10:00,359.796
2026-09-29T00:15:00,272.17
2026-09-29T00:20:00,274.089
2026-09-29T00:25:00,273.823
2026-09-29T00:30:00,273.317
2026-09-29T00:35:00,282.331
2026-09-29T00:40:00,273.327
2026-09-29T00:45:00,273.31
2026-09-29T00:50:00,281.132
2026-09-29T00:55:00,275.611
2026-09-29T01:00:00,285.555
2026-09-29T01:05:00,273.258
2026-09-29T01:10:00,250.678
2026-09-29T01:15:00,266.65
2026-09-29T01:20:00,251.062
2026-09-29T01:25:00,346.724
2026-09-29T01:30:00,342.458
2026-09-29T01:35:00,339.179
2026-09-29T01:40:00,339.966
2026-09-29T01:45:00,258.699
2026-09-29T01:50:00,248.541
2026-09-29T01:55:00,248.712
2026-09-29T02:00:00,247.902
2026-09-29T02:05:00,274.261
2026-09-29T02:10:00,249.333
2026-09-29T02:15:00,247.845
2026-09-29T02:20:00,258.352
2026-09-29T02:25:00,248.428
2026-09-29T02:30:00,258.047
2026-09-29T02:35:00,248.64
2026-09-29T02:40:00,338.243
2026-09-29T02:45:00,337.978
2026-09-29T02:50:00,347.908
2026-09-29T02:55:00,341.795
2026-09-29T03:00:00,247.657
2026-09-29T03:05:00,248.851
2026-09-29T03:10:00,249.991
2026-09-29T03:15:00,261.38
2026-09-29T03:20:00,248.75
2026-09-29T03:25:00,249.19
2026-09-29T03:30:00,251.92
2026-09-29T03:35:00,265.063
2026-09-29T03:40:00,257.372
2026-09-29T03:45:00,257.764
2026-09-29T03:50:00,256.476
2026-09-29T03:55:00,247.653
2026-09-29T04:00:00,350.648
2026-09-29T04:05:00,340.794
2026-09-29T04:10:00,338.228
2026-09-29T04:15:00,249.576
2026-09-29T04:20:00,248.953
2026-09-29T04:25:00,249.211
2026-09-29T04:30:00,247.354
2026-09-29T04:35:00,255.748
2026-09-29T04:40:00,247.677
2026-09-29T04:45:00,266.523
2026-09-29T04:50:00,249.644
2026-09-29T04:55:00,275.959
2026-09-29T05:00:00,266.261
2026-09-29T05:05:00,263.628
2026-09-29T05:10:00,362.905
2026-09-29T05:15:00,357.281
2026-09-29T05:20:00,364.234
2026-09-29T05:25:00,274.042
2026-09-29T05:30:00,280.269
2026-09-29T05:35:00,271.558
2026-09-29T05:40:00,273.604
2026-09-29T05:45:00,271.934
2026-09-29T05:50:00,273.853
2026-09-29T05:55:00,270.312
2026-09-29T06:00:00,284.147
2026-09-29T06:05:00,362.493
2026-09-29T06:10:00,372.804
2026-09-29T06:15:00,361.17
2026-09-29T06:20:00,280.335
2026-09-29T06:25:00,275.104
2026-09-29T06:30:00,272.017
2026-09-29T06:35:00,280.776
2026-09-29T06:40:00,274.209
2026-09-29T06:45:00,282.657
2026-09-29T06:50:00,270.191
2026-09-29T06:55:00,269.905
2026-09-29T07:00:00,278.31
2026-09-29T07:05:00,300.572
2026-09-29T07:10:00,359.28
2026-09-29T07:15:00,371.011
2026-09-29T07:20:00,270.046
2026-09-29T07:25:00,270.617
2026-09-29T07:30:00,284.034
2026-09-29T07:35:00,272.6
2026-09-29T07:40:00,275.748
2026-09-29T07:45:00,273.416
2026-09-29T07:50:00,281.112
2026-09-29T07:55:00,271.1
2026-09-29T08:00:00,363.617
2026-09-29T08:05:00,352.021
2026-09-29T08:10:00,271.506
2026-09-29T08:15:00,281.874
2026-09-29T08:20:00,273.996
2026-09-29T08:25:00,273.068
2026-09-29T08:30:00,285.276
2026-09-29T08:35:00,282.979
2026-09-29T08:40:00,272.927
2026-09-29T08:45:00,284.715
2026-09-29T08:50:00,271.426
2026-09-29T08:55:00,287.346
2026-09-29T09:00:00,282.422
2026-09-29T09:05:00,285.391
2026-09-29T09:10:00,282.03
2026-09-29T09:15:00,282.524
2026-09-29T09:20:00,376.05
2026-09-29T09:25:00,350.607
2026-09-29T09:30:00,350.862
2026-09-29T09:35:00,318.905
2026-09-29T09:40:00,260.735
2026-09-29T09:45:00,246.224
2026-09-29T09:50:00,245.987
2026-09-29T09:55:00,251.32
2026-09-29T10:00:00,247.09
2026-09-29T10:05:00,247.566
2026-09-29T10:10:00,247.796
2026-09-29T10:15:00,257.541
2026-09-29T10:20:00,249.442
2026-09-29T10:25:00,247.375
2026-09-29T10:30:00,260.153
2026-09-29T10:35:00,259.837
2026-09-29T10:40:00,360.84
2026-09-29T10:45:00,358.384
2026-09-29T10:50:00,324.275
2026-09-29T10:55:00,252.513
2026-09-29T11:00:00,257.094
2026-09-29T11:05:00,269.768
2026-09-29T11:10:00,269.82
2026-09-29T11:15:00,273.466
2026-09-29T11:20:00,271.782
2026-09-29T11:25:00,270.87
2026-09-29T11:30:00,271.718
2026-09-29T11:35:00,271.864
2026-09-29T11:40:00,272.746
2026-09-29T11:45:00,270.301
2026-09-29T11:50:00,358.146
2026-09-29T11:55:00,357.394
2026-09-29T12:00:00,365.729
2026-09-29T12:05:00,352.762
2026-09-29T12:10:00,359.654
2026-09-29T12:15:00,227.771
2026-09-29T12:20:00,48.459
2026-09-29T12:25:00,38.433
2026-09-29T12:30:00,38.423
2026-09-29T12:35:00,36.571
2026-09-29T12:40:00,46.914
2026-09-29T12:45:00,37.092
2026-09-29T12:50:00,36.579
2026-09-29T12:55:00,37.855
2026-09-29T13:00:00,23.177
2026-09-29T13:05:00,23.044
2026-09-29T13:10:00,17.301
2026-09-29T13:15:00,17.921
2026-09-29T13:20:00,27.602
2026-09-29T13:25:00,17.454
2026-09-29T13:30:00,19.342
2026-09-29T13:35:00,19.005
2026-09-29T13:40:00,17.642
2026-09-29T13:45:00,17.677
2026-09-29T13:50:00,18.548
2026-09-29T13:55:00,18.245
2026-09-29T14:00:00,18.112
2026-09-29T14:05:00,17.565
2026-09-29T14:10:00,27.591
2026-09-29T14:15:00,18.066
2026-09-29T14:20:00,36.09
2026-09-29T14:25:00,118.297
2026-09-29T14:30:00,18.61
2026-09-29T14:35:00,17.303
2026-09-29T14:40:00,27.688
2026-09-29T14:45:00,18.316
2026-09-29T14:50:00,143.294
2026-09-29T14:55:00,238.983
2026-09-29T15:00:00,254.686
2026-09-29T15:05:00,243.283
2026-09-29T15:10:00,255.921
2026-09-29T15:15:00,245.566
2026-09-29T15:20:00,241.827
2026-09-29T15:25:00,252.092
2026-09-29T15:30:00,244.666
2026-09-29T15:35:00,255.143
2026-09-29T15:40:00,242.519
2026-09-29T15:45:00,346.874
2026-09-29T15:50:00,367.137
2026-09-29T15:55:00,266.579
2026-09-29T16:00:00,264.148
2026-09-29T16:05:00,277.812
2026-09-29T16:05:02,273.924
2026-09-29T16:10:02,264.199
2026-09-29T16:15:02,262.844
2026-09-29T16:20:02,274.334
2026-09-29T16:25:02,263.604
2026-09-29T16:30:02,264.855
2026-09-29T16:35:02,273.527
2026-09-29T16:40:02,265.339
2026-09-29T16:45:02,273.966
2026-09-29T16:50:02,266.274
2026-09-29T16:55:02,275.336
2026-09-29T17:00:32,276.244
2026-09-29T17:05:32,285.934
2026-09-29T17:15:00,276.42
2026-09-29T17:20:00,285.967
2026-09-29T17:25:00,275.627
2026-09-29T17:30:00,287.185
2026-09-29T17:35:00,280.052
2026-09-29T17:40:00,284.733
2026-09-29T17:45:00,368.67
2026-09-29T17:50:00,372.159
2026-09-29T17:55:00,363.412
2026-09-29T18:00:00,354.648
2026-09-29T18:05:00,263.882
2026-09-29T18:10:00,271.435
2026-09-29T18:15:00,263.213
2026-09-29T18:20:00,265.67
2026-09-29T18:25:00,272.389
2026-09-29T18:30:00,263.705
2026-09-29T18:35:00,264.595
2026-09-29T18:40:00,271.727
2026-09-29T18:45:00,266.671
2026-09-29T18:50:00,272.517
2026-09-29T18:55:00,263.929
2026-09-29T19:00:00,273.065
2026-09-29T19:05:00,263.701
2026-09-29T19:10:00,272.693
2026-09-29T19:15:00,55.393
2026-09-29T19:20:00,45.451
2026-09-29T19:25:00,42.323
2026-09-29T19:30:00,33.263
2026-09-29T19:35:00,35.776
2026-09-29T19:40:00,32.104
2026-09-29T19:45:00,5.406
2026-09-29T19:50:00,5.577
2026-09-29T19:55:00,98.02
2026-09-29T20:00:00,100.599
2026-09-29T20:05:00,98.628
2026-09-29T20:10:00,9.291
2026-09-29T20:15:00,15.453
2026-09-29T20:20:00,15.983
2026-09-29T20:25:00,15.347
2026-09-29T20:30:00,23.456
2026-09-29T20:35:00,19.897
2026-09-29T20:40:00,55.304
2026-09-29T20:45:00,72.579
2026-09-29T20:50:00,75.356
2026-09-29T20:55:00,75.36
2026-09-29T21:00:00,152.383
2026-09-29T21:05:00,151.039
2026-09-29T21:10:00,233.638
2026-09-29T21:15:00,242.419
2026-09-29T21:20:00,250.778
2026-09-29T21:25:00,333.428
2026-09-29T21:30:00,332.837
2026-09-29T21:35:00,354.994
2026-09-29T21:40:00,361.423
2026-09-29T21:45:00,281.947
2026-09-29T21:50:00,282.837
2026-09-29T21:55:00,294.781
2026-09-29T22:00:00,281.154
2026-09-29T22:05:00,282.774
2026-09-29T22:10:00,283.785
2026-09-29T22:15:00,285.463
2026-09-29T22:20:00,285.812
2026-09-29T22:25:00,288.787
2026-09-29T22:30:00,275.658
2026-09-29T22:35:00,274.973
2026-09-29T22:40:00,277.099
2026-09-29T22:45:00,283.415
2026-09-29T22:50:00,285.417
2026-09-29T22:55:00,277.14
2026-09-29T23:00:00,379.55
2026-09-29T23:05:00,365.728
2026-09-29T23:10:00,363.45
2026-09-29T23:15:00,376.14
2026-09-29T23:20:00,279.282
2026-09-29T23:25:00,270.967
2026-09-29T23:30:00,270.858
2026-09-29T23:35:00,272.475
2026-09-29T23:40:00,270.564
2026-09-29T23:45:00,273.497
2026-09-29T23:50:00,282.345
2026-09-29T23:55:00,269.89
2026-09-30T00:00:00,369.013
2026-09-30T00:05:00,359.794
2026-09-30T00:10:00,370.894
2026-09-30T00:15:00,273.546
2026-09-30T00:20:00,273.745
2026-09-30T00:25:00,269.925
2026-09-30T00:30:00,273.146
2026-09-30T00:35:00,281.522
2026-09-30T00:40:00,271.563
2026-09-30T00:45:00,270.48
2026-09-30T00:50:00,279.869
2026-09-30T00:55:00,272.774
2026-09-30T01:00:00,281.985
2026-09-30T01:05:00,257.822
2026-09-30T01:10:00,254.919
2026-09-30T01:15:00,265.155
2026-09-30T01:20:00,247.422
2026-09-30T01:25:00,259.326
2026-09-30T01:30:00,245.518
2026-09-30T01:35:00,247.695
2026-09-30T01:40:00,258.399
2026-09-30T01:45:00,337.195
2026-09-30T01:50:00,352.197
2026-09-30T01:55:00,343.602
2026-09-30T02:00:00,355.232
2026-09-30T02:05:00,255.579
2026-09-30T02:10:00,251.353
2026-09-30T02:15:00,242.592
2026-09-30T02:20:00,244.57
2026-09-30T02:25:00,255.734
2026-09-30T02:30:00,242.763
2026-09-30T02:35:00,245.609
2026-09-30T02:40:00,246.535
2026-09-30T02:45:00,245.668
2026-09-30T02:50:00,352.065
2026-09-30T02:55:00,352.914
2026-09-30T03:00:00,245.523
2026-09-30T03:05:00,253.778
2026-09-30T03:10:00,256.32
2026-09-30T03:15:00,247.166
2026-09-30T03:20:00,246.498
2026-09-30T03:25:00,247.624
2026-09-30T03:30:00,256.765
2026-09-30T03:35:00,245.968
2026-09-30T03:40:00,247.095
2026-09-30T03:45:00,347.717
2026-09-30T03:50:00,248.314
2026-09-30T03:55:00,248.109
2026-09-30T04:00:00,248.023
2026-09-30T04:05:00,250.744
2026-09-30T04:10:00,255.14
2026-09-30T04:15:00,266.012
2026-09-30T04:20:00,247.204
2026-09-30T04:25:00,247.274
2026-09-30T04:30:00,257.872
2026-09-30T04:35:00,255.521
2026-09-30T04:40:00,271.213
2026-09-30T04:45:00,339.047
2026-09-30T04:50:00,338.146
2026-09-30T04:55:00,336.714
2026-09-30T05:00:00,248.832
2026-09-30T05:05:00,256.716
2026-09-30T05:10:00,248.237
2026-09-30T05:15:00,265.987
2026-09-30T05:20:00,271.026
2026-09-30T05:25:00,274.085
2026-09-30T05:30:00,284.184
2026-09-30T05:35:00,273.039
2026-09-30T05:40:00,282.911
2026-09-30T05:45:00,362.167
2026-09-30T05:50:00,366.884
2026-09-30T05:55:00,357.285
2026-09-30T06:00:00,275.38
2026-09-30T06:05:00,276.168
2026-09-30T06:10:00,273.506
2026-09-30T06:15:00,53.835
2026-09-30T06:20:00,44.659
2026-09-30T06:25:00,44.361
2026-09-30T06:30:00,43.787
2026-09-30T06:35:00,37.678
2026-09-30T06:40:00,36.765
2026-09-30T06:45:00,35.715
2026-09-30T06:50:00,42.081
2026-09-30T06:55:00,16.209
2026-09-30T07:00:00,15.86
2026-09-30T07:05:00,32.99
2026-09-30T07:10:00,17.122
2026-09-30T07:15:00,17.451
2026-09-30T07:20:00,13.767
2026-09-30T07:25:00,145.156
2026-09-30T07:30:00,158.161
2026-09-30T07:35:00,158.907
2026-09-30T07:40:00,226.185
2026-09-30T07:45:00,232.012
2026-09-30T07:50:00,232.3
2026-09-30T07:55:00,247.329
2026-09-30T08:00:00,235.292
2026-09-30T08:05:00,245.441
2026-09-30T08:10:00,236.257
2026-09-30T08:15:00,260.144
2026-09-30T08:20:00,268.221
2026-09-30T08:25:00,276.08
2026-09-30T08:30:00,287.97
2026-09-30T08:35:00,274.112
2026-09-30T08:40:00,274.166
2026-09-30T08:45:00,284.564
2026-09-30T08:50:00,273.015
2026-09-30T08:55:00,274.181
2026-09-30T09:00:00,285.969
2026-09-30T09:05:00,274.363
2026-09-30T09:10:00,262.16
2026-09-30T09:15:00,338.956
2026-09-30T09:20:00,336.009
2026-09-30T09:25:00,348.652
2026-09-30T09:30:00,335.012
2026-09-30T09:35:00,336.553
2026-09-30T09:40:00,350.03
2026-09-30T09:45:00,247.282
2026-09-30T09:50:00,248.18
2026-09-30T09:55:00,250.811
2026-09-30T10:00:00,248.371
2026-09-30T10:05:00,260.449
2026-09-30T10:10:00,249.417
2026-09-30T10:15:00,250.614
2026-09-30T10:20:00,250.474
2026-09-30T10:25:00,259.13
2026-09-30T10:30:00,249.915
2026-09-30T10:35:00,343.775
2026-09-30T10:40:00,350.789
2026-09-30T10:45:00,331.419
2026-09-30T10:50:00,347.713
2026-09-30T10:55:00,246.321
2026-09-30T11:00:00,257.911
2026-09-30T11:05:00,248.727
2026-09-30T11:10:00,248.589
2026-09-30T11:15:00,248.988
2026-09-30T11:15:38,250.976
2026-09-30T11:20:38,245.987
2026-09-30T11:25:38,248.634
2026-09-30T11:30:38,254.93
2026-09-30T11:35:38,246.496
2026-09-30T11:40:38,248.61
2026-09-30T11:45:38,366.826
2026-09-30T11:50:38,244.987
2026-09-30T11:55:38,246.217
2026-09-30T12:00:38,257.291
2026-09-30T12:05:38,259.614
2026-09-30T12:10:38,257.294
2026-09-30T12:15:38,250.763
2026-09-30T12:20:38,257.307
2026-09-30T12:25:38,243.818
2026-09-30T12:30:38,247.119
2026-09-30T12:35:38,258.026
2026-09-30T12:40:38,245.142
2026-09-30T12:45:38,271.012
2026-09-30T12:50:38,271.075
2026-09-30T12:55:38,270.152
2026-09-30T13:00:38,279.697
2026-09-30T13:05:38,270.278
2026-09-30T13:10:38,360.456
2026-09-30T13:15:38,372.269
2026-09-30T13:20:38,359.896
2026-09-30T13:25:38,359.471
2026-09-30T13:30:38,273.267
2026-09-30T13:35:38,281.868
2026-09-30T13:40:38,273.054
2026-09-30T13:45:38,272.192
2026-09-30T13:50:38,271.347
2026-09-30T13:55:38,281.445
2026-09-30T14:00:38,270.374
2026-09-30T14:05:38,356.318
2026-09-30T14:10:38,359.986
2026-09-30T14:15:38,367.868
2026-09-30T14:20:38,360.062
2026-09-30T14:25:38,271.458
2026-09-30T14:30:38,272.249
2026-09-30T14:35:38,284.147
2026-09-30T14:40:38,271.42
2026-09-30T14:45:38,268.602
2026-09-30T14:50:38,366.781
2026-09-30T14:55:38,368.512
2026-09-30T15:00:38,270.601
2026-09-30T15:05:38,273.109
2026-09-30T15:10:38,280.915
2026-09-30T15:15:38,276.892
2026-09-30T15:20:38,278.585
2026-09-30T15:25:38,272.409
2026-09-30T15:30:38,281.926
2026-09-30T15:35:38,273.957
2026-09-30T15:40:38,273.291
2026-09-30T15:45:38,282.637
2026-09-30T15:50:38,370.01
2026-09-30T15:55:38,363.304
2026-09-30T16:00:38,272.66
2026-09-30T16:05:38,269.336
2026-09-30T16:10:38,268.746
2026-09-30T16:15:38,279.328
2026-09-30T16:20:38,272.719
2026-09-30T16:25:38,280.467
2026-09-30T16:30:38,274.683
2026-09-30T16:35:38,280.624
2026-09-30T16:40:38,277.848
2026-09-30T16:45:38,273.771
2026-09-30T16:50:38,276.671
2026-09-30T16:55:38,283.767
2026-09-30T17:00:38,275.698
2026-09-30T17:05:38,278.376
2026-09-30T17:10:38,369.487
2026-09-30T17:20:00,367.259
2026-09-30T17:25:00,275.888
2026-09-30T17:30:00,275.384
2026-09-30T17:35:00,271.269
2026-09-30T17:40:00,278.194
2026-09-30T17:45:00,279.834
2026-09-30T17:50:00,286.393
2026-09-30T17:55:00,278.275
2026-09-30T18:00:00,380.209
2026-09-30T18:05:00,379.16
2026-09-30T18:10:00,374.306
2026-09-30T18:15:00,283.043
2026-09-30T18:20:00,285.084
2026-09-30T18:25:00,276.768
2026-09-30T18:30:00,271.143
2026-09-30T18:35:00,282.419
2026-09-30T18:40:00,271.002
2026-09-30T18:45:00,270.015
2026-09-30T18:50:00,279.542
2026-09-30T18:55:00,269.914
2026-09-30T19:00:00,360.054
2026-09-30T19:05:00,370.59
2026-09-30T19:10:00,355.794
2026-09-30T19:15:00,268.656
2026-09-30T19:20:01,269.317
2026-09-30T19:25:01,271.084
2026-09-30T19:30:01,279.968
2026-09-30T19:35:01,271.695
2026-09-30T19:40:01,275.31
2026-09-30T19:45:01,280.233
2026-09-30T19:50:01,272.052
2026-09-30T19:55:01,282.937
2026-09-30T20:00:01,361.624
2026-09-30T20:05:01,372.097
2026-09-30T20:10:01,362.565
2026-09-30T20:15:01,271.175
2026-09-30T20:20:01,271.406
2026-09-30T20:25:01,276.797
2026-09-30T20:30:01,270.592
2026-09-30T20:35:01,271.752
2026-09-30T20:40:01,265.079
2026-09-30T20:45:01,283.191
2026-09-30T20:50:01,275.357
2026-09-30T20:55:01,282.558
2026-09-30T21:00:01,281.09
2026-09-30T21:05:01,366.549
2026-09-30T21:10:01,270.477
2026-09-30T21:15:01,284.458
2026-09-30T21:20:01,272.141
2026-09-30T21:25:01,279.851
2026-09-30T21:30:01,270.701
2026-09-30T21:35:01,269.879
2026-09-30T21:40:01,280.746
2026-09-30T21:45:01,46.18
2026-09-30T21:50:01,21.797
2026-09-30T21:55:01,13.115
2026-09-30T22:00:01,26.453
2026-09-30T22:05:01,9.617
2026-09-30T22:10:01,8.639
2026-09-30T22:15:01,22.456
2026-09-30T22:20:01,22.058
2026-09-30T22:25:01,21.764
2026-09-30T22:30:01,22.944
2026-09-30T22:35:01,29.632
2026-09-30T22:40:01,28.311
2026-09-30T22:45:01,23.279
2026-09-30T22:50:01,19.961
2026-09-30T22:55:01,20.994
2026-09-30T23:00:01,128.148
2026-09-30T23:05:01,108.274
2026-09-30T23:10:01,142.621
2026-09-30T23:15:01,151.782
2026-09-30T23:20:01,142.049
2026-09-30T23:25:01,154.563
2026-09-30T23:30:01,230.382
2026-09-30T23:35:01,229.575
2026-09-30T23:40:01,268.809
2026-09-30T23:45:01,270.274
2026-09-30T23:50:01,270.234
2026-09-30T23:55:01,282.993
2026-10-01T00:00:01,271.203
2026-10-01T00:05:01,369.333
2026-10-01T00:10:01,356.728
2026-10-01T00:15:01,273.113
2026-10-01T00:20:01,280.805
2026-10-01T00:25:01,273.186
2026-10-01T00:30:01,271.288
2026-10-01T00:35:01,271.339
2026-10-01T00:40:01,279.207
2026-10-01T00:45:01,279.153
2026-10-01T00:50:01,278.851
2026-10-01T00:55:01,275.441
2026-10-01T01:00:01,269.745
2026-10-01T01:05:01,256.1
2026-10-01T01:10:01,260.11
2026-10-01T01:15:01,247.906
2026-10-01T01:20:01,249.798
2026-10-01T01:25:01,263.945
2026-10-01T01:30:01,254.901
2026-10-01T01:35:01,248.125
2026-10-01T01:40:01,258.567
2026-10-01T01:45:01,248.511
2026-10-01T01:50:01,260.553
2026-10-01T01:55:01,249.679
2026-10-01T02:00:01,336.751
2026-10-01T02:05:01,337.259
2026-10-01T02:10:01,346.378
2026-10-01T02:15:01,336.46
2026-10-01T02:20:01,248.028
2026-10-01T02:25:01,246.5
2026-10-01T02:30:01,259.026
2026-10-01T02:35:01,251.117
2026-10-01T02:40:01,249.672
2026-10-01T02:45:01,252.19
2026-10-01T02:50:01,257.492
2026-10-01T02:55:01,268.497
2026-10-01T03:00:01,342.265
2026-10-01T03:05:01,342.684
2026-10-01T03:10:01,353.317
2026-10-01T03:15:01,338.446
2026-10-01T03:20:01,252.517
2026-10-01T03:25:01,249.435
2026-10-01T03:30:01,250.49
2026-10-01T03:35:01,249.507
2026-10-01T03:40:01,252.734
2026-10-01T03:45:01,269.367
2026-10-01T03:50:01,256.33
2026-10-01T03:55:01,339.962
2026-10-01T04:00:01,339.281
2026-10-01T04:05:01,354.42
2026-10-01T04:10:01,257.384
2026-10-01T04:15:01,252.074
2026-10-01T04:20:01,249.9
2026-10-01T04:25:01,248.154
2026-10-01T04:30:01,257.726
2026-10-01T04:35:01,260.471
2026-10-01T04:40:01,257.35
2026-10-01T04:45:01,266.005
2026-10-01T04:50:01,252.162
2026-10-01T04:55:01,254.593
2026-10-01T05:00:01,352.359
2026-10-01T05:05:01,339.022
2026-10-01T05:10:01,256.74
2026-10-01T05:15:01,258.169
2026-10-01T05:20:01,248.74
2026-10-01T05:25:01,249.999
2026-10-01T05:30:01,257.813
2026-10-01T05:35:01,268.044
2026-10-01T05:40:01,264.908
2026-10-01T05:45:01,279.574
2026-10-01T05:50:01,265.623
2026-10-01T05:55:01,275.094
2026-10-01T06:00:01,283.03
2026-10-01T06:05:01,362.922
2026-10-01T06:10:01,366.307
2026-10-01T06:15:01,364.687
2026-10-01T06:20:01,275.263
2026-10-01T06:25:01,273.953
2026-10-01T06:30:01,275.481
2026-10-01T06:35:01,273.928
2026-10-01T06:40:01,285.432
2026-10-01T06:45:01,275.809
2026-10-01T06:50:01,276.907
2026-10-01T06:55:01,378.645
2026-10-01T07:00:01,366.341
2026-10-01T07:05:01,275.488
2026-10-01T07:10:01,275.224
2026-10-01T07:15:01,274.14
2026-10-01T07:20:01,289.792
2026-10-01T07:25:01,275.579
2026-10-01T07:30:01,286.268
2026-10-01T07:35:01,275.998
2026-10-01T07:40:01,278.894
2026-10-01T07:45:01,286.452
2026-10-01T07:50:01,276.122
2026-10-01T07:55:01,275.709
2026-10-01T08:00:01,288.381
2026-10-01T08:05:01,365.83
2026-10-01T08:10:01,372.0
2026-10-01T08:15:01,365.098
2026-10-01T08:20:01,376.825
2026-10-01T08:25:01,273.569
2026-10-01T08:30:01,272.974
2026-10-01T08:35:01,274.167
2026-10-01T08:40:01,285.432
2026-10-01T08:45:01,287.118
2026-10-01T08:50:01,274.49
2026-10-01T08:55:01,274.1
2026-10-01T09:00:01,285.813
2026-10-01T09:05:01,261.299
2026-10-01T09:10:01,347.788
2026-10-01T09:15:01,358.478
2026-10-01T09:20:01,349.047
2026-10-01T09:25:01,251.189
2026-10-01T09:30:01,252.624
2026-10-01T09:35:01,261.384
2026-10-01T09:40:01,250.33
2026-10-01T09:45:01,252.396
2026-10-01T09:50:01,265.366
2026-10-01T09:55:01,355.059
2026-10-01T10:00:01,260.627
2026-10-01T10:05:01,251.659
2026-10-01T10:10:01,261.711
2026-10-01T10:15:01,254.111
2026-10-01T10:20:01,258.487
2026-10-01T10:25:01,251.91
2026-10-01T10:30:01,262.105
2026-10-01T10:35:01,251.022
2026-10-01T10:40:01,349.554
2026-10-01T10:45:01,259.829
2026-10-01T10:50:01,248.683
2026-10-01T10:55:01,252.257
2026-10-01T11:00:01,265.063
2026-10-01T11:05:01,249.097
2026-10-01T11:10:01,257.148
2026-10-01T11:15:01,247.075
2026-10-01T11:20:01,248.392
2026-10-01T11:25:01,258.573
2026-10-01T11:30:01,247.561
2026-10-01T11:35:01,260.696
2026-10-01T11:40:01,256.36
2026-10-01T11:45:01,248.198
2026-10-01T11:50:01,271.773
2026-10-01T11:55:01,281.966
2026-10-01T12:00:01,271.393
2026-10-01T12:05:01,272.435
2026-10-01T12:10:01,273.849
2026-10-01T12:15:01,285.827
2026-10-01T12:20:01,360.941
2026-10-01T12:25:01,359.068
2026-10-01T12:30:01,361.583
2026-10-01T12:35:01,368.472
2026-10-01T12:40:01,343.98
2026-10-01T12:45:01,272.211
2026-10-01T12:50:01,273.187
2026-10-01T12:55:01,281.667
2026-10-01T13:00:01,276.974
2026-10-01T13:05:01,273.373
2026-10-01T13:10:01,273.247
2026-10-01T13:15:01,283.072
2026-10-01T13:20:01,274.981
2026-10-01T13:25:01,274.351
2026-10-01T13:30:01,273.891
2026-10-01T13:35:01,370.283
2026-10-01T13:40:01,359.583
2026-10-01T13:45:01,359.17
2026-10-01T13:50:01,367.423
2026-10-01T13:55:01,361.278
2026-10-01T14:00:01,274.169
2026-10-01T14:05:01,272.168
2026-10-01T14:10:01,271.619
2026-10-01T14:15:01,273.366
2026-10-01T14:20:01,273.029
2026-10-01T14:25:01,275.148
2026-10-01T14:30:01,271.759
2026-10-01T14:35:01,286.462
2026-10-01T14:40:01,363.736
2026-10-01T14:45:01,363.092
2026-10-01T14:50:01,363.31
2026-10-01T14:55:01,372.646
2026-10-01T15:00:01,271.776
2026-10-01T15:05:01,271.689
2026-10-01T15:10:01,274.626
2026-10-01T15:15:01,271.434
2026-10-01T15:20:01,281.702
2026-10-01T15:25:01,272.526
2026-10-01T15:30:01,282.553
2026-10-01T15:35:01,272.9
2026-10-01T15:40:01,367.264
2026-10-01T15:45:01,366.515
2026-10-01T15:50:01,365.637
2026-10-01T15:55:01,270.501
2026-10-01T16:00:01,272.206
2026-10-01T16:05:01,284.064
2026-10-01T16:10:01,271.662
2026-10-01T16:15:01,273.241
2026-10-01T16:20:01,270.575
2026-10-01T16:25:01,282.175
2026-10-01T16:30:01,269.91
2026-10-01T16:35:01,270.497
2026-10-01T16:40:01,280.508
2026-10-01T16:45:01,270.382
2026-10-01T16:50:01,282.303
2026-10-01T16:55:01,272.07
2026-10-01T17:00:01,282.556
2026-10-01T17:05:01,270.137
2026-10-01T17:10:01,272.051
2026-10-01T17:15:01,379.243
2026-10-01T17:20:01,369.627
2026-10-01T17:25:01,280.077
2026-10-01T17:30:01,287.841
2026-10-01T17:35:01,287.674
2026-10-01T17:36:55,281.708
2026-10-01T17:41:55,277.727
2026-10-01T17:46:55,277.648
2026-10-01T17:51:55,294.2
2026-10-01T17:56:55,287.501
2026-10-01T18:01:55,379.63
2026-10-01T18:06:55,378.735
2026-10-01T18:11:55,376.25
2026-10-01T18:16:55,297.702
2026-10-01T18:21:55,281.27
2026-10-01T18:26:55,280.18
2026-10-01T18:31:55,269.758
2026-10-01T18:39:19,285.574
2026-10-01T18:45:01,276.156
2026-10-01T18:50:01,281.369
2026-10-01T18:55:01,270.865
2026-10-01T19:00:01,341.202
2026-10-01T19:05:01,356.324
2026-10-01T19:10:01,346.102
2026-10-01T19:15:01,255.505
2026-10-01T19:21:24,273.062
2026-10-01T19:30:00,269.812
2026-10-01T19:35:00,285.812
2026-10-01T19:40:00,269.164
2026-10-01T19:45:00,268.349
2026-10-01T19:50:00,269.978
2026-10-01T19:55:00,279.925
2026-10-01T20:00:00,276.632
2026-10-01T20:05:00,369.066
2026-10-01T20:10:00,377.982
2026-10-01T20:15:00,271.95
2026-10-01T20:20:00,269.141
2026-10-01T20:25:00,270.076
2026-10-01T20:30:00,269.748
2026-10-01T20:35:00,269.502
2026-10-01T20:40:00,272.499
2026-10-01T20:45:00,274.721
2026-10-01T20:50:00,274.809
2026-10-01T20:55:00,279.213
2026-10-01T21:00:00,272.839
2026-10-01T21:05:00,364.978
2026-10-01T21:10:00,360.204
2026-10-01T21:15:00,272.714
2026-10-01T21:20:00,272.619
2026-10-01T21:25:00,282.385
2026-10-01T21:30:00,273.323
2026-10-01T21:35:00,275.805
2026-10-01T21:40:00,272.649
2026-10-01T21:45:00,271.558
2026-10-01T21:50:00,283.413
2026-10-01T21:55:00,272.672
2026-10-01T22:00:00,273.757
2026-10-01T22:05:00,370.899
2026-10-01T22:10:00,375.576
2026-10-01T22:15:00,286.657
2026-10-01T22:20:00,285.016
2026-10-01T22:25:00,286.532
2026-10-01T22:30:00,286.169
2026-10-01T22:35:00,288.542
2026-10-01T22:40:00,281.268
2026-10-01T22:45:00,297.719
2026-10-01T22:50:00,278.844
2026-10-01T22:55:00,278.658
2026-10-01T23:00:00,378.814
2026-10-01T23:05:00,365.295
2026-10-01T23:10:00,366.464
2026-10-01T23:15:00,278.893
2026-10-01T23:20:00,271.712
2026-10-01T23:25:00,272.275
2026-10-01T23:30:00,283.639
2026-10-01T23:35:00,272.196
2026-10-01T23:40:00,282.906
2026-10-01T23:45:00,282.074
2026-10-01T23:50:00,266.632
2026-10-01T23:55:00,283.913
2026-10-02T00:00:00,359.992
2026-10-02T00:05:00,361.006
2026-10-02T00:10:00,359.737
2026-10-02T00:15:00,281.515
2026-10-02T00:20:00,279.763
2026-10-02T00:25:00,280.862
2026-10-02T00:30:00,278.85
2026-10-02T00:35:00,280.458
2026-10-02T00:40:00,290.771
2026-10-02T00:45:00,273.185
2026-10-02T00:50:00,280.577
2026-10-02T00:55:00,281.947
2026-10-02T01:00:00,273.974
2026-10-02T01:05:00,283.366
2026-10-02T01:10:00,345.408
2026-10-02T01:15:00,336.935
2026-10-02T01:20:00,334.609
2026-10-02T01:25:00,348.257
2026-10-02T01:30:00,340.72
2026-10-02T01:35:00,256.478
2026-10-02T01:40:00,257.804
2026-10-02T01:45:00,254.735
2026-10-02T01:50:00,252.735
2026-10-02T01:55:00,251.303
2026-10-02T02:00:00,254.695
2026-10-02T02:05:00,259.111
2026-10-02T02:10:00,252.144
2026-10-02T02:15:00,251.781
2026-10-02T02:20:00,17.512
2026-10-02T02:25:00,23.133
2026-10-02T02:30:00,12.808
2026-10-02T02:35:00,28.087
2026-10-02T02:40:00,11.57
2026-10-02T02:45:00,11.761
2026-10-02T02:50:00,11.172
2026-10-02T02:55:00,22.7
2026-10-02T03:00:00,10.598
2026-10-02T03:05:00,19.591
2026-10-02T03:10:00,18.567
2026-10-02T03:15:00,19.19
2026-10-02T03:20:00,20.628
2026-10-02T03:25:00,29.69
2026-10-02T03:30:00,25.819
2026-10-02T03:35:00,20.144
2026-10-02T03:40:00,31.461
2026-10-02T03:45:00,24.464
2026-10-02T03:50:00,26.679
2026-10-02T03:55:00,66.511
2026-10-02T04:00:00,111.033
2026-10-02T04:05:00,137.325
2026-10-02T04:10:00,132.017
2026-10-02T04:15:00,129.484
2026-10-02T04:20:00,144.178
2026-10-02T04:25:00,225.602
2026-10-02T04:30:00,243.966
2026-10-02T04:35:00,231.682
2026-10-02T04:40:00,338.902
2026-10-02T04:45:00,347.959
2026-10-02T04:50:00,336.996
2026-10-02T04:55:00,248.725
2026-10-02T05:00:00,260.266
2026-10-02T05:05:00,252.733
2026-10-02T05:10:00,262.131
2026-10-02T05:15:00,269.866
2026-10-02T05:20:00,250.198
2026-10-02T05:25:00,249.269
2026-10-02T05:30:00,250.148
2026-10-02T05:35:00,264.044
2026-10-02T05:40:00,250.701
2026-10-02T05:45:00,347.569
2026-10-02T05:50:00,364.148
2026-10-02T05:55:00,346.397
2026-10-02T06:00:00,341.728
2026-10-02T06:05:00,250.927
2026-10-02T06:10:00,253.623
2026-10-02T06:15:00,259.061
2026-10-02T06:20:00,250.904
2026-10-02T06:25:00,262.267
2026-10-02T06:30:00,254.795
2026-10-02T06:35:00,262.138
2026-10-02T06:40:00,251.885
2026-10-02T06:45:00,253.697
2026-10-02T06:50:00,355.51
2026-10-02T06:55:00,347.878
2026-10-02T07:00:00,347.019
2026-10-02T07:05:00,345.329
2026-10-02T07:10:00,252.96
2026-10-02T07:15:00,255.826
2026-10-02T07:20:00,250.826
2026-10-02T07:25:00,264.844
2026-10-02T07:30:00,251.992
2026-10-02T07:35:00,271.281
2026-10-02T07:40:00,276.9
2026-10-02T07:45:00,372.493
2026-10-02T07:50:00,368.676
2026-10-02T07:55:00,280.361
2026-10-02T08:00:00,280.883
2026-10-02T08:05:00,280.603
2026-10-02T08:10:00,275.658
2026-10-02T08:15:00,278.496
2026-10-02T08:20:00,275.485
2026-10-02T08:25:00,285.126
2026-10-02T08:30:00,276.604
2026-10-02T08:35:00,286.82
2026-10-02T08:40:00,278.48
2026-10-02T08:45:00,277.557
2026-10-02T08:50:00,288.067
2026-10-02T08:55:00,275.83
2026-10-02T09:00:00,278.898
2026-10-02T09:05:00,261.072
2026-10-02T09:10:00,254.806
2026-10-02T09:15:00,352.849
2026-10-02T09:20:00,341.608
2026-10-02T09:25:00,333.322
2026-10-02T09:30:00,252.579
2026-10-02T09:35:00,240.771
2026-10-02T09:40:00,263.056
2026-10-02T09:45:00,251.693
2026-10-02T09:50:00,247.508
2026-10-02T09:55:00,248.954
2026-10-02T10:00:00,247.714
2026-10-02T10:05:00,350.861
2026-10-02T10:10:00,260.426
2026-10-02T10:15:00,250.577
2026-10-02T10:20:00,249.792
2026-10-02T10:25:00,252.055
2026-10-02T10:30:00,262.123
2026-10-02T10:35:00,248.064
2026-10-02T10:40:00,259.035
2026-10-02T10:45:00,247.958
2026-10-02T10:50:00,354.61
2026-10-02T10:55:00,255.967
2026-10-02T11:00:00,269.878
2026-10-02T11:05:00,259.268
2026-10-02T11:10:00,257.268
2026-10-02T11:15:00,243.484
2026-10-02T11:20:00,248.98
2026-10-02T11:25:00,256.524
2026-10-02T11:30:00,246.806
2026-10-02T11:35:00,256.718
2026-10-02T11:40:00,246.332
2026-10-02T11:45:00,245.837
2026-10-02T11:50:00,248.538
2026-10-02T11:55:00,263.47
2026-10-02T12:00:00,279.505
2026-10-02T12:05:00,273.451
2026-10-02T12:10:00,270.606
2026-10-02T12:15:00,367.323
2026-10-02T12:20:00,366.082
2026-10-02T12:25:00,366.458
2026-10-02T12:30:00,361.389
2026-10-02T12:35:00,274.235
2026-10-02T12:40:00,283.165
2026-10-02T12:45:00,273.667
2026-10-02T12:50:00,275.717
2026-10-02T12:55:00,274.308
2026-10-02T13:00:00,272.417
2026-10-02T13:05:00,363.589
2026-10-02T13:10:00,372.065
2026-10-02T13:15:00,362.416
2026-10-02T13:20:00,367.642
2026-10-02T13:25:00,278.333
2026-10-02T13:30:00,272.118
2026-10-02T13:35:00,271.968
2026-10-02T13:40:00,286.645
2026-10-02T13:45:00,272.228
2026-10-02T13:50:00,271.184
2026-10-02T13:55:00,368.156
2026-10-02T13:56:36,366.535
2026-10-02T14:01:36,369.383
2026-10-02T14:06:36,271.624
2026-10-02T14:11:36,272.879
2026-10-02T14:16:36,272.458
2026-10-02T14:21:36,271.017
2026-10-02T14:26:36,272.592
2026-10-02T14:31:36,280.074
2026-10-02T14:36:36,270.094
2026-10-02T14:41:36,362.263
2026-10-02T14:46:36,360.638
2026-10-02T14:51:36,47.775
2026-10-02T14:56:36,46.17
2026-10-02T15:01:36,46.434
2026-10-02T15:06:36,23.279
2026-10-02T15:11:36,16.135
2026-10-02T15:17:10,15.437
2026-10-02T15:22:10,17.377
2026-10-02T15:27:10,18.444
2026-10-02T15:32:10,20.12
2026-10-02T15:37:10,9.17
2026-10-02T15:42:10,9.265
2026-10-02T15:47:12,9.689
2026-10-02T15:52:12,8.293
2026-10-02T16:00:00,21.019
2026-10-02T16:05:00,61.805
2026-10-02T16:10:00,13.219
2026-10-02T16:15:00,10.905
2026-10-02T16:20:00,9.972
2026-10-02T16:25:00,10.315
2026-10-02T16:30:00,11.004
2026-10-02T16:35:00,18.763
2026-10-02T16:40:00,10.255
2026-10-02T16:45:00,9.374
2026-10-02T16:50:00,9.494
2026-10-02T16:55:00,18.643
2026-10-02T17:00:00,18.97
2026-10-02T17:05:00,8.75
2026-10-02T17:10:00,6.695
2026-10-02T17:15:00,6.186
2026-10-02T17:20:00,6.766
2026-10-02T17:25:00,6.394
2026-10-02T17:30:00,6.569
2026-10-02T17:35:00,6.192
2026-10-02T17:40:00,17.896
2026-10-02T17:45:00,7.508
2026-10-02T17:50:00,7.402
2026-10-02T17:55:00,7.761
2026-10-02T18:00:00,7.097
2026-10-02T18:05:00,6.305
2026-10-02T18:10:00,8.31
2026-10-02T18:15:00,6.139
2026-10-02T18:20:00,8.842
2026-10-02T18:25:00,5.854
2026-10-02T18:30:00,4.385
2026-10-02T18:35:00,3.616
2026-10-02T18:40:00,4.071
2026-10-02T18:45:00,11.655
2026-10-02T18:50:00,16.087
2026-10-02T18:55:00,16.663
2026-10-02T19:00:00,26.752
2026-10-02T19:05:00,13.654
2026-10-02T19:10:00,17.469
2026-10-02T19:15:00,13.106
2026-10-02T19:20:01,4.405
2026-10-02T19:25:01,5.555
2026-10-02T19:30:01,3.429
2026-10-02T19:35:01,13.168
2026-10-02T19:40:01,3.156
2026-10-02T19:45:01,3.467
2026-10-02T19:50:01,3.442
2026-10-02T19:55:01,5.007
2026-10-02T20:00:01,3.918
2026-10-02T20:05:01,3.435
2026-10-02T20:10:01,3.704
2026-10-02T20:15:01,13.137
2026-10-02T20:20:01,23.343
2026-10-02T20:25:01,6.632
2026-10-02T20:30:01,6.456
2026-10-02T20:35:01,6.102
2026-10-02T20:40:01,22.912
2026-10-02T20:45:01,11.849
2026-10-02T20:50:01,11.187
2026-10-02T20:55:01,14.366
2026-10-02T21:00:01,11.832
2026-10-02T21:05:01,6.383
2026-10-02T21:10:01,109.93
2026-10-02T21:15:01,108.183
2026-10-02T21:20:01,108.912
2026-10-02T21:25:01,111.318
2026-10-02T21:30:01,110.687
2026-10-02T21:35:01,110.673
2026-10-02T21:40:01,124.837
2026-10-02T21:45:01,191.737
2026-10-02T21:50:01,181.068
2026-10-02T21:55:01,196.901
2026-10-02T22:00:01,220.434
2026-10-02T22:05:01,221.04
2026-10-02T22:10:01,230.027
2026-10-02T22:15:01,255.946
2026-10-02T22:20:01,277.286
2026-10-02T22:25:01,275.595
2026-10-02T22:30:01,276.77
2026-10-02T22:35:01,279.858
2026-10-02T22:40:01,273.853
2026-10-02T22:45:01,278.235
2026-10-02T22:50:01,276.5
2026-10-02T22:55:01,369.953
2026-10-02T23:00:01,361.985
2026-10-02T23:05:01,278.38
2026-10-02T23:10:01,287.93
2026-10-02T23:15:01,262.619
2026-10-02T23:20:01,264.425
2026-10-02T23:25:01,266.127
2026-10-02T23:30:01,263.093
2026-10-02T23:35:01,264.644
2026-10-02T23:40:01,278.818
2026-10-02T23:45:01,260.928
2026-10-02T23:50:01,255.091
2026-10-02T23:55:01,141.233
2026-10-03T00:00:01,10.227
2026-10-03T00:05:01,10.227
2026-10-03T00:10:01,10.206
2026-10-03T00:15:01,10.184
2026-10-03T00:20:01,10.195
2026-10-03T00:25:01,10.231
2026-10-03T00:30:01,12.736
2026-10-03T00:35:01,9.829
2026-10-03T00:40:01,9.862
2026-10-03T00:45:01,9.177
2026-10-03T00:50:01,9.775
2026-10-03T00:55:01,9.278
2026-10-03T01:00:01,19.012
2026-10-03T01:05:01,9.179
2026-10-03T01:10:01,130.264
2026-10-03T01:15:01,21.628
2026-10-03T01:20:01,11.105
2026-10-03T01:25:01,13.382
2026-10-03T01:30:01,13.203
2026-10-03T01:35:01,17.465
2026-10-03T01:40:01,12.634
2026-10-03T01:45:01,11.945
2026-10-03T01:50:01,153.787
2026-10-03T01:55:01,170.263
2026-10-03T02:00:01,160.27
