instante,potencia_kw
2026-09-01T00:00:00,123.21
2026-09-01T00:05:00,122.4
2026-09-01T00:10:00,123.45
2026-09-01T00:15:00,118.15
2026-09-01T00:20:00,121.3
2026-09-01T00:25:00,124.58
2026-09-01T00:30:00,119.29
2026-09-01T00:35:00,162.55
2026-09-01T00:40:00,158.97
2026-09-01T00:45:00,163.39
2026-09-01T00:50:00,163.98
2026-09-01T00:55:00,165.15
2026-09-01T01:00:00,163.06
2026-09-01T01:05:00,164.19
2026-09-01T01:10:00,162.25
2026-09-01T01:15:00,170.68
2026-09-01T01:20:00,167.77
2026-09-01T01:25:00,259.5
2026-09-01T01:30:00,260.17
2026-09-01T01:35:00,260.11
2026-09-01T01:40:00,168.4
2026-09-01T01:45:00,218.22
2026-09-01T01:50:00,216.88
2026-09-01T01:55:00,219.1
2026-09-01T02:00:00,211.44
2026-09-01T02:05:00,129.83
2026-09-01T02:10:00,221.24
2026-09-01T02:15:00,219.18
2026-09-01T02:20:00,221.94
2026-09-01T02:25:00,222.09
2026-09-01T02:30:00,226.75
2026-09-01T02:35:00,133.92
2026-09-01T02:40:00,128.26
2026-09-01T02:45:00,132.4
2026-09-01T02:50:00,225.74
2026-09-01T02:55:00,222.68
2026-09-01T03:00:00,224.0
2026-09-01T03:05:00,228.7
2026-09-01T03:10:00,138.08
2026-09-01T03:15:00,228.79
2026-09-01T03:20:00,220.61
2026-09-01T03:25:00,224.0
2026-09-01T03:30:00,138.7
2026-09-01T03:35:00,139.69
2026-09-01T03:40:00,134.72
2026-09-01T03:45:00,135.77
2026-09-01T03:50:00,133.53
2026-09-01T03:55:00,226.49
2026-09-01T04:00:00,230.45
2026-09-01T04:05:00,223.37
2026-09-01T04:10:00,222.16
2026-09-01T04:15:00,240.55
2026-09-01T04:20:00,155.27
2026-09-01T04:25:00,144.94
2026-09-01T04:30:00,137.03
2026-09-01T04:35:00,139.2
2026-09-01T04:40:00,140.38
2026-09-01T04:45:00,139.08
2026-09-01T04:50:00,141.3
2026-09-01T04:55:00,135.08
2026-09-01T05:00:00,142.58
2026-09-01T05:05:00,153.18
2026-09-01T05:10:00,245.01
2026-09-01T05:15:00,232.22
2026-09-01T05:20:00,234.61
2026-09-01T05:25:00,228.88
2026-09-01T05:30:00,244.67
2026-09-01T05:35:00,156.36
2026-09-01T05:40:00,228.0
2026-09-01T05:45:00,231.43
2026-09-01T05:50:00,271.61
2026-09-01T05:55:00,180.39
2026-09-01T06:00:00,177.12
2026-09-01T06:05:00,177.64
2026-09-01T06:10:00,181.38
2026-09-01T06:15:00,179.9
2026-09-01T06:20:00,176.36
2026-09-01T06:25:00,184.52
2026-09-01T06:30:00,184.72
2026-09-01T06:35:00,179.07
2026-09-01T06:40:00,180.49
2026-09-01T06:45:00,184.04
2026-09-01T06:50:00,143.54
2026-09-01T06:55:00,138.41
2026-09-01T07:00:00,138.15
2026-09-01T07:05:00,144.37
2026-09-01T07:10:00,137.42
2026-09-01T07:15:00,137.8
2026-09-01T07:20:00,140.08
2026-09-01T07:25:00,142.86
2026-09-01T07:30:00,139.14
2026-09-01T07:35:00,133.34
2026-09-01T07:40:00,138.66
2026-09-01T07:45:00,141.91
2026-09-01T07:50:00,227.23
2026-09-01T07:55:00,230.69
2026-09-01T08:00:00,244.37
2026-09-01T08:05:00,240.52
2026-09-01T08:10:00,226.85
2026-09-01T08:15:00,139.34
2026-09-01T08:20:00,222.55
2026-09-01T08:25:00,237.93
2026-09-01T08:30:00,243.39
2026-09-01T08:35:00,227.73
2026-09-01T08:40:00,239.65
2026-09-01T08:45:00,137.97
2026-09-01T08:50:00,224.71
2026-09-01T08:55:00,225.75
2026-09-01T09:00:00,221.87
2026-09-01T09:05:00,225.36
2026-09-01T09:10:00,224.89
2026-09-01T09:15:00,129.63
2026-09-01T09:20:00,129.88
2026-09-01T09:25:00,134.74
2026-09-01T09:30:00,133.89
2026-09-01T09:35:00,133.3
2026-09-01T09:40:00,130.14
2026-09-01T09:45:00,144.63
2026-09-01T09:50:00,127.02
2026-09-01T09:55:00,133.56
2026-09-01T10:00:00,130.07
2026-09-01T10:05:00,130.9
2026-09-01T10:10:00,128.95
2026-09-01T10:15:00,127.78
2026-09-01T10:20:00,128.54
2026-09-01T10:25:00,125.78
2026-09-01T10:30:00,128.74
2026-09-01T10:35:00,124.15
2026-09-01T10:40:00,138.62
2026-09-01T10:45:00,147.89
2026-09-01T10:50:00,127.2
2026-09-01T10:55:00,123.51
2026-09-01T11:00:00,125.46
2026-09-01T11:05:00,129.85
2026-09-01T11:10:00,121.06
2026-09-01T11:15:00,125.02
2026-09-01T11:20:00,116.24
2026-09-01T11:25:00,122.1
2026-09-01T11:30:00,122.97
2026-09-01T11:35:00,117.23
2026-09-01T11:40:00,211.32
2026-09-01T11:45:00,208.98
2026-09-01T11:50:00,211.83
2026-09-01T11:55:00,208.21
2026-09-01T12:00:00,208.59
2026-09-01T12:05:00,122.54
2026-09-01T12:10:00,158.63
2026-09-01T12:15:00,163.2
2026-09-01T12:20:00,157.31
2026-09-01T12:25:00,161.66
2026-09-01T12:30:00,157.12
2026-09-01T12:35:00,152.93
2026-09-01T12:40:00,159.51
2026-09-01T12:45:00,156.2
2026-09-01T12:50:00,156.22
2026-09-01T12:55:00,158.74
2026-09-01T13:00:00,154.67
2026-09-01T13:05:00,155.05
2026-09-01T13:10:00,152.64
2026-09-01T13:15:00,199.89
2026-09-01T13:20:00,207.64
2026-09-01T13:25:00,199.6
2026-09-01T13:30:00,210.39
2026-09-01T13:35:00,203.13
2026-09-01T13:40:00,200.42
2026-09-01T13:45:00,199.52
2026-09-01T13:50:00,110.75
2026-09-01T13:55:00,109.58
2026-09-01T14:00:00,110.23
2026-09-01T14:05:00,105.8
2026-09-01T14:10:00,109.99
2026-09-01T14:15:00,197.56
2026-09-01T14:20:00,201.1
2026-09-01T14:25:00,198.05
2026-09-01T14:30:00,197.32
2026-09-01T14:35:00,198.19
2026-09-01T14:40:00,109.41
2026-09-01T14:45:00,108.76
2026-09-01T14:50:00,101.6
2026-09-01T14:55:00,120.27
2026-09-01T15:00:00,110.09
2026-09-01T15:05:00,105.0
2026-09-01T15:10:00,101.76
2026-09-01T15:15:00,107.97
2026-09-01T15:20:00,105.09
2026-09-01T15:25:00,106.56
2026-09-01T15:30:00,105.66
2026-09-01T15:35:00,100.49
2026-09-01T15:40:00,100.45
2026-09-01T15:45:00,97.75
2026-09-01T15:50:00,115.36
2026-09-01T15:55:00,120.86
2026-09-01T16:00:00,104.6
2026-09-01T16:05:00,99.07
2026-09-01T16:10:00,197.33
2026-09-01T16:15:00,193.82
2026-09-01T16:20:00,192.37
2026-09-01T16:25:00,187.66
2026-09-01T16:30:00,187.87
2026-09-01T16:35:00,194.09
2026-09-01T16:40:00,103.68
2026-09-01T16:45:00,191.1
2026-09-01T16:50:00,203.92
2026-09-01T16:55:00,203.69
2026-09-01T17:00:00,205.23
2026-09-01T17:05:00,191.3
2026-09-01T17:10:00,118.95
2026-09-01T17:15:00,120.0
2026-09-01T17:20:00,96.87
2026-09-01T17:25:00,96.43
2026-09-01T17:30:00,101.81
2026-09-01T17:35:00,98.89
2026-09-01T17:40:00,105.42
2026-09-01T17:45:00,103.7
2026-09-01T17:50:00,101.73
2026-09-01T17:55:00,108.7
2026-09-01T18:00:00,103.25
2026-09-01T18:05:00,92.93
2026-09-01T18:10:00,103.25
2026-09-01T18:15:00,191.78
2026-09-01T18:20:00,187.46
2026-09-01T18:25:00,190.72
2026-09-01T18:30:00,189.22
2026-09-01T18:35:00,191.23
2026-09-01T18:40:00,104.72
2026-09-01T18:45:00,163.05
2026-09-01T18:50:00,151.92
2026-09-01T18:55:00,155.92
2026-09-01T19:00:00,133.26
2026-09-01T19:05:00,149.67
2026-09-01T19:10:00,144.57
2026-09-01T19:15:00,139.37
2026-09-01T19:20:00,141.08
2026-09-01T19:25:00,142.29
2026-09-01T19:30:00,143.46
2026-09-01T19:35:00,142.08
2026-09-01T19:40:00,155.9
2026-09-01T19:45:00,160.04
2026-09-01T19:50:00,103.59
2026-09-01T19:55:00,103.29
2026-09-01T20:00:00,100.74
2026-09-01T20:05:00,121.46
2026-09-01T20:10:00,123.36
2026-09-01T20:15:00,102.54
2026-09-01T20:20:00,115.8
2026-09-01T20:25:00,114.05
2026-09-01T20:30:00,104.82
2026-09-01T20:35:00,108.13
2026-09-01T20:40:00,102.92
2026-09-01T20:45:00,102.66
2026-09-01T20:50:00,105.66
2026-09-01T20:55:00,106.22
2026-09-01T21:00:00,143.46
2026-09-01T21:05:00,163.2
2026-09-01T21:10:00,161.2
2026-09-01T21:15:00,149.68
2026-09-01T21:20:00,165.31
2026-09-01T21:25:00,159.73
2026-09-01T21:30:00,143.32
2026-09-01T21:35:00,145.43
2026-09-01T21:40:00,151.03
2026-09-01T21:45:00,241.04
2026-09-01T21:50:00,199.59
2026-09-01T21:55:00,198.26
2026-09-01T22:00:00,110.06
2026-09-01T22:05:00,109.18
2026-09-01T22:10:00,154.79
2026-09-01T22:15:00,151.98
2026-09-01T22:20:00,154.12
2026-09-01T22:25:00,166.97
2026-09-01T22:30:00,260.84
2026-09-01T22:35:00,245.37
2026-09-01T22:40:00,245.5
2026-09-01T22:45:00,241.65
2026-09-01T22:50:00,237.08
2026-09-01T22:55:00,241.62
2026-09-01T23:00:00,201.68
2026-09-01T23:05:00,108.75
2026-09-01T23:10:00,210.37
2026-09-01T23:15:00,206.44
2026-09-01T23:20:00,205.96
2026-09-01T23:25:00,202.08
2026-09-01T23:30:00,120.96
2026-09-01T23:35:00,116.87
2026-09-01T23:40:00,118.73
2026-09-01T23:45:00,116.26
2026-09-01T23:50:00,161.18
2026-09-01T23:55:00,162.91
2026-09-02T00:00:00,162.29
2026-09-02T00:05:00,172.32
2026-09-02T00:10:00,176.29
2026-09-02T00:15:00,156.19
2026-09-02T00:20:00,161.46
2026-09-02T00:25:00,158.88
2026-09-02T00:30:00,259.0
2026-09-02T00:35:00,249.59
2026-09-02T00:40:00,252.07
2026-09-02T00:45:00,213.63
2026-09-02T00:50:00,218.8
2026-09-02T00:55:00,138.06
2026-09-02T01:00:00,136.72
2026-09-02T01:05:00,125.45
2026-09-02T01:10:00,124.67
2026-09-02T01:15:00,124.81
2026-09-02T01:20:00,128.55
2026-09-02T01:25:00,128.61
2026-09-02T01:30:00,128.57
2026-09-02T01:35:00,132.1
2026-09-02T01:40:00,130.83
2026-09-02T01:45:00,126.34
2026-09-02T01:50:00,131.57
2026-09-02T01:55:00,128.61
2026-09-02T02:00:00,124.92
2026-09-02T02:05:00,127.6
2026-09-02T02:10:00,144.64
2026-09-02T02:15:00,132.75
2026-09-02T02:20:00,216.58
2026-09-02T02:25:00,218.92
2026-09-02T02:30:00,222.0
2026-09-02T02:35:00,226.28
2026-09-02T02:40:00,134.4
2026-09-02T02:45:00,133.19
2026-09-02T02:50:00,134.37
2026-09-02T02:55:00,146.43
2026-09-02T03:00:00,149.85
2026-09-02T03:05:00,139.43
2026-09-02T03:10:00,136.01
2026-09-02T03:15:00,140.15
2026-09-02T03:20:00,137.66
2026-09-02T03:25:00,133.18
2026-09-02T03:30:00,134.44
2026-09-02T03:35:00,138.98
2026-09-02T03:40:00,138.21
2026-09-02T03:45:00,134.96
2026-09-02T03:50:00,138.95
2026-09-02T03:55:00,137.83
2026-09-02T04:00:00,131.08
2026-09-02T04:05:00,150.28
2026-09-02T04:10:00,155.63
2026-09-02T04:15:00,136.92
2026-09-02T04:20:00,140.06
2026-09-02T04:25:00,138.36
2026-09-02T04:30:00,143.64
2026-09-02T04:35:00,140.16
2026-09-02T04:40:00,146.15
2026-09-02T04:45:00,137.66
2026-09-02T04:50:00,142.57
2026-09-02T04:55:00,138.3
2026-09-02T05:00:00,135.43
2026-09-02T05:05:00,138.16
2026-09-02T05:10:00,152.62
2026-09-02T05:15:00,153.42
2026-09-02T05:20:00,227.88
2026-09-02T05:25:00,235.64
2026-09-02T05:30:00,228.8
2026-09-02T05:35:00,232.49
2026-09-02T05:40:00,231.46
2026-09-02T05:45:00,233.53
2026-09-02T05:50:00,144.17
2026-09-02T05:55:00,185.21
2026-09-02T06:00:00,178.83
2026-09-02T06:05:00,180.61
2026-09-02T06:10:00,193.98
2026-09-02T06:15:00,191.42
2026-09-02T06:20:00,198.0
2026-09-02T06:25:00,181.66
2026-09-02T06:30:00,197.56
2026-09-02T06:35:00,193.58
2026-09-02T06:40:00,180.55
2026-09-02T06:45:00,183.72
2026-09-02T06:50:00,176.4
2026-09-02T06:55:00,178.98
2026-09-02T07:00:00,176.88
2026-09-02T07:05:00,183.54
2026-09-02T07:10:00,138.63
2026-09-02T07:15:00,178.35
2026-09-02T07:20:00,179.76
2026-09-02T07:25:00,179.31
2026-09-02T07:30:00,177.12
2026-09-02T07:35:00,172.82
2026-09-02T07:40:00,179.4
2026-09-02T07:45:00,174.01
2026-09-02T07:50:00,178.79
2026-09-02T07:55:00,179.12
2026-09-02T08:00:00,180.1
2026-09-02T08:05:00,177.51
2026-09-02T08:10:00,137.21
2026-09-02T08:15:00,135.34
2026-09-02T08:20:00,139.78
2026-09-02T08:25:00,150.42
2026-09-02T08:30:00,153.34
2026-09-02T08:35:00,137.67
2026-09-02T08:40:00,149.19
2026-09-02T08:45:00,155.88
2026-09-02T08:50:00,136.54
2026-09-02T08:55:00,145.33
2026-09-02T09:00:00,144.92
2026-09-02T09:05:00,131.93
2026-09-02T09:10:00,149.25
2026-09-02T09:15:00,146.42
2026-09-02T09:20:00,136.9
2026-09-02T09:25:00,135.9
2026-09-02T09:30:00,135.13
2026-09-02T09:35:00,132.39
2026-09-02T09:40:00,131.95
2026-09-02T09:45:00,130.05
2026-09-02T09:50:00,129.52
2026-09-02T09:55:00,215.25
2026-09-02T10:00:00,231.46
2026-09-02T10:05:00,237.81
2026-09-02T10:10:00,218.71
2026-09-02T10:15:00,218.33
2026-09-02T10:20:00,124.65
2026-09-02T10:25:00,128.95
2026-09-02T10:30:00,126.04
2026-09-02T10:35:00,120.7
2026-09-02T10:40:00,125.5
2026-09-02T10:45:00,126.6
2026-09-02T10:50:00,217.08
2026-09-02T10:55:00,217.42
2026-09-02T11:00:00,213.27
2026-09-02T11:05:00,211.54
2026-09-02T11:10:00,212.65
2026-09-02T11:15:00,213.69
2026-09-02T11:20:00,126.49
2026-09-02T11:25:00,210.35
2026-09-02T11:30:00,251.85
2026-09-02T11:35:00,255.13
2026-09-02T11:40:00,251.5
2026-09-02T11:45:00,248.28
2026-09-02T11:50:00,177.96
2026-09-02T11:55:00,134.18
2026-09-02T12:00:00,135.28
2026-09-02T12:05:00,119.8
2026-09-02T12:10:00,115.28
2026-09-02T12:15:00,121.48
2026-09-02T12:20:00,121.34
2026-09-02T12:25:00,129.25
2026-09-02T12:30:00,131.8
2026-09-02T12:35:00,117.91
2026-09-02T12:40:00,115.15
2026-09-02T12:45:00,115.74
2026-09-02T12:50:00,116.46
2026-09-02T12:55:00,110.47
2026-09-02T13:00:00,117.92
2026-09-02T13:05:00,110.9
2026-09-02T13:10:00,114.55
2026-09-02T13:15:00,114.74
2026-09-02T13:20:00,107.92
2026-09-02T13:25:00,116.48
2026-09-02T13:30:00,113.17
2026-09-02T13:35:00,108.34
2026-09-02T13:40:00,110.48
2026-09-02T13:45:00,109.39
2026-09-02T13:50:00,109.62
2026-09-02T13:55:00,109.4
2026-09-02T14:00:00,112.77
2026-09-02T14:05:00,108.51
2026-09-02T14:10:00,112.7
2026-09-02T14:15:00,111.04
2026-09-02T14:20:00,107.56
2026-09-02T14:25:00,103.37
2026-09-02T14:30:00,106.72
2026-09-02T14:35:00,109.13
2026-09-02T14:40:00,105.73
2026-09-02T14:45:00,122.25
2026-09-02T14:50:00,123.23
2026-09-02T14:55:00,104.5
2026-09-02T15:00:00,103.31
2026-09-02T15:05:00,120.2
2026-09-02T15:10:00,121.93
2026-09-02T15:15:00,110.86
2026-09-02T15:20:00,108.9
2026-09-02T15:25:00,103.57
2026-09-02T15:30:00,101.06
2026-09-02T15:35:00,125.75
2026-09-02T15:40:00,101.65
2026-09-02T15:45:00,104.04
2026-09-02T15:50:00,121.44
2026-09-02T15:55:00,117.14
2026-09-02T16:00:00,101.47
2026-09-02T16:05:00,119.47
2026-09-02T16:10:00,114.96
2026-09-02T16:15:00,192.32
2026-09-02T16:20:00,193.42
2026-09-02T16:25:00,188.2
2026-09-02T16:30:00,101.39
2026-09-02T16:35:00,139.66
2026-09-02T16:40:00,138.5
2026-09-02T16:45:00,157.48
2026-09-02T16:50:00,139.16
2026-09-02T16:55:00,233.02
2026-09-02T17:00:00,229.98
2026-09-02T17:05:00,228.13
2026-09-02T17:10:00,232.15
2026-09-02T17:15:00,246.08
2026-09-02T17:20:00,153.26
2026-09-02T17:25:00,145.14
2026-09-02T17:30:00,136.71
2026-09-02T17:35:00,142.66
2026-09-02T17:40:00,145.55
2026-09-02T17:45:00,98.16
2026-09-02T17:50:00,113.01
2026-09-02T17:55:00,121.05
2026-09-02T18:00:00,100.99
2026-09-02T18:05:00,106.71
2026-09-02T18:10:00,115.33
2026-09-02T18:15:00,98.64
2026-09-02T18:20:00,115.43
2026-09-02T18:25:00,95.76
2026-09-02T18:30:00,94.33
2026-09-02T18:35:00,100.51
2026-09-02T18:40:00,103.08
2026-09-02T18:45:00,102.66
2026-09-02T18:50:00,101.95
2026-09-02T18:55:00,106.19
2026-09-02T19:00:00,102.01
2026-09-02T19:05:00,111.7
2026-09-02T19:10:00,115.3
2026-09-02T19:15:00,99.07
2026-09-02T19:20:00,104.57
2026-09-02T19:25:00,99.02
2026-09-02T19:30:00,192.63
2026-09-02T19:35:00,189.6
2026-09-02T19:40:00,192.66
2026-09-02T19:45:00,102.06
2026-09-02T19:50:00,101.55
2026-09-02T19:55:00,100.95
2026-09-02T20:00:00,102.67
2026-09-02T20:05:00,102.66
2026-09-02T20:10:00,197.0
2026-09-02T20:15:00,191.74
2026-09-02T20:20:00,196.83
2026-09-02T20:25:00,194.92
2026-09-02T20:30:00,196.4
2026-09-02T20:35:00,107.29
2026-09-02T20:40:00,106.29
2026-09-02T20:45:00,100.54
2026-09-02T20:50:00,123.52
2026-09-02T20:55:00,126.41
2026-09-02T21:00:00,104.5
2026-09-02T21:05:00,104.23
2026-09-02T21:10:00,102.5
2026-09-02T21:15:00,107.61
2026-09-02T21:20:00,106.0
2026-09-02T21:25:00,106.23
2026-09-02T21:30:00,107.91
2026-09-02T21:35:00,197.67
2026-09-02T21:40:00,197.61
2026-09-02T21:45:00,198.46
2026-09-02T21:50:00,216.59
2026-09-02T21:55:00,126.15
2026-09-02T22:00:00,113.06
2026-09-02T22:05:00,109.83
2026-09-02T22:10:00,108.1
2026-09-02T22:15:00,108.52
2026-09-02T22:20:00,112.32
2026-09-02T22:25:00,113.18
2026-09-02T22:30:00,110.59
2026-09-02T22:35:00,112.12
2026-09-02T22:40:00,106.44
2026-09-02T22:45:00,116.59
2026-09-02T22:50:00,115.14
2026-09-02T22:55:00,114.96
2026-09-02T23:00:00,116.46
2026-09-02T23:05:00,115.78
2026-09-02T23:10:00,116.79
2026-09-02T23:15:00,133.65
2026-09-02T23:20:00,132.2
2026-09-02T23:25:00,126.66
2026-09-02T23:30:00,118.96
2026-09-02T23:35:00,222.0
2026-09-02T23:40:00,223.12
2026-09-02T23:45:00,243.82
2026-09-02T23:50:00,251.71
2026-09-02T23:55:00,249.4
2026-09-03T00:00:00,253.63
2026-09-03T00:05:00,252.31
2026-09-03T00:10:00,160.37
2026-09-03T00:15:00,181.9
2026-09-03T00:20:00,178.2
2026-09-03T00:25:00,160.0
2026-09-03T00:30:00,164.71
2026-09-03T00:35:00,160.14
2026-09-03T00:40:00,124.93
2026-09-03T00:45:00,123.3
2026-09-03T00:50:00,139.07
2026-09-03T00:55:00,134.96
2026-09-03T01:00:00,126.01
2026-09-03T01:05:00,120.0
2026-09-03T01:10:00,144.12
2026-09-03T01:15:00,143.43
2026-09-03T01:20:00,220.02
2026-09-03T01:25:00,218.08
2026-09-03T01:30:00,212.88
2026-09-03T01:35:00,216.36
2026-09-03T01:40:00,216.8
2026-09-03T01:45:00,215.91
2026-09-03T01:50:00,131.02
2026-09-03T01:55:00,226.41
2026-09-03T02:00:00,218.16
2026-09-03T02:05:00,217.47
2026-09-03T02:10:00,221.56
2026-09-03T02:15:00,219.52
2026-09-03T02:20:00,238.03
2026-09-03T02:25:00,141.53
2026-09-03T02:30:00,220.74
2026-09-03T02:35:00,236.75
2026-09-03T02:40:00,219.24
2026-09-03T02:45:00,222.64
2026-09-03T02:50:00,229.35
2026-09-03T02:55:00,228.06
2026-09-03T03:00:00,136.22
2026-09-03T03:05:00,132.64
2026-09-03T03:10:00,136.24
2026-09-03T03:15:00,135.54
2026-09-03T03:20:00,131.36
2026-09-03T03:25:00,133.83
2026-09-03T03:30:00,135.97
2026-09-03T03:35:00,134.03
2026-09-03T03:40:00,151.6
2026-09-03T03:45:00,152.41
2026-09-03T03:50:00,137.54
2026-09-03T03:55:00,140.17
2026-09-03T04:00:00,138.72
2026-09-03T04:05:00,137.1
2026-09-03T04:10:00,134.4
2026-09-03T04:15:00,230.3
2026-09-03T04:20:00,228.5
2026-09-03T04:25:00,222.12
2026-09-03T04:30:00,227.33
2026-09-03T04:35:00,136.87
2026-09-03T04:40:00,136.61
2026-09-03T04:45:00,136.41
2026-09-03T04:50:00,140.11
2026-09-03T04:55:00,137.97
2026-09-03T05:00:00,141.99
2026-09-03T05:05:00,228.02
2026-09-03T05:10:00,227.48
2026-09-03T05:15:00,245.24
2026-09-03T05:20:00,249.48
2026-09-03T05:25:00,146.33
2026-09-03T05:30:00,136.43
2026-09-03T05:35:00,148.97
2026-09-03T05:40:00,157.64
2026-09-03T05:45:00,139.84
2026-09-03T05:50:00,150.99
2026-09-03T05:55:00,157.29
2026-09-03T06:00:00,145.45
2026-09-03T06:05:00,138.64
2026-09-03T06:10:00,157.43
2026-09-03T06:15:00,151.93
2026-09-03T06:20:00,247.89
2026-09-03T06:25:00,230.58
2026-09-03T06:30:00,242.3
2026-09-03T06:35:00,246.3
2026-09-03T06:40:00,243.62
2026-09-03T06:45:00,230.21
2026-09-03T06:50:00,222.9
2026-09-03T06:55:00,136.82
2026-09-03T07:00:00,136.7
2026-09-03T07:05:00,134.56
2026-09-03T07:10:00,154.74
2026-09-03T07:15:00,151.62
2026-09-03T07:20:00,141.65
2026-09-03T07:25:00,137.39
2026-09-03T07:30:00,227.21
2026-09-03T07:35:00,228.84
2026-09-03T07:40:00,229.89
2026-09-03T07:45:00,227.92
2026-09-03T07:50:00,223.41
2026-09-03T07:55:00,135.04
2026-09-03T08:00:00,228.58
2026-09-03T08:05:00,227.79
2026-09-03T08:10:00,223.24
2026-09-03T08:15:00,228.87
2026-09-03T08:20:00,226.73
2026-09-03T08:25:00,136.81
2026-09-03T08:30:00,228.8
2026-09-03T08:35:00,223.21
2026-09-03T08:40:00,225.17
2026-09-03T08:45:00,222.8
2026-09-03T08:50:00,263.19
2026-09-03T08:55:00,261.73
2026-09-03T09:00:00,174.45
2026-09-03T09:05:00,172.99
2026-09-03T09:10:00,172.96
2026-09-03T09:15:00,176.92
2026-09-03T09:20:00,177.32
2026-09-03T09:25:00,172.19
2026-09-03T09:30:00,164.89
2026-09-03T09:35:00,222.75
2026-09-03T09:40:00,222.07
2026-09-03T09:45:00,221.91
2026-09-03T09:50:00,222.55
2026-09-03T09:55:00,215.78
2026-09-03T10:00:00,221.16
2026-09-03T10:05:00,214.99
2026-09-03T10:10:00,128.91
2026-09-03T10:15:00,221.74
2026-09-03T10:20:00,214.96
2026-09-03T10:25:00,212.39
2026-09-03T10:30:00,215.54
2026-09-03T10:35:00,126.37
2026-09-03T10:40:00,123.61
2026-09-03T10:45:00,130.83
2026-09-03T10:50:00,218.13
2026-09-03T10:55:00,218.31
2026-09-03T11:00:00,218.23
2026-09-03T11:05:00,212.74
2026-09-03T11:10:00,212.2
2026-09-03T11:15:00,216.49
2026-09-03T11:20:00,214.43
2026-09-03T11:25:00,119.25
2026-09-03T11:30:00,116.81
2026-09-03T11:35:00,126.33
2026-09-03T11:40:00,122.19
2026-09-03T11:45:00,121.13
2026-09-03T11:50:00,121.26
2026-09-03T11:55:00,113.84
2026-09-03T12:00:00,118.63
2026-09-03T12:05:00,119.17
2026-09-03T12:10:00,116.16
2026-09-03T12:15:00,123.27
2026-09-03T12:20:00,116.6
2026-09-03T12:25:00,113.89
2026-09-03T12:30:00,130.1
2026-09-03T12:35:00,134.76
2026-09-03T12:40:00,112.89
2026-09-03T12:45:00,133.61
2026-09-03T12:50:00,132.43
2026-09-03T12:55:00,118.01
2026-09-03T13:00:00,117.53
2026-09-03T13:05:00,129.74
2026-09-03T13:10:00,128.68
2026-09-03T13:15:00,117.08
2026-09-03T13:20:00,126.62
2026-09-03T13:25:00,121.01
2026-09-03T13:30:00,116.71
2026-09-03T13:35:00,114.15
2026-09-03T13:40:00,115.91
2026-09-03T13:45:00,115.58
2026-09-03T13:50:00,116.34
2026-09-03T13:55:00,109.35
2026-09-03T14:00:00,204.55
2026-09-03T14:05:00,195.96
2026-09-03T14:10:00,201.55
2026-09-03T14:15:00,199.7
2026-09-03T14:20:00,120.25
2026-09-03T14:25:00,121.69
2026-09-03T14:30:00,113.1
2026-09-03T14:35:00,103.41
2026-09-03T14:40:00,104.36
2026-09-03T14:45:00,112.87
2026-09-03T14:50:00,107.84
2026-09-03T14:55:00,102.27
2026-09-03T15:00:00,104.88
2026-09-03T15:05:00,107.82
2026-09-03T15:10:00,103.88
2026-09-03T15:15:00,116.19
2026-09-03T15:20:00,120.82
2026-09-03T15:25:00,107.82
2026-09-03T15:30:00,117.42
2026-09-03T15:35:00,120.39
2026-09-03T15:40:00,103.3
2026-09-03T15:45:00,194.33
2026-09-03T15:50:00,192.38
2026-09-03T15:55:00,189.37
2026-09-03T16:00:00,230.49
2026-09-03T16:05:00,142.24
2026-09-03T16:10:00,145.73
2026-09-03T16:15:00,146.18
2026-09-03T16:20:00,142.75
2026-09-03T16:25:00,230.24
2026-09-03T16:30:00,237.1
2026-09-03T16:35:00,234.1
2026-09-03T16:40:00,230.04
2026-09-03T16:45:00,236.57
2026-09-03T16:50:00,236.42
2026-09-03T16:55:00,236.38
2026-09-03T17:00:00,99.63
2026-09-03T17:05:00,105.69
2026-09-03T17:10:00,97.82
2026-09-03T17:15:00,113.7
2026-09-03T17:20:00,115.65
2026-09-03T17:25:00,100.36
2026-09-03T17:30:00,102.38
2026-09-03T17:35:00,100.35
2026-09-03T17:40:00,101.49
2026-09-03T17:45:00,104.44
2026-09-03T17:50:00,138.0
2026-09-03T17:55:00,138.71
2026-09-03T18:00:00,139.3
2026-09-03T18:05:00,139.98
2026-09-03T18:10:00,141.71
2026-09-03T18:15:00,139.49
2026-09-03T18:20:00,140.86
2026-09-03T18:25:00,141.0
2026-09-03T18:30:00,137.32
2026-09-03T18:35:00,141.38
2026-09-03T18:40:00,136.27
2026-09-03T18:45:00,141.0
2026-09-03T18:50:00,144.14
2026-09-03T18:55:00,91.96
2026-09-03T19:00:00,101.26
2026-09-03T19:05:00,103.43
2026-09-03T19:10:00,99.97
2026-09-03T19:15:00,96.62
2026-09-03T19:20:00,112.77
2026-09-03T19:25:00,117.36
2026-09-03T19:30:00,97.78
2026-09-03T19:35:00,103.44
2026-09-03T19:40:00,105.12
2026-09-03T19:45:00,105.88
2026-09-03T19:50:00,104.07
2026-09-03T19:55:00,102.54
2026-09-03T20:00:00,95.18
2026-09-03T20:05:00,103.8
2026-09-03T20:10:00,190.78
2026-09-03T20:15:00,193.27
2026-09-03T20:20:00,193.65
2026-09-03T20:25:00,101.3
2026-09-03T20:30:00,99.92
2026-09-03T20:35:00,115.58
2026-09-03T20:40:00,118.47
2026-09-03T20:45:00,141.33
2026-09-03T20:50:00,141.74
2026-09-03T20:55:00,145.47
2026-09-03T21:00:00,148.81
2026-09-03T21:05:00,237.82
2026-09-03T21:10:00,232.5
2026-09-03T21:15:00,235.28
2026-09-03T21:20:00,241.31
2026-09-03T21:25:00,239.97
2026-09-03T21:30:00,240.34
2026-09-03T21:35:00,148.15
2026-09-03T21:40:00,237.87
2026-09-03T21:45:00,241.15
2026-09-03T21:50:00,236.9
2026-09-03T21:55:00,205.1
2026-09-03T22:00:00,199.77
2026-09-03T22:05:00,201.21
2026-09-03T22:10:00,111.99
2026-09-03T22:15:00,111.07
2026-09-03T22:20:00,117.12
2026-09-03T22:25:00,109.97
2026-09-03T22:30:00,116.02
2026-09-03T22:35:00,106.1
2026-09-03T22:40:00,125.61
2026-09-03T22:45:00,133.27
2026-09-03T22:50:00,114.21
2026-09-03T22:55:00,125.13
2026-09-03T23:00:00,130.3
2026-09-03T23:05:00,112.94
2026-09-03T23:10:00,117.17
2026-09-03T23:15:00,118.71
2026-09-03T23:20:00,114.63
2026-09-03T23:25:00,116.95
2026-09-03T23:30:00,121.06
2026-09-03T23:35:00,117.29
2026-09-03T23:40:00,115.68
2026-09-03T23:45:00,120.84
2026-09-03T23:50:00,118.82
2026-09-03T23:55:00,134.3
2026-09-04T00:00:00,132.1
2026-09-04T00:05:00,120.43
2026-09-04T00:10:00,161.04
2026-09-04T00:15:00,157.75
2026-09-04T00:20:00,161.92
2026-09-04T00:25:00,174.08
2026-09-04T00:30:00,164.12
2026-09-04T00:35:00,157.4
2026-09-04T00:40:00,177.89
2026-09-04T00:45:00,180.06
2026-09-04T00:50:00,165.17
2026-09-04T00:55:00,178.53
2026-09-04T01:00:00,181.01
2026-09-04T01:05:00,162.23
2026-09-04T01:10:00,167.36
2026-09-04T01:15:00,128.43
2026-09-04T01:20:00,166.21
2026-09-04T01:25:00,167.87
2026-09-04T01:30:00,170.45
2026-09-04T01:35:00,167.25
2026-09-04T01:40:00,270.8
2026-09-04T01:45:00,273.79
2026-09-04T01:50:00,264.26
2026-09-04T01:55:00,276.89
2026-09-04T02:00:00,185.45
2026-09-04T02:05:00,165.18
2026-09-04T02:10:00,186.33
2026-09-04T02:15:00,183.44
2026-09-04T02:20:00,185.86
2026-09-04T02:25:00,136.64
2026-09-04T02:30:00,144.09
2026-09-04T02:35:00,133.44
2026-09-04T02:40:00,134.64
2026-09-04T02:45:00,236.83
2026-09-04T02:50:00,276.82
2026-09-04T02:55:00,261.26
2026-09-04T03:00:00,280.43
2026-09-04T03:05:00,284.44
2026-09-04T03:10:00,174.3
2026-09-04T03:15:00,190.18
2026-09-04T03:20:00,173.91
2026-09-04T03:25:00,178.59
2026-09-04T03:30:00,175.95
2026-09-04T03:35:00,132.05
2026-09-04T03:40:00,134.36
2026-09-04T03:45:00,126.68
2026-09-04T03:50:00,143.15
2026-09-04T03:55:00,137.66
2026-09-04T04:00:00,135.08
2026-09-04T04:05:00,134.14
2026-09-04T04:10:00,140.12
2026-09-04T04:15:00,178.54
2026-09-04T04:20:00,174.03
2026-09-04T04:25:00,184.44
2026-09-04T04:30:00,175.55
2026-09-04T04:35:00,174.82
2026-09-04T04:40:00,180.38
2026-09-04T04:45:00,182.72
2026-09-04T04:50:00,175.56
2026-09-04T04:55:00,178.91
2026-09-04T05:00:00,177.93
2026-09-04T05:05:00,178.45
2026-09-04T05:10:00,139.33
2026-09-04T05:15:00,138.07
2026-09-04T05:20:00,138.21
2026-09-04T05:25:00,142.14
2026-09-04T05:30:00,137.64
2026-09-04T05:35:00,139.06
2026-09-04T05:40:00,142.83
2026-09-04T05:45:00,142.97
2026-09-04T05:50:00,140.07
2026-09-04T05:55:00,139.75
2026-09-04T06:00:00,137.97
2026-09-04T06:05:00,143.81
2026-09-04T06:10:00,137.65
2026-09-04T06:15:00,153.88
2026-09-04T06:20:00,155.77
2026-09-04T06:25:00,143.64
2026-09-04T06:30:00,227.68
2026-09-04T06:35:00,232.18
2026-09-04T06:40:00,233.78
2026-09-04T06:45:00,135.24
2026-09-04T06:50:00,139.72
2026-09-04T06:55:00,144.54
2026-09-04T07:00:00,138.29
2026-09-04T07:05:00,140.8
2026-09-04T07:10:00,137.16
2026-09-04T07:15:00,232.53
2026-09-04T07:20:00,233.07
2026-09-04T07:25:00,225.24
2026-09-04T07:30:00,228.17
2026-09-04T07:35:00,239.95
2026-09-04T07:40:00,244.54
2026-09-04T07:45:00,138.15
2026-09-04T07:50:00,228.57
2026-09-04T07:55:00,221.57
2026-09-04T08:00:00,227.23
2026-09-04T08:05:00,136.4
2026-09-04T08:10:00,154.3
2026-09-04T08:15:00,152.89
2026-09-04T08:20:00,228.36
2026-09-04T08:25:00,232.57
2026-09-04T08:30:00,220.94
2026-09-04T08:35:00,225.25
2026-09-04T08:40:00,246.51
2026-09-04T08:45:00,145.94
2026-09-04T08:50:00,136.31
2026-09-04T08:55:00,153.11
2026-09-04T09:00:00,146.05
2026-09-04T09:05:00,136.16
2026-09-04T09:10:00,131.7
2026-09-04T09:15:00,134.89
2026-09-04T09:20:00,133.98
2026-09-04T09:25:00,133.4
2026-09-04T09:30:00,131.76
2026-09-04T09:35:00,221.8
2026-09-04T09:40:00,220.61
2026-09-04T09:45:00,263.21
2026-09-04T09:50:00,268.55
2026-09-04T09:55:00,273.51
2026-09-04T10:00:00,168.11
2026-09-04T10:05:00,172.05
2026-09-04T10:10:00,167.93
2026-09-04T10:15:00,166.28
2026-09-04T10:20:00,165.89
2026-09-04T10:25:00,170.11
2026-09-04T10:30:00,166.8
2026-09-04T10:35:00,169.59
2026-09-04T10:40:00,258.2
2026-09-04T10:45:00,256.03
2026-09-04T10:50:00,255.45
2026-09-04T10:55:00,220.43
2026-09-04T11:00:00,121.31
2026-09-04T11:05:00,213.89
2026-09-04T11:10:00,218.71
2026-09-04T11:15:00,231.72
2026-09-04T11:20:00,208.33
2026-09-04T11:25:00,209.23
2026-09-04T11:30:00,214.44
2026-09-04T11:35:00,125.56
2026-09-04T11:40:00,122.7
2026-09-04T11:45:00,123.88
2026-09-04T11:50:00,118.15
2026-09-04T11:55:00,121.65
2026-09-04T12:00:00,119.2
2026-09-04T12:05:00,117.47
2026-09-04T12:10:00,127.78
2026-09-04T12:15:00,120.75
2026-09-04T12:20:00,118.92
2026-09-04T12:25:00,129.39
2026-09-04T12:30:00,174.3
2026-09-04T12:35:00,153.76
2026-09-04T12:40:00,154.21
2026-09-04T12:45:00,169.85
2026-09-04T12:50:00,168.26
2026-09-04T12:55:00,151.25
2026-09-04T13:00:00,150.33
2026-09-04T13:05:00,157.5
2026-09-04T13:10:00,160.49
2026-09-04T13:15:00,147.91
2026-09-04T13:20:00,152.55
2026-09-04T13:25:00,118.48
2026-09-04T13:30:00,110.48
2026-09-04T13:35:00,202.96
2026-09-04T13:40:00,198.59
2026-09-04T13:45:00,199.33
2026-09-04T13:50:00,202.18
2026-09-04T13:55:00,201.15
2026-09-04T14:00:00,215.01
2026-09-04T14:05:00,124.99
2026-09-04T14:10:00,107.4
2026-09-04T14:15:00,108.83
2026-09-04T14:20:00,111.8
2026-09-04T14:25:00,106.91
2026-09-04T14:30:00,108.38
2026-09-04T14:35:00,108.31
2026-09-04T14:40:00,103.83
2026-09-04T14:45:00,108.35
2026-09-04T14:50:00,103.03
2026-09-04T14:55:00,109.32
2026-09-04T15:00:00,109.05
2026-09-04T15:05:00,101.87
2026-09-04T15:10:00,104.04
2026-09-04T15:15:00,103.55
2026-09-04T15:20:00,109.3
2026-09-04T15:25:00,118.17
2026-09-04T15:30:00,106.09
2026-09-04T15:35:00,117.23
2026-09-04T15:40:00,117.46
2026-09-04T15:45:00,120.49
2026-09-04T15:50:00,107.29
2026-09-04T15:55:00,115.32
2026-09-04T16:00:00,116.31
2026-09-04T16:05:00,101.87
2026-09-04T16:10:00,101.99
2026-09-04T16:15:00,106.07
2026-09-04T16:20:00,99.73
2026-09-04T16:25:00,99.96
2026-09-04T16:30:00,98.28
2026-09-04T16:35:00,101.85
2026-09-04T16:40:00,95.86
2026-09-04T16:45:00,101.32
2026-09-04T16:50:00,99.08
2026-09-04T16:55:00,100.45
2026-09-04T17:00:00,95.48
2026-09-04T17:05:00,99.46
2026-09-04T17:10:00,188.87
2026-09-04T17:15:00,191.1
2026-09-04T17:20:00,194.37
2026-09-04T17:25:00,187.61
2026-09-04T17:30:00,189.5
2026-09-04T17:35:00,188.97
2026-09-04T17:40:00,188.11
2026-09-04T17:45:00,97.74
2026-09-04T17:50:00,189.92
2026-09-04T17:55:00,186.58
2026-09-04T18:00:00,192.88
2026-09-04T18:05:00,185.36
2026-09-04T18:10:00,185.69
2026-09-04T18:15:00,98.94
2026-09-04T18:20:00,110.47
2026-09-04T18:25:00,99.72
2026-09-04T18:30:00,104.09
2026-09-04T18:35:00,99.55
2026-09-04T18:40:00,104.54
2026-09-04T18:45:00,100.66
2026-09-04T18:50:00,98.55
2026-09-04T18:55:00,114.83
2026-09-04T19:00:00,114.48
2026-09-04T19:05:00,115.01
2026-09-04T19:10:00,105.77
2026-09-04T19:15:00,116.89
2026-09-04T19:20:00,120.5
2026-09-04T19:25:00,103.43
2026-09-04T19:30:00,101.95
2026-09-04T19:35:00,101.54
2026-09-04T19:40:00,103.94
2026-09-04T19:45:00,102.0
2026-09-04T19:50:00,103.13
2026-09-04T19:55:00,104.16
2026-09-04T20:00:00,103.04
2026-09-04T20:05:00,99.69
2026-09-04T20:10:00,103.19
2026-09-04T20:15:00,106.1
2026-09-04T20:20:00,117.75
2026-09-04T20:25:00,119.38
2026-09-04T20:30:00,191.36
2026-09-04T20:35:00,211.54
2026-09-04T20:40:00,215.98
2026-09-04T20:45:00,105.69
2026-09-04T20:50:00,103.02
2026-09-04T20:55:00,191.67
2026-09-04T21:00:00,207.31
2026-09-04T21:05:00,209.32
2026-09-04T21:10:00,198.83
2026-09-04T21:15:00,197.88
2026-09-04T21:20:00,122.66
2026-09-04T21:25:00,209.18
2026-09-04T21:30:00,197.96
2026-09-04T21:35:00,197.33
2026-09-04T21:40:00,200.75
2026-09-04T21:45:00,217.02
2026-09-04T21:50:00,119.56
2026-09-04T21:55:00,198.1
2026-09-04T22:00:00,196.84
2026-09-04T22:05:00,194.86
2026-09-04T22:10:00,203.3
2026-09-04T22:15:00,106.59
2026-09-04T22:20:00,243.65
2026-09-04T22:25:00,246.31
2026-09-04T22:30:00,240.38
2026-09-04T22:35:00,243.07
2026-09-04T22:40:00,238.23
2026-09-04T22:45:00,155.17
2026-09-04T22:50:00,152.1
2026-09-04T22:55:00,175.59
2026-09-04T23:00:00,174.09
2026-09-04T23:05:00,156.69
2026-09-04T23:10:00,157.98
2026-09-04T23:15:00,153.99
2026-09-04T23:20:00,118.91
2026-09-04T23:25:00,112.72
2026-09-04T23:30:00,121.27
2026-09-04T23:35:00,115.54
2026-09-04T23:40:00,120.5
2026-09-04T23:45:00,226.96
2026-09-04T23:50:00,234.41
2026-09-04T23:55:00,251.73
2026-09-05T00:00:00,247.35
2026-09-05T00:05:00,251.18
2026-09-05T00:10:00,252.29
2026-09-05T00:15:00,247.94
2026-09-05T00:20:00,158.6
2026-09-05T00:25:00,160.75
2026-09-05T00:30:00,165.5
2026-09-05T00:35:00,163.27
2026-09-05T00:40:00,161.68
2026-09-05T00:45:00,161.55
2026-09-05T00:50:00,161.8
2026-09-05T00:55:00,125.56
2026-09-05T01:00:00,124.97
2026-09-05T01:05:00,126.32
2026-09-05T01:10:00,233.17
2026-09-05T01:15:00,218.06
2026-09-05T01:20:00,218.6
2026-09-05T01:25:00,217.71
2026-09-05T01:30:00,217.49
2026-09-05T01:35:00,124.13
2026-09-05T01:40:00,132.54
2026-09-05T01:45:00,130.38
2026-09-05T01:50:00,151.04
2026-09-05T01:55:00,128.68
2026-09-05T02:00:00,128.59
2026-09-05T02:05:00,221.97
2026-09-05T02:10:00,221.46
2026-09-05T02:15:00,216.67
2026-09-05T02:20:00,223.99
2026-09-05T02:25:00,226.22
2026-09-05T02:30:00,241.9
2026-09-05T02:35:00,149.09
2026-09-05T02:40:00,222.02
2026-09-05T02:45:00,218.65
2026-09-05T02:50:00,226.13
2026-09-05T02:55:00,220.46
2026-09-05T03:00:00,223.25
2026-09-05T03:05:00,130.14
2026-09-05T03:10:00,131.48
2026-09-05T03:15:00,135.09
2026-09-05T03:20:00,136.49
2026-09-05T03:25:00,139.33
2026-09-05T03:30:00,141.11
2026-09-05T03:35:00,132.54
2026-09-05T03:40:00,133.41
2026-09-05T03:45:00,153.03
2026-09-05T03:50:00,138.73
2026-09-05T03:55:00,141.81
2026-09-05T04:00:00,139.37
2026-09-05T04:05:00,156.62
2026-09-05T04:10:00,147.44
2026-09-05T04:15:00,140.74
2026-09-05T04:20:00,137.94
2026-09-05T04:25:00,137.52
2026-09-05T04:30:00,142.79
2026-09-05T04:35:00,148.49
2026-09-05T04:40:00,154.79
2026-09-05T04:45:00,233.04
2026-09-05T04:50:00,226.73
2026-09-05T04:55:00,229.49
2026-09-05T05:00:00,230.85
2026-09-05T05:05:00,224.9
2026-09-05T05:10:00,226.69
2026-09-05T05:15:00,136.7
2026-09-05T05:20:00,245.95
2026-09-05T05:25:00,230.5
2026-09-05T05:30:00,249.27
2026-09-05T05:35:00,247.45
2026-09-05T05:40:00,244.1
2026-09-05T05:45:00,138.22
2026-09-05T05:50:00,154.2
2026-09-05T05:55:00,155.09
2026-09-05T06:00:00,139.06
2026-09-05T06:05:00,152.19
2026-09-05T06:10:00,158.07
2026-09-05T06:15:00,142.48
2026-09-05T06:20:00,143.99
2026-09-05T06:25:00,137.37
2026-09-05T06:30:00,138.59
2026-09-05T06:35:00,136.13
2026-09-05T06:40:00,140.69
2026-09-05T06:45:00,135.67
2026-09-05T06:50:00,138.62
2026-09-05T06:55:00,140.9
2026-09-05T07:00:00,140.83
2026-09-05T07:05:00,157.69
2026-09-05T07:10:00,156.81
2026-09-05T07:15:00,135.71
2026-09-05T07:20:00,148.97
2026-09-05T07:25:00,134.18
2026-09-05T07:30:00,138.14
2026-09-05T07:35:00,136.81
2026-09-05T07:40:00,142.65
2026-09-05T07:45:00,134.91
2026-09-05T07:50:00,140.74
2026-09-05T07:55:00,142.23
2026-09-05T08:00:00,138.96
2026-09-05T08:05:00,134.8
2026-09-05T08:10:00,134.68
2026-09-05T08:15:00,139.94
2026-09-05T08:20:00,136.36
2026-09-05T08:25:00,132.34
2026-09-05T08:30:00,137.96
2026-09-05T08:35:00,136.07
2026-09-05T08:40:00,136.17
2026-09-05T08:45:00,133.72
2026-09-05T08:50:00,135.95
2026-09-05T08:55:00,136.27
2026-09-05T09:00:00,131.03
2026-09-05T09:05:00,136.41
2026-09-05T09:10:00,132.24
2026-09-05T09:15:00,133.64
2026-09-05T09:20:00,147.29
2026-09-05T09:25:00,129.8
2026-09-05T09:30:00,128.66
2026-09-05T09:35:00,130.13
2026-09-05T09:40:00,132.89
2026-09-05T09:45:00,134.95
2026-09-05T09:50:00,130.71
2026-09-05T09:55:00,135.94
2026-09-05T10:00:00,131.55
2026-09-05T10:05:00,147.84
2026-09-05T10:10:00,141.35
2026-09-05T10:15:00,125.57
2026-09-05T10:20:00,225.95
2026-09-05T10:25:00,220.79
2026-09-05T10:30:00,215.95
2026-09-05T10:35:00,216.29
2026-09-05T10:40:00,213.69
2026-09-05T10:45:00,222.34
2026-09-05T10:50:00,223.5
2026-09-05T10:55:00,124.62
2026-09-05T11:00:00,126.07
2026-09-05T11:05:00,128.06
2026-09-05T11:10:00,142.57
2026-09-05T11:15:00,136.34
2026-09-05T11:20:00,125.78
2026-09-05T11:25:00,123.95
2026-09-05T11:30:00,141.18
2026-09-05T11:35:00,137.81
2026-09-05T11:40:00,125.12
2026-09-05T11:45:00,122.02
2026-09-05T11:50:00,122.96
2026-09-05T11:55:00,116.06
2026-09-05T12:00:00,119.16
2026-09-05T12:05:00,117.98
2026-09-05T12:10:00,117.16
2026-09-05T12:15:00,128.01
2026-09-05T12:20:00,134.07
2026-09-05T12:25:00,118.37
2026-09-05T12:30:00,128.51
2026-09-05T12:35:00,126.9
2026-09-05T12:40:00,116.34
2026-09-05T12:45:00,118.13
2026-09-05T12:50:00,114.32
2026-09-05T12:55:00,119.07
2026-09-05T13:00:00,114.08
2026-09-05T13:05:00,130.22
2026-09-05T13:10:00,129.04
2026-09-05T13:15:00,111.44
2026-09-05T13:20:00,118.05
2026-09-05T13:25:00,110.81
2026-09-05T13:30:00,109.66
2026-09-05T13:35:00,116.14
2026-09-05T13:40:00,113.87
2026-09-05T13:45:00,126.53
2026-09-05T13:50:00,109.95
2026-09-05T13:55:00,116.47
2026-09-05T14:00:00,107.5
2026-09-05T14:05:00,107.74
2026-09-05T14:10:00,113.29
2026-09-05T14:15:00,108.8
2026-09-05T14:20:00,105.24
2026-09-05T14:25:00,108.09
2026-09-05T14:30:00,101.48
2026-09-05T14:35:00,102.21
2026-09-05T14:40:00,108.37
2026-09-05T14:45:00,108.62
2026-09-05T14:50:00,194.27
2026-09-05T14:55:00,210.3
2026-09-05T15:00:00,199.74
2026-09-05T15:05:00,115.18
2026-09-05T15:10:00,215.66
2026-09-05T15:15:00,198.22
2026-09-05T15:20:00,209.83
2026-09-05T15:25:00,251.07
2026-09-05T15:30:00,231.57
2026-09-05T15:35:00,233.09
2026-09-05T15:40:00,141.21
2026-09-05T15:45:00,147.63
2026-09-05T15:50:00,232.2
2026-09-05T15:55:00,232.67
2026-09-05T16:00:00,226.07
2026-09-05T16:05:00,232.67
2026-09-05T16:10:00,248.1
2026-09-05T16:15:00,251.61
2026-09-05T16:20:00,230.69
2026-09-05T16:25:00,154.56
2026-09-05T16:30:00,114.95
2026-09-05T16:35:00,190.82
2026-09-05T16:40:00,203.91
2026-09-05T16:45:00,200.67
2026-09-05T16:50:00,187.33
2026-09-05T16:55:00,205.65
2026-09-05T17:00:00,206.78
2026-09-05T17:05:00,96.63
2026-09-05T17:10:00,95.68
2026-09-05T17:15:00,101.43
2026-09-05T17:20:00,99.11
2026-09-05T17:25:00,100.26
2026-09-05T17:30:00,187.4
2026-09-05T17:35:00,192.22
2026-09-05T17:40:00,184.61
2026-09-05T17:45:00,101.45
2026-09-05T17:50:00,115.37
2026-09-05T17:55:00,113.23
2026-09-05T18:00:00,135.32
2026-09-05T18:05:00,140.52
2026-09-05T18:10:00,143.96
2026-09-05T18:15:00,139.65
2026-09-05T18:20:00,139.9
2026-09-05T18:25:00,142.96
2026-09-05T18:30:00,132.4
2026-09-05T18:35:00,135.2
2026-09-05T18:40:00,156.1
2026-09-05T18:45:00,165.76
2026-09-05T18:50:00,136.28
2026-09-05T18:55:00,146.74
2026-09-05T19:00:00,139.81
2026-09-05T19:05:00,144.38
2026-09-05T19:10:00,142.82
2026-09-05T19:15:00,143.1
2026-09-05T19:20:00,140.23
2026-09-05T19:25:00,99.02
2026-09-05T19:30:00,113.54
2026-09-05T19:35:00,119.73
2026-09-05T19:40:00,101.72
2026-09-05T19:45:00,98.34
2026-09-05T19:50:00,99.13
2026-09-05T19:55:00,116.7
2026-09-05T20:00:00,119.06
2026-09-05T20:05:00,99.34
2026-09-05T20:10:00,115.26
2026-09-05T20:15:00,122.23
2026-09-05T20:20:00,107.08
2026-09-05T20:25:00,109.18
2026-09-05T20:30:00,112.46
2026-09-05T20:35:00,100.55
2026-09-05T20:40:00,124.81
2026-09-05T20:45:00,104.84
2026-09-05T20:50:00,104.88
2026-09-05T20:55:00,107.69
2026-09-05T21:00:00,99.02
2026-09-05T21:05:00,103.41
2026-09-05T21:10:00,107.73
2026-09-05T21:15:00,105.62
2026-09-05T21:20:00,104.4
2026-09-05T21:25:00,107.67
2026-09-05T21:30:00,117.58
2026-09-05T21:35:00,119.52
2026-09-05T21:40:00,113.58
2026-09-05T21:45:00,109.82
2026-09-05T21:50:00,111.44
2026-09-05T21:55:00,107.88
2026-09-05T22:00:00,114.28
2026-09-05T22:05:00,111.37
2026-09-05T22:10:00,111.11
2026-09-05T22:15:00,115.18
2026-09-05T22:20:00,111.74
2026-09-05T22:25:00,103.95
2026-09-05T22:30:00,204.23
2026-09-05T22:35:00,201.71
2026-09-05T22:40:00,201.94
2026-09-05T22:45:00,195.64
2026-09-05T22:50:00,210.37
2026-09-05T22:55:00,202.19
2026-09-05T23:00:00,112.83
2026-09-05T23:05:00,110.43
2026-09-05T23:10:00,112.46
2026-09-05T23:15:00,115.29
2026-09-05T23:20:00,121.26
2026-09-05T23:25:00,120.26
2026-09-05T23:30:00,122.7
2026-09-05T23:35:00,125.75
2026-09-05T23:40:00,113.76
2026-09-05T23:45:00,139.66
2026-09-05T23:50:00,227.71
2026-09-05T23:55:00,211.28
2026-09-06T00:00:00,208.67
2026-09-06T00:05:00,208.61
2026-09-06T00:10:00,214.26
2026-09-06T00:15:00,116.39
2026-09-06T00:20:00,138.41
2026-09-06T00:25:00,140.57
2026-09-06T00:30:00,124.55
2026-09-06T00:35:00,124.73
2026-09-06T00:40:00,122.84
2026-09-06T00:45:00,121.83
2026-09-06T00:50:00,212.43
2026-09-06T00:55:00,217.19
2026-09-06T01:00:00,220.78
2026-09-06T01:05:00,214.38
2026-09-06T01:10:00,126.07
2026-09-06T01:15:00,214.4
2026-09-06T01:20:00,217.41
2026-09-06T01:25:00,221.12
2026-09-06T01:30:00,219.41
2026-09-06T01:35:00,125.35
2026-09-06T01:40:00,148.51
2026-09-06T01:45:00,141.07
2026-09-06T01:50:00,127.67
2026-09-06T01:55:00,126.46
2026-09-06T02:00:00,127.01
2026-09-06T02:05:00,131.51
2026-09-06T02:10:00,133.62
2026-09-06T02:15:00,142.64
2026-09-06T02:20:00,145.88
2026-09-06T02:25:00,130.69
2026-09-06T02:30:00,144.11
2026-09-06T02:35:00,154.93
2026-09-06T02:40:00,223.26
2026-09-06T02:45:00,216.93
2026-09-06T02:50:00,227.44
2026-09-06T02:55:00,135.37
2026-09-06T03:00:00,136.01
2026-09-06T03:05:00,133.53
2026-09-06T03:10:00,134.69
2026-09-06T03:15:00,136.47
2026-09-06T03:20:00,133.17
2026-09-06T03:25:00,227.05
2026-09-06T03:30:00,225.83
2026-09-06T03:35:00,225.18
2026-09-06T03:40:00,225.27
2026-09-06T03:45:00,228.46
2026-09-06T03:50:00,155.75
2026-09-06T03:55:00,235.83
2026-09-06T04:00:00,229.26
2026-09-06T04:05:00,230.42
2026-09-06T04:10:00,226.4
2026-09-06T04:15:00,141.37
2026-09-06T04:20:00,232.33
2026-09-06T04:25:00,226.72
2026-09-06T04:30:00,230.4
2026-09-06T04:35:00,227.72
2026-09-06T04:40:00,229.71
2026-09-06T04:45:00,134.73
2026-09-06T04:50:00,155.83
2026-09-06T04:55:00,153.48
2026-09-06T05:00:00,137.25
2026-09-06T05:05:00,135.43
2026-09-06T05:10:00,139.86
2026-09-06T05:15:00,141.92
2026-09-06T05:20:00,138.03
2026-09-06T05:25:00,138.7
2026-09-06T05:30:00,139.69
2026-09-06T05:35:00,140.05
2026-09-06T05:40:00,140.48
2026-09-06T05:45:00,155.32
2026-09-06T05:50:00,159.68
2026-09-06T05:55:00,136.95
2026-09-06T06:00:00,139.49
2026-09-06T06:05:00,135.47
2026-09-06T06:10:00,142.66
2026-09-06T06:15:00,147.15
2026-09-06T06:20:00,139.96
2026-09-06T06:25:00,138.88
2026-09-06T06:30:00,139.62
2026-09-06T06:35:00,141.89
2026-09-06T06:40:00,142.83
2026-09-06T06:45:00,140.12
2026-09-06T06:50:00,137.94
2026-09-06T06:55:00,139.13
2026-09-06T07:00:00,142.14
2026-09-06T07:05:00,140.83
2026-09-06T07:10:00,138.94
2026-09-06T07:15:00,138.64
2026-09-06T07:20:00,146.83
2026-09-06T07:25:00,134.91
2026-09-06T07:30:00,143.25
2026-09-06T07:35:00,132.69
2026-09-06T07:40:00,226.36
2026-09-06T07:45:00,223.24
2026-09-06T07:50:00,229.0
2026-09-06T07:55:00,224.81
2026-09-06T08:00:00,273.67
2026-09-06T08:05:00,174.86
2026-09-06T08:10:00,262.47
2026-09-06T08:15:00,262.53
2026-09-06T08:20:00,269.78
2026-09-06T08:25:00,261.67
2026-09-06T08:30:00,266.36
2026-09-06T08:35:00,261.66
2026-09-06T08:40:00,172.99
2026-09-06T08:45:00,226.45
2026-09-06T08:50:00,224.85
2026-09-06T08:55:00,225.82
2026-09-06T09:00:00,224.83
2026-09-06T09:05:00,227.2
2026-09-06T09:10:00,223.71
2026-09-06T09:15:00,135.06
2026-09-06T09:20:00,133.75
2026-09-06T09:25:00,128.97
2026-09-06T09:30:00,137.7
2026-09-06T09:35:00,146.08
2026-09-06T09:40:00,149.74
2026-09-06T09:45:00,129.82
2026-09-06T09:50:00,217.05
2026-09-06T09:55:00,215.76
2026-09-06T10:00:00,234.73
2026-09-06T10:05:00,231.14
2026-09-06T10:10:00,222.65
2026-09-06T10:15:00,236.12
2026-09-06T10:20:00,144.59
2026-09-06T10:25:00,221.33
2026-09-06T10:30:00,232.52
2026-09-06T10:35:00,231.23
2026-09-06T10:40:00,226.43
2026-09-06T10:45:00,124.78
2026-09-06T10:50:00,127.0
2026-09-06T10:55:00,122.12
2026-09-06T11:00:00,122.42
2026-09-06T11:05:00,135.61
2026-09-06T11:10:00,143.48
2026-09-06T11:15:00,121.7
2026-09-06T11:20:00,123.99
2026-09-06T11:25:00,120.55
2026-09-06T11:30:00,137.71
2026-09-06T11:35:00,130.89
2026-09-06T11:40:00,122.77
2026-09-06T11:45:00,139.39
2026-09-06T11:50:00,131.9
2026-09-06T11:55:00,116.59
2026-09-06T12:00:00,132.45
2026-09-06T12:05:00,134.57
2026-09-06T12:10:00,117.05
2026-09-06T12:15:00,116.72
2026-09-06T12:20:00,118.95
2026-09-06T12:25:00,122.31
2026-09-06T12:30:00,119.22
2026-09-06T12:35:00,134.23
2026-09-06T12:40:00,136.06
2026-09-06T12:45:00,114.81
2026-09-06T12:50:00,112.79
2026-09-06T12:55:00,109.93
2026-09-06T13:00:00,113.96
2026-09-06T13:05:00,118.15
2026-09-06T13:10:00,111.09
2026-09-06T13:15:00,118.56
2026-09-06T13:20:00,129.61
2026-09-06T13:25:00,127.98
2026-09-06T13:30:00,198.6
2026-09-06T13:35:00,201.18
2026-09-06T13:40:00,197.24
2026-09-06T13:45:00,109.9
2026-09-06T13:50:00,113.93
2026-09-06T13:55:00,113.64
2026-09-06T14:00:00,110.43
2026-09-06T14:05:00,114.11
2026-09-06T14:10:00,108.99
2026-09-06T14:15:00,106.23
2026-09-06T14:20:00,112.44
2026-09-06T14:25:00,111.34
2026-09-06T14:30:00,103.8
2026-09-06T14:35:00,106.92
2026-09-06T14:40:00,111.57
2026-09-06T14:45:00,143.81
2026-09-06T14:50:00,144.9
2026-09-06T14:55:00,145.56
2026-09-06T15:00:00,150.39
2026-09-06T15:05:00,143.47
2026-09-06T15:10:00,146.48
2026-09-06T15:15:00,143.6
2026-09-06T15:20:00,145.18
2026-09-06T15:25:00,141.4
2026-09-06T15:30:00,150.0
2026-09-06T15:35:00,142.78
2026-09-06T15:40:00,141.4
2026-09-06T15:45:00,149.67
2026-09-06T15:50:00,142.84
2026-09-06T15:55:00,143.84
2026-09-06T16:00:00,149.11
2026-09-06T16:05:00,141.72
2026-09-06T16:10:00,103.83
2026-09-06T16:15:00,191.89
2026-09-06T16:20:00,198.18
2026-09-06T16:25:00,191.76
2026-09-06T16:30:00,197.3
2026-09-06T16:35:00,189.97
2026-09-06T16:40:00,98.52
2026-09-06T16:45:00,101.89
2026-09-06T16:50:00,101.88
2026-09-06T16:55:00,96.06
2026-09-06T17:00:00,101.63
2026-09-06T17:05:00,102.48
2026-09-06T17:10:00,93.96
2026-09-06T17:15:00,99.6
2026-09-06T17:20:00,103.19
2026-09-06T17:25:00,109.92
2026-09-06T17:30:00,100.65
2026-09-06T17:35:00,102.44
2026-09-06T17:40:00,102.26
2026-09-06T17:45:00,99.86
2026-09-06T17:50:00,97.49
2026-09-06T17:55:00,99.07
2026-09-06T18:00:00,100.52
2026-09-06T18:05:00,99.95
2026-09-06T18:10:00,98.32
2026-09-06T18:15:00,191.48
2026-09-06T18:20:00,188.98
2026-09-06T18:25:00,201.93
2026-09-06T18:30:00,205.42
2026-09-06T18:35:00,192.76
2026-09-06T18:40:00,99.03
2026-09-06T18:45:00,190.05
2026-09-06T18:50:00,191.21
2026-09-06T18:55:00,210.97
2026-09-06T19:00:00,205.46
2026-09-06T19:05:00,193.21
2026-09-06T19:10:00,101.41
2026-09-06T19:15:00,189.43
2026-09-06T19:20:00,189.52
2026-09-06T19:25:00,191.35
2026-09-06T19:30:00,99.7
2026-09-06T19:35:00,115.87
2026-09-06T19:40:00,120.37
2026-09-06T19:45:00,100.84
2026-09-06T19:50:00,116.82
2026-09-06T19:55:00,116.94
2026-09-06T20:00:00,101.2
2026-09-06T20:05:00,104.7
2026-09-06T20:10:00,105.08
2026-09-06T20:15:00,105.05
2026-09-06T20:20:00,100.68
2026-09-06T20:25:00,192.53
2026-09-06T20:30:00,198.98
2026-09-06T20:35:00,194.04
2026-09-06T20:40:00,198.42
2026-09-06T20:45:00,104.47
2026-09-06T20:50:00,104.83
2026-09-06T20:55:00,102.3
2026-09-06T21:00:00,105.04
2026-09-06T21:05:00,106.85
2026-09-06T21:10:00,116.08
2026-09-06T21:15:00,156.06
2026-09-06T21:20:00,236.81
2026-09-06T21:25:00,242.27
2026-09-06T21:30:00,241.6
2026-09-06T21:35:00,233.36
2026-09-06T21:40:00,236.28
2026-09-06T21:45:00,243.99
2026-09-06T21:50:00,152.46
2026-09-06T21:55:00,149.16
2026-09-06T22:00:00,150.61
2026-09-06T22:05:00,105.29
2026-09-06T22:10:00,154.01
2026-09-06T22:15:00,237.62
2026-09-06T22:20:00,264.15
2026-09-06T22:25:00,259.31
2026-09-06T22:30:00,244.77
2026-09-06T22:35:00,254.46
2026-09-06T22:40:00,169.65
2026-09-06T22:45:00,240.29
2026-09-06T22:50:00,245.9
2026-09-06T22:55:00,204.03
2026-09-06T23:00:00,206.1
2026-09-06T23:05:00,117.79
2026-09-06T23:10:00,203.81
2026-09-06T23:15:00,208.46
2026-09-06T23:20:00,205.04
2026-09-06T23:25:00,207.89
2026-09-06T23:30:00,111.79
2026-09-06T23:35:00,223.88
2026-09-06T23:40:00,226.4
2026-09-06T23:45:00,211.83
2026-09-06T23:50:00,226.75
2026-09-06T23:55:00,224.99
2026-09-07T00:00:00,208.68
2026-09-07T00:05:00,124.24
2026-09-07T00:10:00,119.42
2026-09-07T00:15:00,122.27
2026-09-07T00:20:00,123.23
2026-09-07T00:25:00,122.45
2026-09-07T00:30:00,120.58
2026-09-07T00:35:00,124.05
2026-09-07T00:40:00,209.78
2026-09-07T00:45:00,217.23
2026-09-07T00:50:00,213.31
2026-09-07T00:55:00,211.32
2026-09-07T01:00:00,126.03
2026-09-07T01:05:00,212.84
2026-09-07T01:10:00,218.41
2026-09-07T01:15:00,224.35
2026-09-07T01:20:00,223.56
2026-09-07T01:25:00,129.31
2026-09-07T01:30:00,212.33
2026-09-07T01:35:00,219.58
2026-09-07T01:40:00,217.78
2026-09-07T01:45:00,219.69
2026-09-07T01:50:00,220.91
2026-09-07T01:55:00,128.31
2026-09-07T02:00:00,128.43
2026-09-07T02:05:00,131.1
2026-09-07T02:10:00,216.19
2026-09-07T02:15:00,225.76
2026-09-07T02:20:00,218.91
2026-09-07T02:25:00,149.8
2026-09-07T02:30:00,133.93
2026-09-07T02:35:00,129.65
2026-09-07T02:40:00,131.96
2026-09-07T02:45:00,131.16
2026-09-07T02:50:00,131.09
2026-09-07T02:55:00,137.25
2026-09-07T03:00:00,133.18
2026-09-07T03:05:00,133.14
2026-09-07T03:10:00,131.62
2026-09-07T03:15:00,130.61
2026-09-07T03:20:00,135.95
2026-09-07T03:25:00,135.86
2026-09-07T03:30:00,136.63
2026-09-07T03:35:00,139.89
2026-09-07T03:40:00,134.7
2026-09-07T03:45:00,152.96
2026-09-07T03:50:00,138.49
2026-09-07T03:55:00,139.74
2026-09-07T04:00:00,135.44
2026-09-07T04:05:00,138.61
2026-09-07T04:10:00,137.73
2026-09-07T04:15:00,136.78
2026-09-07T04:20:00,133.83
2026-09-07T04:25:00,152.15
2026-09-07T04:30:00,158.53
2026-09-07T04:35:00,223.92
2026-09-07T04:40:00,226.62
2026-09-07T04:45:00,230.53
2026-09-07T04:50:00,228.4
2026-09-07T04:55:00,134.12
2026-09-07T05:00:00,135.56
2026-09-07T05:05:00,142.6
2026-09-07T05:10:00,136.47
2026-09-07T05:15:00,134.83
2026-09-07T05:20:00,135.32
2026-09-07T05:25:00,140.4
2026-09-07T05:30:00,138.84
2026-09-07T05:35:00,232.63
2026-09-07T05:40:00,226.43
2026-09-07T05:45:00,247.48
2026-09-07T05:50:00,224.37
2026-09-07T05:55:00,231.55
2026-09-07T06:00:00,141.68
2026-09-07T06:05:00,231.53
2026-09-07T06:10:00,235.7
2026-09-07T06:15:00,228.69
2026-09-07T06:20:00,246.99
2026-09-07T06:25:00,156.53
2026-09-07T06:30:00,228.68
2026-09-07T06:35:00,244.08
2026-09-07T06:40:00,243.07
2026-09-07T06:45:00,245.92
2026-09-07T06:50:00,230.24
2026-09-07T06:55:00,151.85
2026-09-07T07:00:00,155.14
2026-09-07T07:05:00,149.97
2026-09-07T07:10:00,148.4
2026-09-07T07:15:00,154.78
2026-09-07T07:20:00,153.22
2026-09-07T07:25:00,133.18
2026-09-07T07:30:00,247.05
2026-09-07T07:35:00,242.84
2026-09-07T07:40:00,226.17
2026-09-07T07:45:00,247.29
2026-09-07T07:50:00,237.95
2026-09-07T07:55:00,131.5
2026-09-07T08:00:00,229.05
2026-09-07T08:05:00,231.7
2026-09-07T08:10:00,242.56
2026-09-07T08:15:00,244.13
2026-09-07T08:20:00,136.32
2026-09-07T08:25:00,225.49
2026-09-07T08:30:00,227.48
2026-09-07T08:35:00,227.94
2026-09-07T08:40:00,226.12
2026-09-07T08:45:00,225.1
2026-09-07T08:50:00,224.08
2026-09-07T08:55:00,132.12
2026-09-07T09:00:00,229.44
2026-09-07T09:05:00,223.8
2026-09-07T09:10:00,225.7
2026-09-07T09:15:00,224.9
2026-09-07T09:20:00,215.13
2026-09-07T09:25:00,224.56
2026-09-07T09:30:00,129.33
2026-09-07T09:35:00,132.26
2026-09-07T09:40:00,132.6
2026-09-07T09:45:00,130.95
2026-09-07T09:50:00,131.47
2026-09-07T09:55:00,131.35
2026-09-07T10:00:00,128.54
2026-09-07T10:05:00,128.65
2026-09-07T10:10:00,127.21
2026-09-07T10:15:00,123.81
2026-09-07T10:20:00,123.9
2026-09-07T10:25:00,133.57
2026-09-07T10:30:00,127.77
2026-09-07T10:35:00,123.28
2026-09-07T10:40:00,140.04
2026-09-07T10:45:00,144.07
2026-09-07T10:50:00,130.86
2026-09-07T10:55:00,127.5
2026-09-07T11:00:00,126.23
2026-09-07T11:05:00,125.91
2026-09-07T11:10:00,122.09
2026-09-07T11:15:00,125.57
2026-09-07T11:20:00,125.39
2026-09-07T11:25:00,120.97
2026-09-07T11:30:00,129.31
2026-09-07T11:35:00,120.69
2026-09-07T11:40:00,121.42
2026-09-07T11:45:00,116.21
2026-09-07T11:50:00,120.12
2026-09-07T11:55:00,121.21
2026-09-07T12:00:00,122.93
2026-09-07T12:05:00,119.58
2026-09-07T12:10:00,118.38
2026-09-07T12:15:00,119.99
2026-09-07T12:20:00,115.1
2026-09-07T12:25:00,113.96
2026-09-07T12:30:00,112.62
2026-09-07T12:35:00,115.8
2026-09-07T12:40:00,113.36
2026-09-07T12:45:00,117.55
2026-09-07T12:50:00,208.76
2026-09-07T12:55:00,209.35
2026-09-07T13:00:00,200.52
2026-09-07T13:05:00,205.93
2026-09-07T13:10:00,208.65
2026-09-07T13:15:00,126.47
2026-09-07T13:20:00,127.7
2026-09-07T13:25:00,106.9
2026-09-07T13:30:00,114.98
2026-09-07T13:35:00,112.85
2026-09-07T13:40:00,114.26
2026-09-07T13:45:00,111.47
2026-09-07T13:50:00,113.0
2026-09-07T13:55:00,127.52
2026-09-07T14:00:00,126.88
2026-09-07T14:05:00,108.93
2026-09-07T14:10:00,107.3
2026-09-07T14:15:00,107.39
2026-09-07T14:20:00,111.21
2026-09-07T14:25:00,105.06
2026-09-07T14:30:00,109.02
2026-09-07T14:35:00,104.74
2026-09-07T14:40:00,118.0
2026-09-07T14:45:00,104.95
2026-09-07T14:50:00,193.8
2026-09-07T14:55:00,219.65
2026-09-07T15:00:00,212.99
2026-09-07T15:05:00,194.89
2026-09-07T15:10:00,208.81
2026-09-07T15:15:00,109.55
2026-09-07T15:20:00,117.55
2026-09-07T15:25:00,123.35
2026-09-07T15:30:00,107.32
2026-09-07T15:35:00,102.15
2026-09-07T15:40:00,104.64
2026-09-07T15:45:00,103.62
2026-09-07T15:50:00,103.32
2026-09-07T15:55:00,102.74
2026-09-07T16:00:00,190.55
2026-09-07T16:05:00,196.92
2026-09-07T16:10:00,190.53
2026-09-07T16:15:00,193.06
2026-09-07T16:20:00,100.17
2026-09-07T16:25:00,104.26
2026-09-07T16:30:00,101.25
2026-09-07T16:35:00,102.86
2026-09-07T16:40:00,93.14
2026-09-07T16:45:00,101.14
2026-09-07T16:50:00,101.64
2026-09-07T16:55:00,102.56
2026-09-07T17:00:00,99.25
2026-09-07T17:05:00,100.25
2026-09-07T17:10:00,102.34
2026-09-07T17:15:00,99.64
2026-09-07T17:20:00,99.03
2026-09-07T17:25:00,105.06
2026-09-07T17:30:00,115.62
2026-09-07T17:35:00,117.31
2026-09-07T17:40:00,103.27
2026-09-07T17:45:00,152.36
2026-09-07T17:50:00,157.25
2026-09-07T17:55:00,140.84
2026-09-07T18:00:00,225.51
2026-09-07T18:05:00,231.64
2026-09-07T18:10:00,246.41
2026-09-07T18:15:00,244.31
2026-09-07T18:20:00,231.08
2026-09-07T18:25:00,141.62
2026-09-07T18:30:00,142.96
2026-09-07T18:35:00,140.17
2026-09-07T18:40:00,227.27
2026-09-07T18:45:00,186.48
2026-09-07T18:50:00,195.7
2026-09-07T18:55:00,211.29
2026-09-07T19:00:00,207.04
2026-09-07T19:05:00,185.18
2026-09-07T19:10:00,102.54
2026-09-07T19:15:00,98.85
2026-09-07T19:20:00,100.1
2026-09-07T19:25:00,97.72
2026-09-07T19:30:00,105.29
2026-09-07T19:35:00,104.55
2026-09-07T19:40:00,101.36
2026-09-07T19:45:00,108.45
2026-09-07T19:50:00,114.48
2026-09-07T19:55:00,104.38
2026-09-07T20:00:00,104.35
2026-09-07T20:05:00,102.25
2026-09-07T20:10:00,107.55
2026-09-07T20:15:00,103.61
2026-09-07T20:20:00,100.2
2026-09-07T20:25:00,106.35
2026-09-07T20:30:00,104.98
2026-09-07T20:35:00,103.03
2026-09-07T20:40:00,99.96
2026-09-07T20:45:00,101.61
2026-09-07T20:50:00,103.36
2026-09-07T20:55:00,103.72
2026-09-07T21:00:00,105.71
2026-09-07T21:05:00,108.4
2026-09-07T21:10:00,107.08
2026-09-07T21:15:00,104.86
2026-09-07T21:20:00,126.67
2026-09-07T21:25:00,120.1
2026-09-07T21:30:00,105.78
2026-09-07T21:35:00,119.42
2026-09-07T21:40:00,121.88
2026-09-07T21:45:00,110.48
2026-09-07T21:50:00,110.93
2026-09-07T21:55:00,108.91
2026-09-07T22:00:00,122.68
2026-09-07T22:05:00,127.71
2026-09-07T22:10:00,123.43
2026-09-07T22:15:00,109.66
2026-09-07T22:20:00,112.3
2026-09-07T22:25:00,110.29
2026-09-07T22:30:00,112.24
2026-09-07T22:35:00,116.23
2026-09-07T22:40:00,113.97
2026-09-07T22:45:00,113.57
2026-09-07T22:50:00,108.1
2026-09-07T22:55:00,109.61
2026-09-07T23:00:00,114.29
2026-09-07T23:05:00,126.77
2026-09-07T23:10:00,133.66
2026-09-07T23:15:00,115.76
2026-09-07T23:20:00,128.45
2026-09-07T23:25:00,134.85
2026-09-07T23:30:00,119.7
2026-09-07T23:35:00,119.0
2026-09-07T23:40:00,115.41
2026-09-07T23:45:00,121.29
2026-09-07T23:50:00,116.0
2026-09-07T23:55:00,173.88
2026-09-08T00:00:00,177.57
2026-09-08T00:05:00,158.79
2026-09-08T00:10:00,175.81
2026-09-08T00:15:00,178.77
2026-09-08T00:20:00,162.63
2026-09-08T00:25:00,164.26
2026-09-08T00:30:00,164.07
2026-09-08T00:35:00,158.58
2026-09-08T00:40:00,166.19
2026-09-08T00:45:00,168.98
2026-09-08T00:50:00,130.73
2026-09-08T00:55:00,116.69
2026-09-08T01:00:00,215.39
2026-09-08T01:05:00,218.24
2026-09-08T01:10:00,232.12
2026-09-08T01:15:00,230.25
2026-09-08T01:20:00,230.6
2026-09-08T01:25:00,123.25
2026-09-08T01:30:00,218.67
2026-09-08T01:35:00,216.57
2026-09-08T01:40:00,215.26
2026-09-08T01:45:00,255.38
2026-09-08T01:50:00,257.99
2026-09-08T01:55:00,185.9
2026-09-08T02:00:00,185.15
2026-09-08T02:05:00,172.37
2026-09-08T02:10:00,185.33
2026-09-08T02:15:00,182.28
2026-09-08T02:20:00,168.87
2026-09-08T02:25:00,130.14
2026-09-08T02:30:00,132.39
2026-09-08T02:35:00,136.56
2026-09-08T02:40:00,217.72
2026-09-08T02:45:00,226.59
2026-09-08T02:50:00,227.27
2026-09-08T02:55:00,242.65
2026-09-08T03:00:00,241.07
2026-09-08T03:05:00,133.58
2026-09-08T03:10:00,147.3
2026-09-08T03:15:00,150.02
2026-09-08T03:20:00,138.16
2026-09-08T03:25:00,153.39
2026-09-08T03:30:00,149.6
2026-09-08T03:35:00,133.29
2026-09-08T03:40:00,136.82
2026-09-08T03:45:00,230.79
2026-09-08T03:50:00,226.34
2026-09-08T03:55:00,222.51
2026-09-08T04:00:00,230.12
2026-09-08T04:05:00,226.84
2026-09-08T04:10:00,135.57
2026-09-08T04:15:00,139.78
2026-09-08T04:20:00,136.76
2026-09-08T04:25:00,141.59
2026-09-08T04:30:00,137.65
2026-09-08T04:35:00,142.16
2026-09-08T04:40:00,139.9
2026-09-08T04:45:00,135.43
2026-09-08T04:50:00,229.22
2026-09-08T04:55:00,223.26
2026-09-08T05:00:00,231.38
2026-09-08T05:05:00,226.92
2026-09-08T05:10:00,222.5
2026-09-08T05:15:00,234.68
2026-09-08T05:20:00,146.78
2026-09-08T05:25:00,229.2
2026-09-08T05:30:00,245.82
2026-09-08T05:35:00,241.11
2026-09-08T05:40:00,228.61
2026-09-08T05:45:00,226.43
2026-09-08T05:50:00,143.97
2026-09-08T05:55:00,153.19
2026-09-08T06:00:00,153.19
2026-09-08T06:05:00,140.07
2026-09-08T06:10:00,140.4
2026-09-08T06:15:00,138.38
2026-09-08T06:20:00,137.59
2026-09-08T06:25:00,231.57
2026-09-08T06:30:00,226.81
2026-09-08T06:35:00,240.44
2026-09-08T06:40:00,248.15
2026-09-08T06:45:00,226.5
2026-09-08T06:50:00,231.06
2026-09-08T06:55:00,230.43
2026-09-08T07:00:00,155.69
2026-09-08T07:05:00,244.06
2026-09-08T07:10:00,227.55
2026-09-08T07:15:00,230.31
2026-09-08T07:20:00,222.6
2026-09-08T07:25:00,231.25
2026-09-08T07:30:00,231.79
2026-09-08T07:35:00,140.14
2026-09-08T07:40:00,222.41
2026-09-08T07:45:00,220.91
2026-09-08T07:50:00,226.58
2026-09-08T07:55:00,230.74
2026-09-08T08:00:00,222.42
2026-09-08T08:05:00,138.22
2026-09-08T08:10:00,229.68
2026-09-08T08:15:00,225.19
2026-09-08T08:20:00,224.56
2026-09-08T08:25:00,225.34
2026-09-08T08:30:00,228.98
2026-09-08T08:35:00,227.21
2026-09-08T08:40:00,142.46
2026-09-08T08:45:00,132.7
2026-09-08T08:50:00,139.71
2026-09-08T08:55:00,239.58
2026-09-08T09:00:00,244.76
2026-09-08T09:05:00,221.93
2026-09-08T09:10:00,226.13
2026-09-08T09:15:00,221.14
2026-09-08T09:20:00,226.91
2026-09-08T09:25:00,131.74
2026-09-08T09:30:00,226.6
2026-09-08T09:35:00,224.25
2026-09-08T09:40:00,222.0
2026-09-08T09:45:00,135.1
2026-09-08T09:50:00,130.56
2026-09-08T09:55:00,126.48
2026-09-08T10:00:00,127.07
2026-09-08T10:05:00,137.14
2026-09-08T10:10:00,130.04
2026-09-08T10:15:00,127.32
2026-09-08T10:20:00,131.06
2026-09-08T10:25:00,124.4
2026-09-08T10:30:00,128.57
2026-09-08T10:35:00,124.81
2026-09-08T10:40:00,129.34
2026-09-08T10:45:00,131.4
2026-09-08T10:50:00,129.84
2026-09-08T10:55:00,131.11
2026-09-08T11:00:00,122.1
2026-09-08T11:05:00,131.56
2026-09-08T11:10:00,123.53
2026-09-08T11:15:00,136.75
2026-09-08T11:20:00,138.93
2026-09-08T11:25:00,122.25
2026-09-08T11:30:00,124.48
2026-09-08T11:35:00,216.51
2026-09-08T11:40:00,206.89
2026-09-08T11:45:00,208.88
2026-09-08T11:50:00,214.46
2026-09-08T11:55:00,118.47
2026-09-08T12:00:00,114.04
2026-09-08T12:05:00,133.76
2026-09-08T12:10:00,118.42
2026-09-08T12:15:00,116.38
2026-09-08T12:20:00,118.94
2026-09-08T12:25:00,206.35
2026-09-08T12:30:00,204.4
2026-09-08T12:35:00,204.87
2026-09-08T12:40:00,208.88
2026-09-08T12:45:00,223.21
2026-09-08T12:50:00,130.31
2026-09-08T12:55:00,117.72
2026-09-08T13:00:00,113.86
2026-09-08T13:05:00,112.56
2026-09-08T13:10:00,150.7
2026-09-08T13:15:00,150.12
2026-09-08T13:20:00,143.84
2026-09-08T13:25:00,154.01
2026-09-08T13:30:00,153.92
2026-09-08T13:35:00,153.01
2026-09-08T13:40:00,148.2
2026-09-08T13:45:00,163.54
2026-09-08T13:50:00,165.99
2026-09-08T13:55:00,237.02
2026-09-08T14:00:00,199.06
2026-09-08T14:05:00,198.91
2026-09-08T14:10:00,202.96
2026-09-08T14:15:00,196.01
2026-09-08T14:20:00,194.81
2026-09-08T14:25:00,108.74
2026-09-08T14:30:00,106.33
2026-09-08T14:35:00,103.2
2026-09-08T14:40:00,199.62
2026-09-08T14:45:00,201.53
2026-09-08T14:50:00,193.64
2026-09-08T14:55:00,201.71
2026-09-08T15:00:00,199.68
2026-09-08T15:05:00,188.74
2026-09-08T15:10:00,192.71
2026-09-08T15:15:00,109.48
2026-09-08T15:20:00,104.79
2026-09-08T15:25:00,108.69
2026-09-08T15:30:00,107.8
2026-09-08T15:35:00,106.21
2026-09-08T15:40:00,144.94
2026-09-08T15:45:00,141.67
2026-09-08T15:50:00,139.69
2026-09-08T15:55:00,139.7
2026-09-08T16:00:00,145.91
2026-09-08T16:05:00,147.76
2026-09-08T16:10:00,144.94
2026-09-08T16:15:00,144.56
2026-09-08T16:20:00,138.34
2026-09-08T16:25:00,140.08
2026-09-08T16:30:00,106.47
2026-09-08T16:35:00,104.12
2026-09-08T16:40:00,99.97
2026-09-08T16:45:00,99.52
2026-09-08T16:50:00,100.48
2026-09-08T16:55:00,98.45
2026-09-08T17:00:00,98.87
2026-09-08T17:05:00,102.47
2026-09-08T17:10:00,116.97
2026-09-08T17:15:00,101.53
2026-09-08T17:20:00,98.25
2026-09-08T17:25:00,99.51
2026-09-08T17:30:00,99.05
2026-09-08T17:35:00,104.79
2026-09-08T17:40:00,98.71
2026-09-08T17:45:00,106.08
2026-09-08T17:50:00,116.39
2026-09-08T17:55:00,114.07
2026-09-08T18:00:00,101.52
2026-09-08T18:05:00,106.62
2026-09-08T18:10:00,118.39
2026-09-08T18:15:00,96.52
2026-09-08T18:20:00,116.7
2026-09-08T18:25:00,118.38
2026-09-08T18:30:00,103.31
2026-09-08T18:35:00,101.75
2026-09-08T18:40:00,100.87
2026-09-08T18:45:00,103.86
2026-09-08T18:50:00,99.73
2026-09-08T18:55:00,96.32
2026-09-08T19:00:00,109.88
2026-09-08T19:05:00,208.66
2026-09-08T19:10:00,208.9
2026-09-08T19:15:00,185.7
2026-09-08T19:20:00,203.74
2026-09-08T19:25:00,201.59
2026-09-08T19:30:00,99.84
2026-09-08T19:35:00,97.59
2026-09-08T19:40:00,99.33
2026-09-08T19:45:00,106.2
2026-09-08T19:50:00,96.83
2026-09-08T19:55:00,103.49
2026-09-08T20:00:00,100.88
2026-09-08T20:05:00,99.81
2026-09-08T20:10:00,116.92
2026-09-08T20:15:00,115.58
2026-09-08T20:20:00,106.83
2026-09-08T20:25:00,95.77
2026-09-08T20:30:00,102.53
2026-09-08T20:35:00,123.13
2026-09-08T20:40:00,101.78
2026-09-08T20:45:00,106.09
2026-09-08T20:50:00,103.18
2026-09-08T20:55:00,106.2
2026-09-08T21:00:00,105.58
2026-09-08T21:05:00,103.55
2026-09-08T21:10:00,106.06
2026-09-08T21:15:00,108.88
2026-09-08T21:20:00,191.59
2026-09-08T21:25:00,200.11
2026-09-08T21:30:00,192.79
2026-09-08T21:35:00,198.24
2026-09-08T21:40:00,110.84
2026-09-08T21:45:00,111.4
2026-09-08T21:50:00,107.0
2026-09-08T21:55:00,112.15
2026-09-08T22:00:00,122.19
2026-09-08T22:05:00,125.36
2026-09-08T22:10:00,112.29
2026-09-08T22:15:00,125.51
2026-09-08T22:20:00,118.59
2026-09-08T22:25:00,223.22
2026-09-08T22:30:00,199.47
2026-09-08T22:35:00,202.02
2026-09-08T22:40:00,200.19
2026-09-08T22:45:00,214.15
2026-09-08T22:50:00,134.02
2026-09-08T22:55:00,200.88
2026-09-08T23:00:00,204.68
2026-09-08T23:05:00,199.63
2026-09-08T23:10:00,219.35
2026-09-08T23:15:00,133.84
2026-09-08T23:20:00,111.37
2026-09-08T23:25:00,207.08
2026-09-08T23:30:00,220.99
2026-09-08T23:35:00,205.03
2026-09-08T23:40:00,212.11
2026-09-08T23:45:00,223.15
2026-09-08T23:50:00,222.69
2026-09-08T23:55:00,228.45
2026-09-09T00:00:00,125.0
2026-09-09T00:05:00,122.25
2026-09-09T00:10:00,120.74
2026-09-09T00:15:00,120.69
2026-09-09T00:20:00,125.08
2026-09-09T00:25:00,121.19
2026-09-09T00:30:00,119.93
2026-09-09T00:35:00,123.31
2026-09-09T00:40:00,125.95
2026-09-09T00:45:00,120.33
2026-09-09T00:50:00,125.65
2026-09-09T00:55:00,122.42
2026-09-09T01:00:00,125.88
2026-09-09T01:05:00,125.67
2026-09-09T01:10:00,128.57
2026-09-09T01:15:00,142.61
2026-09-09T01:20:00,143.44
2026-09-09T01:25:00,126.45
2026-09-09T01:30:00,129.82
2026-09-09T01:35:00,130.12
2026-09-09T01:40:00,132.13
2026-09-09T01:45:00,131.67
2026-09-09T01:50:00,126.42
2026-09-09T01:55:00,131.71
2026-09-09T02:00:00,125.5
2026-09-09T02:05:00,133.03
2026-09-09T02:10:00,136.47
2026-09-09T02:15:00,130.05
2026-09-09T02:20:00,132.27
2026-09-09T02:25:00,133.86
2026-09-09T02:30:00,127.29
2026-09-09T02:35:00,130.79
2026-09-09T02:40:00,146.54
2026-09-09T02:45:00,149.12
2026-09-09T02:50:00,129.89
2026-09-09T02:55:00,227.12
2026-09-09T03:00:00,223.82
2026-09-09T03:05:00,226.17
2026-09-09T03:10:00,226.48
2026-09-09T03:15:00,238.75
2026-09-09T03:20:00,151.43
2026-09-09T03:25:00,132.46
2026-09-09T03:30:00,140.61
2026-09-09T03:35:00,137.5
2026-09-09T03:40:00,135.01
2026-09-09T03:45:00,138.88
2026-09-09T03:50:00,146.42
2026-09-09T03:55:00,144.76
2026-09-09T04:00:00,140.24
2026-09-09T04:05:00,140.77
2026-09-09T04:10:00,138.49
2026-09-09T04:15:00,138.8
2026-09-09T04:20:00,143.07
2026-09-09T04:25:00,135.18
2026-09-09T04:30:00,134.59
2026-09-09T04:35:00,133.97
2026-09-09T04:40:00,225.23
2026-09-09T04:45:00,249.86
2026-09-09T04:50:00,241.98
2026-09-09T04:55:00,227.51
2026-09-09T05:00:00,245.04
2026-09-09T05:05:00,155.36
2026-09-09T05:10:00,139.24
2026-09-09T05:15:00,137.54
2026-09-09T05:20:00,227.78
2026-09-09T05:25:00,229.41
2026-09-09T05:30:00,231.35
2026-09-09T05:35:00,223.95
2026-09-09T05:40:00,228.27
2026-09-09T05:45:00,229.22
2026-09-09T05:50:00,154.32
2026-09-09T05:55:00,235.26
2026-09-09T06:00:00,234.57
2026-09-09T06:05:00,230.33
2026-09-09T06:10:00,232.58
2026-09-09T06:15:00,141.92
2026-09-09T06:20:00,141.58
2026-09-09T06:25:00,140.99
2026-09-09T06:30:00,137.74
2026-09-09T06:35:00,138.47
2026-09-09T06:40:00,140.41
2026-09-09T06:45:00,236.02
2026-09-09T06:50:00,227.7
2026-09-09T06:55:00,228.4
2026-09-09T07:00:00,229.31
2026-09-09T07:05:00,229.63
2026-09-09T07:10:00,229.74
2026-09-09T07:15:00,178.88
2026-09-09T07:20:00,269.54
2026-09-09T07:25:00,267.41
2026-09-09T07:30:00,273.11
2026-09-09T07:35:00,264.79
2026-09-09T07:40:00,265.63
2026-09-09T07:45:00,177.26
2026-09-09T07:50:00,178.85
2026-09-09T07:55:00,179.7
2026-09-09T08:00:00,181.58
2026-09-09T08:05:00,179.54
2026-09-09T08:10:00,138.4
2026-09-09T08:15:00,172.39
2026-09-09T08:20:00,181.51
2026-09-09T08:25:00,174.13
2026-09-09T08:30:00,177.78
2026-09-09T08:35:00,174.56
2026-09-09T08:40:00,174.69
2026-09-09T08:45:00,175.27
2026-09-09T08:50:00,176.93
2026-09-09T08:55:00,174.01
2026-09-09T09:00:00,170.52
2026-09-09T09:05:00,177.31
2026-09-09T09:10:00,190.46
2026-09-09T09:15:00,142.62
2026-09-09T09:20:00,128.95
2026-09-09T09:25:00,127.66
2026-09-09T09:30:00,145.38
2026-09-09T09:35:00,149.03
2026-09-09T09:40:00,130.13
2026-09-09T09:45:00,136.57
2026-09-09T09:50:00,127.29
2026-09-09T09:55:00,129.93
2026-09-09T10:00:00,127.98
2026-09-09T10:05:00,134.51
2026-09-09T10:10:00,127.5
2026-09-09T10:15:00,235.48
2026-09-09T10:20:00,230.7
2026-09-09T10:25:00,215.19
2026-09-09T10:30:00,130.3
2026-09-09T10:35:00,129.31
2026-09-09T10:40:00,125.8
2026-09-09T10:45:00,121.62
2026-09-09T10:50:00,125.66
2026-09-09T10:55:00,130.18
2026-09-09T11:00:00,121.39
2026-09-09T11:05:00,129.42
2026-09-09T11:10:00,128.57
2026-09-09T11:15:00,121.71
2026-09-09T11:20:00,126.13
2026-09-09T11:25:00,128.06
2026-09-09T11:30:00,118.86
2026-09-09T11:35:00,115.1
2026-09-09T11:40:00,117.47
2026-09-09T11:45:00,119.45
2026-09-09T11:50:00,118.96
2026-09-09T11:55:00,116.38
2026-09-09T12:00:00,130.25
2026-09-09T12:05:00,138.8
2026-09-09T12:10:00,135.36
2026-09-09T12:15:00,118.15
2026-09-09T12:20:00,123.68
2026-09-09T12:25:00,116.45
2026-09-09T12:30:00,130.9
2026-09-09T12:35:00,113.99
2026-09-09T12:40:00,119.55
2026-09-09T12:45:00,115.17
2026-09-09T12:50:00,115.28
2026-09-09T12:55:00,242.06
2026-09-09T13:00:00,245.68
2026-09-09T13:05:00,242.33
2026-09-09T13:10:00,258.86
2026-09-09T13:15:00,170.99
2026-09-09T13:20:00,258.16
2026-09-09T13:25:00,240.91
2026-09-09T13:30:00,200.72
2026-09-09T13:35:00,204.05
2026-09-09T13:40:00,201.18
2026-09-09T13:45:00,149.21
2026-09-09T13:50:00,260.44
2026-09-09T13:55:00,256.63
2026-09-09T14:00:00,238.36
2026-09-09T14:05:00,255.3
2026-09-09T14:10:00,250.72
2026-09-09T14:15:00,142.81
2026-09-09T14:20:00,147.32
2026-09-09T14:25:00,149.79
2026-09-09T14:30:00,148.12
2026-09-09T14:35:00,104.61
2026-09-09T14:40:00,111.33
2026-09-09T14:45:00,120.47
2026-09-09T14:50:00,122.51
2026-09-09T14:55:00,103.35
2026-09-09T15:00:00,116.61
2026-09-09T15:05:00,119.7
2026-09-09T15:10:00,103.25
2026-09-09T15:15:00,108.34
2026-09-09T15:20:00,103.91
2026-09-09T15:25:00,100.97
2026-09-09T15:30:00,107.41
2026-09-09T15:35:00,103.74
2026-09-09T15:40:00,111.55
2026-09-09T15:45:00,108.39
2026-09-09T15:50:00,143.41
2026-09-09T15:55:00,145.53
2026-09-09T16:00:00,138.53
2026-09-09T16:05:00,232.39
2026-09-09T16:10:00,231.6
2026-09-09T16:15:00,229.39
2026-09-09T16:20:00,234.35
2026-09-09T16:25:00,234.23
2026-09-09T16:30:00,234.77
2026-09-09T16:35:00,142.56
2026-09-09T16:40:00,232.07
2026-09-09T16:45:00,224.49
2026-09-09T16:50:00,191.86
2026-09-09T16:55:00,221.31
2026-09-09T17:00:00,231.41
2026-09-09T17:05:00,138.61
2026-09-09T17:10:00,139.64
2026-09-09T17:15:00,138.84
2026-09-09T17:20:00,142.83
2026-09-09T17:25:00,137.82
2026-09-09T17:30:00,135.08
2026-09-09T17:35:00,153.56
2026-09-09T17:40:00,157.42
2026-09-09T17:45:00,136.53
2026-09-09T17:50:00,199.07
2026-09-09T17:55:00,204.96
2026-09-09T18:00:00,214.41
2026-09-09T18:05:00,191.38
2026-09-09T18:10:00,206.63
2026-09-09T18:15:00,118.72
2026-09-09T18:20:00,98.04
2026-09-09T18:25:00,204.79
2026-09-09T18:30:00,202.94
2026-09-09T18:35:00,186.7
2026-09-09T18:40:00,188.7
2026-09-09T18:45:00,190.94
2026-09-09T18:50:00,101.8
2026-09-09T18:55:00,192.25
2026-09-09T19:00:00,189.51
2026-09-09T19:05:00,194.2
2026-09-09T19:10:00,207.09
2026-09-09T19:15:00,194.35
2026-09-09T19:20:00,187.38
2026-09-09T19:25:00,188.52
2026-09-09T19:30:00,194.89
2026-09-09T19:35:00,99.7
2026-09-09T19:40:00,192.71
2026-09-09T19:45:00,194.71
2026-09-09T19:50:00,205.99
2026-09-09T19:55:00,208.37
2026-09-09T20:00:00,198.42
2026-09-09T20:05:00,145.82
2026-09-09T20:10:00,146.17
2026-09-09T20:15:00,141.1
2026-09-09T20:20:00,146.07
2026-09-09T20:25:00,144.84
2026-09-09T20:30:00,141.17
2026-09-09T20:35:00,159.61
2026-09-09T20:40:00,158.53
2026-09-09T20:45:00,143.29
2026-09-09T20:50:00,145.61
2026-09-09T20:55:00,144.22
2026-09-09T21:00:00,141.43
2026-09-09T21:05:00,113.27
2026-09-09T21:10:00,107.12
2026-09-09T21:15:00,102.38
2026-09-09T21:20:00,152.35
2026-09-09T21:25:00,150.41
2026-09-09T21:30:00,144.17
2026-09-09T21:35:00,149.26
2026-09-09T21:40:00,145.48
2026-09-09T21:45:00,148.92
2026-09-09T21:50:00,162.58
2026-09-09T21:55:00,164.18
2026-09-09T22:00:00,147.82
2026-09-09T22:05:00,149.61
2026-09-09T22:10:00,148.76
2026-09-09T22:15:00,147.32
2026-09-09T22:20:00,155.89
2026-09-09T22:25:00,128.25
2026-09-09T22:30:00,130.33
2026-09-09T22:35:00,109.62
2026-09-09T22:40:00,131.59
2026-09-09T22:45:00,128.01
2026-09-09T22:50:00,112.16
2026-09-09T22:55:00,111.69
2026-09-09T23:00:00,114.27
2026-09-09T23:05:00,206.75
2026-09-09T23:10:00,202.18
2026-09-09T23:15:00,218.8
2026-09-09T23:20:00,220.43
2026-09-09T23:25:00,116.88
2026-09-09T23:30:00,223.63
2026-09-09T23:35:00,224.71
2026-09-09T23:40:00,209.7
2026-09-09T23:45:00,206.69
2026-09-09T23:50:00,214.22
2026-09-09T23:55:00,205.99
2026-09-10T00:00:00,121.76
2026-09-10T00:05:00,121.98
2026-09-10T00:10:00,119.23
2026-09-10T00:15:00,123.82
2026-09-10T00:20:00,123.38
2026-09-10T00:25:00,119.71
2026-09-10T00:30:00,122.52
2026-09-10T00:35:00,141.48
2026-09-10T00:40:00,138.06
2026-09-10T00:45:00,144.36
2026-09-10T00:50:00,123.72
2026-09-10T00:55:00,141.54
2026-09-10T01:00:00,141.35
2026-09-10T01:05:00,126.07
2026-09-10T01:10:00,127.47
2026-09-10T01:15:00,132.14
2026-09-10T01:20:00,165.8
2026-09-10T01:25:00,161.8
2026-09-10T01:30:00,165.15
2026-09-10T01:35:00,169.13
2026-09-10T01:40:00,259.07
2026-09-10T01:45:00,258.96
2026-09-10T01:50:00,262.48
2026-09-10T01:55:00,259.89
2026-09-10T02:00:00,260.73
2026-09-10T02:05:00,263.44
2026-09-10T02:10:00,174.13
2026-09-10T02:15:00,226.82
2026-09-10T02:20:00,263.92
2026-09-10T02:25:00,262.78
2026-09-10T02:30:00,263.4
2026-09-10T02:35:00,259.09
2026-09-10T02:40:00,172.98
2026-09-10T02:45:00,190.46
2026-09-10T02:50:00,188.67
2026-09-10T02:55:00,261.13
2026-09-10T03:00:00,276.13
2026-09-10T03:05:00,282.98
2026-09-10T03:10:00,267.03
2026-09-10T03:15:00,259.76
2026-09-10T03:20:00,223.27
2026-09-10T03:25:00,224.15
2026-09-10T03:30:00,137.51
2026-09-10T03:35:00,222.4
2026-09-10T03:40:00,225.45
2026-09-10T03:45:00,231.93
2026-09-10T03:50:00,220.09
2026-09-10T03:55:00,227.89
2026-09-10T04:00:00,226.93
2026-09-10T04:05:00,136.06
2026-09-10T04:10:00,230.29
2026-09-10T04:15:00,228.32
2026-09-10T04:20:00,227.03
2026-09-10T04:25:00,228.77
2026-09-10T04:30:00,135.94
2026-09-10T04:35:00,229.49
2026-09-10T04:40:00,231.84
2026-09-10T04:45:00,226.02
2026-09-10T04:50:00,229.37
2026-09-10T04:55:00,234.55
2026-09-10T05:00:00,150.86
2026-09-10T05:05:00,154.57
2026-09-10T05:10:00,139.28
2026-09-10T05:15:00,136.1
2026-09-10T05:20:00,133.95
2026-09-10T05:25:00,233.6
2026-09-10T05:30:00,232.81
2026-09-10T05:35:00,230.62
2026-09-10T05:40:00,248.8
2026-09-10T05:45:00,157.94
2026-09-10T05:50:00,155.23
2026-09-10T05:55:00,139.27
2026-09-10T06:00:00,153.92
2026-09-10T06:05:00,155.12
2026-09-10T06:10:00,143.11
2026-09-10T06:15:00,156.88
2026-09-10T06:20:00,152.29
2026-09-10T06:25:00,142.0
2026-09-10T06:30:00,136.97
2026-09-10T06:35:00,143.2
2026-09-10T06:40:00,155.41
2026-09-10T06:45:00,153.39
2026-09-10T06:50:00,138.33
2026-09-10T06:55:00,141.19
2026-09-10T07:00:00,140.9
2026-09-10T07:05:00,139.97
2026-09-10T07:10:00,135.64
2026-09-10T07:15:00,137.21
2026-09-10T07:20:00,135.99
2026-09-10T07:25:00,140.46
2026-09-10T07:30:00,140.9
2026-09-10T07:35:00,137.73
2026-09-10T07:40:00,142.18
2026-09-10T07:45:00,130.71
2026-09-10T07:50:00,139.67
2026-09-10T07:55:00,140.82
2026-09-10T08:00:00,223.97
2026-09-10T08:05:00,223.01
2026-09-10T08:10:00,229.96
2026-09-10T08:15:00,239.83
2026-09-10T08:20:00,237.89
2026-09-10T08:25:00,229.88
2026-09-10T08:30:00,136.39
2026-09-10T08:35:00,240.7
2026-09-10T08:40:00,244.8
2026-09-10T08:45:00,228.79
2026-09-10T08:50:00,238.99
2026-09-10T08:55:00,240.64
2026-09-10T09:00:00,223.79
2026-09-10T09:05:00,134.86
2026-09-10T09:10:00,127.69
2026-09-10T09:15:00,130.82
2026-09-10T09:20:00,137.07
2026-09-10T09:25:00,133.07
2026-09-10T09:30:00,223.88
2026-09-10T09:35:00,223.36
2026-09-10T09:40:00,222.37
2026-09-10T09:45:00,220.4
2026-09-10T09:50:00,222.91
2026-09-10T09:55:00,173.83
2026-09-10T10:00:00,272.04
2026-09-10T10:05:00,276.47
2026-09-10T10:10:00,257.17
2026-09-10T10:15:00,272.44
2026-09-10T10:20:00,184.92
2026-09-10T10:25:00,255.38
2026-09-10T10:30:00,255.36
2026-09-10T10:35:00,259.25
2026-09-10T10:40:00,273.99
2026-09-10T10:45:00,257.4
2026-09-10T10:50:00,218.16
2026-09-10T10:55:00,144.99
2026-09-10T11:00:00,137.46
2026-09-10T11:05:00,123.13
2026-09-10T11:10:00,125.4
2026-09-10T11:15:00,127.02
2026-09-10T11:20:00,123.24
2026-09-10T11:25:00,121.98
2026-09-10T11:30:00,120.89
2026-09-10T11:35:00,121.37
2026-09-10T11:40:00,121.36
2026-09-10T11:45:00,121.17
2026-09-10T11:50:00,120.79
2026-09-10T11:55:00,134.47
2026-09-10T12:00:00,134.01
2026-09-10T12:05:00,208.6
2026-09-10T12:10:00,212.78
2026-09-10T12:15:00,207.22
2026-09-10T12:20:00,207.03
2026-09-10T12:25:00,114.07
2026-09-10T12:30:00,115.03
2026-09-10T12:35:00,118.82
2026-09-10T12:40:00,119.6
2026-09-10T12:45:00,116.82
2026-09-10T12:50:00,114.14
2026-09-10T12:55:00,116.06
2026-09-10T13:00:00,113.82
2026-09-10T13:05:00,109.39
2026-09-10T13:10:00,115.7
2026-09-10T13:15:00,114.03
2026-09-10T13:20:00,110.84
2026-09-10T13:25:00,109.09
2026-09-10T13:30:00,113.73
2026-09-10T13:35:00,120.67
2026-09-10T13:40:00,113.99
2026-09-10T13:45:00,107.72
2026-09-10T13:50:00,120.97
2026-09-10T13:55:00,128.88
2026-09-10T14:00:00,106.06
2026-09-10T14:05:00,124.96
2026-09-10T14:10:00,129.23
2026-09-10T14:15:00,111.31
2026-09-10T14:20:00,103.45
2026-09-10T14:25:00,111.54
2026-09-10T14:30:00,194.49
2026-09-10T14:35:00,197.02
2026-09-10T14:40:00,195.0
2026-09-10T14:45:00,215.27
2026-09-10T14:50:00,206.25
2026-09-10T14:55:00,110.11
2026-09-10T15:00:00,207.12
2026-09-10T15:05:00,206.2
2026-09-10T15:10:00,196.42
2026-09-10T15:15:00,195.24
2026-09-10T15:20:00,193.79
2026-09-10T15:25:00,104.7
2026-09-10T15:30:00,105.85
2026-09-10T15:35:00,104.71
2026-09-10T15:40:00,104.44
2026-09-10T15:45:00,100.63
2026-09-10T15:50:00,104.71
2026-09-10T15:55:00,100.47
2026-09-10T16:00:00,119.94
2026-09-10T16:05:00,207.76
2026-09-10T16:10:00,191.26
2026-09-10T16:15:00,193.26
2026-09-10T16:20:00,196.38
2026-09-10T16:25:00,186.47
2026-09-10T16:30:00,103.89
2026-09-10T16:35:00,97.22
2026-09-10T16:40:00,100.94
2026-09-10T16:45:00,97.68
2026-09-10T16:50:00,100.67
2026-09-10T16:55:00,95.2
2026-09-10T17:00:00,106.33
2026-09-10T17:05:00,95.52
2026-09-10T17:10:00,105.44
2026-09-10T17:15:00,115.65
2026-09-10T17:20:00,111.74
2026-09-10T17:25:00,102.72
2026-09-10T17:30:00,99.4
2026-09-10T17:35:00,102.74
2026-09-10T17:40:00,105.28
2026-09-10T17:45:00,98.11
2026-09-10T17:50:00,136.8
2026-09-10T17:55:00,141.14
2026-09-10T18:00:00,139.68
2026-09-10T18:05:00,140.34
2026-09-10T18:10:00,142.29
2026-09-10T18:15:00,138.17
2026-09-10T18:20:00,141.1
2026-09-10T18:25:00,226.36
2026-09-10T18:30:00,225.54
2026-09-10T18:35:00,247.77
2026-09-10T18:40:00,154.23
2026-09-10T18:45:00,103.13
2026-09-10T18:50:00,139.01
2026-09-10T18:55:00,146.88
2026-09-10T19:00:00,142.93
2026-09-10T19:05:00,144.89
2026-09-10T19:10:00,146.62
2026-09-10T19:15:00,153.68
2026-09-10T19:20:00,152.51
2026-09-10T19:25:00,141.15
2026-09-10T19:30:00,135.1
2026-09-10T19:35:00,114.4
2026-09-10T19:40:00,124.46
2026-09-10T19:45:00,194.73
2026-09-10T19:50:00,205.57
2026-09-10T19:55:00,205.91
2026-09-10T20:00:00,197.31
2026-09-10T20:05:00,102.71
2026-09-10T20:10:00,106.42
2026-09-10T20:15:00,105.97
2026-09-10T20:20:00,102.95
2026-09-10T20:25:00,102.05
2026-09-10T20:30:00,103.16
2026-09-10T20:35:00,104.63
2026-09-10T20:40:00,103.36
2026-09-10T20:45:00,103.37
2026-09-10T20:50:00,103.65
2026-09-10T20:55:00,109.04
2026-09-10T21:00:00,102.61
2026-09-10T21:05:00,109.58
2026-09-10T21:10:00,117.8
2026-09-10T21:15:00,121.81
2026-09-10T21:20:00,107.62
2026-09-10T21:25:00,106.81
2026-09-10T21:30:00,109.35
2026-09-10T21:35:00,114.68
2026-09-10T21:40:00,111.55
2026-09-10T21:45:00,109.91
2026-09-10T21:50:00,113.27
2026-09-10T21:55:00,105.35
2026-09-10T22:00:00,108.55
2026-09-10T22:05:00,108.35
2026-09-10T22:10:00,111.18
2026-09-10T22:15:00,115.59
2026-09-10T22:20:00,116.82
2026-09-10T22:25:00,114.52
2026-09-10T22:30:00,110.88
2026-09-10T22:35:00,108.78
2026-09-10T22:40:00,112.72
2026-09-10T22:45:00,116.56
2026-09-10T22:50:00,108.77
2026-09-10T22:55:00,114.53
2026-09-10T23:00:00,112.58
2026-09-10T23:05:00,115.76
2026-09-10T23:10:00,111.95
2026-09-10T23:15:00,116.27
2026-09-10T23:20:00,116.8
2026-09-10T23:25:00,116.34
2026-09-10T23:30:00,118.2
2026-09-10T23:35:00,206.33
2026-09-10T23:40:00,207.61
2026-09-10T23:45:00,246.68
2026-09-10T23:50:00,249.13
2026-09-10T23:55:00,158.97
2026-09-11T00:00:00,155.97
2026-09-11T00:05:00,158.6
2026-09-11T00:10:00,163.76
2026-09-11T00:15:00,161.21
2026-09-11T00:20:00,157.96
2026-09-11T00:25:00,156.35
2026-09-11T00:30:00,162.41
2026-09-11T00:35:00,162.22
2026-09-11T00:40:00,163.94
2026-09-11T00:45:00,165.93
2026-09-11T00:50:00,184.68
2026-09-11T00:55:00,178.75
2026-09-11T01:00:00,125.74
2026-09-11T01:05:00,163.85
2026-09-11T01:10:00,163.68
2026-09-11T01:15:00,179.73
2026-09-11T01:20:00,181.73
2026-09-11T01:25:00,171.61
2026-09-11T01:30:00,172.78
2026-09-11T01:35:00,170.05
2026-09-11T01:40:00,167.55
2026-09-11T01:45:00,169.74
2026-09-11T01:50:00,166.82
2026-09-11T01:55:00,171.16
2026-09-11T02:00:00,166.1
2026-09-11T02:05:00,165.72
2026-09-11T02:10:00,170.5
2026-09-11T02:15:00,186.91
2026-09-11T02:20:00,149.27
2026-09-11T02:25:00,136.15
2026-09-11T02:30:00,131.36
2026-09-11T02:35:00,133.04
2026-09-11T02:40:00,128.4
2026-09-11T02:45:00,136.16
2026-09-11T02:50:00,135.36
2026-09-11T02:55:00,132.28
2026-09-11T03:00:00,136.2
2026-09-11T03:05:00,137.78
2026-09-11T03:10:00,135.61
2026-09-11T03:15:00,148.32
2026-09-11T03:20:00,152.5
2026-09-11T03:25:00,131.97
2026-09-11T03:30:00,147.48
2026-09-11T03:35:00,146.09
2026-09-11T03:40:00,135.1
2026-09-11T03:45:00,138.7
2026-09-11T03:50:00,139.18
2026-09-11T03:55:00,133.55
2026-09-11T04:00:00,130.97
2026-09-11T04:05:00,137.42
2026-09-11T04:10:00,140.27
2026-09-11T04:15:00,143.19
2026-09-11T04:20:00,134.33
2026-09-11T04:25:00,136.08
2026-09-11T04:30:00,136.12
2026-09-11T04:35:00,143.29
2026-09-11T04:40:00,139.27
2026-09-11T04:45:00,139.6
2026-09-11T04:50:00,138.85
2026-09-11T04:55:00,137.33
2026-09-11T05:00:00,140.92
2026-09-11T05:05:00,138.7
2026-09-11T05:10:00,137.72
2026-09-11T05:15:00,137.07
2026-09-11T05:20:00,243.05
2026-09-11T05:25:00,244.73
2026-09-11T05:30:00,229.15
2026-09-11T05:35:00,226.02
2026-09-11T05:40:00,225.09
2026-09-11T05:45:00,138.28
2026-09-11T05:50:00,141.94
2026-09-11T05:55:00,140.99
2026-09-11T06:00:00,139.7
2026-09-11T06:05:00,137.4
2026-09-11T06:10:00,139.67
2026-09-11T06:15:00,141.82
2026-09-11T06:20:00,232.07
2026-09-11T06:25:00,230.21
2026-09-11T06:30:00,236.08
2026-09-11T06:35:00,233.9
2026-09-11T06:40:00,227.42
2026-09-11T06:45:00,229.85
2026-09-11T06:50:00,139.07
2026-09-11T06:55:00,235.71
2026-09-11T07:00:00,228.25
2026-09-11T07:05:00,231.33
2026-09-11T07:10:00,224.4
2026-09-11T07:15:00,229.02
2026-09-11T07:20:00,140.66
2026-09-11T07:25:00,138.76
2026-09-11T07:30:00,141.03
2026-09-11T07:35:00,140.32
2026-09-11T07:40:00,138.45
2026-09-11T07:45:00,140.1
2026-09-11T07:50:00,136.58
2026-09-11T07:55:00,135.1
2026-09-11T08:00:00,137.38
2026-09-11T08:05:00,138.45
2026-09-11T08:10:00,136.36
2026-09-11T08:15:00,149.25
2026-09-11T08:20:00,151.89
2026-09-11T08:25:00,152.44
2026-09-11T08:30:00,130.36
2026-09-11T08:35:00,132.95
2026-09-11T08:40:00,134.66
2026-09-11T08:45:00,134.37
2026-09-11T08:50:00,151.95
2026-09-11T08:55:00,231.85
2026-09-11T09:00:00,224.01
2026-09-11T09:05:00,258.9
2026-09-11T09:10:00,262.54
2026-09-11T09:15:00,171.91
2026-09-11T09:20:00,175.91
2026-09-11T09:25:00,175.09
2026-09-11T09:30:00,173.28
2026-09-11T09:35:00,176.27
2026-09-11T09:40:00,172.68
2026-09-11T09:45:00,169.6
2026-09-11T09:50:00,168.68
2026-09-11T09:55:00,130.97
2026-09-11T10:00:00,127.03
2026-09-11T10:05:00,146.87
2026-09-11T10:10:00,148.94
2026-09-11T10:15:00,126.23
2026-09-11T10:20:00,128.98
2026-09-11T10:25:00,228.62
2026-09-11T10:30:00,214.38
2026-09-11T10:35:00,218.89
2026-09-11T10:40:00,219.54
2026-09-11T10:45:00,124.35
2026-09-11T10:50:00,217.56
2026-09-11T10:55:00,216.67
2026-09-11T11:00:00,214.41
2026-09-11T11:05:00,208.96
2026-09-11T11:10:00,230.85
2026-09-11T11:15:00,142.65
2026-09-11T11:20:00,129.6
2026-09-11T11:25:00,121.4
2026-09-11T11:30:00,137.71
2026-09-11T11:35:00,230.71
2026-09-11T11:40:00,228.22
2026-09-11T11:45:00,207.49
2026-09-11T11:50:00,225.05
2026-09-11T11:55:00,223.28
2026-09-11T12:00:00,119.47
2026-09-11T12:05:00,123.87
2026-09-11T12:10:00,115.97
2026-09-11T12:15:00,114.79
2026-09-11T12:20:00,135.6
2026-09-11T12:25:00,138.95
2026-09-11T12:30:00,116.96
2026-09-11T12:35:00,128.16
2026-09-11T12:40:00,132.42
2026-09-11T12:45:00,127.68
2026-09-11T12:50:00,114.51
2026-09-11T12:55:00,128.52
2026-09-11T13:00:00,129.05
2026-09-11T13:05:00,115.35
2026-09-11T13:10:00,134.43
2026-09-11T13:15:00,125.6
2026-09-11T13:20:00,109.92
2026-09-11T13:25:00,112.0
2026-09-11T13:30:00,107.46
2026-09-11T13:35:00,112.12
2026-09-11T13:40:00,115.7
2026-09-11T13:45:00,113.2
2026-09-11T13:50:00,107.8
2026-09-11T13:55:00,113.72
2026-09-11T14:00:00,200.72
2026-09-11T14:05:00,191.03
2026-09-11T14:10:00,200.24
2026-09-11T14:15:00,199.57
2026-09-11T14:20:00,199.66
2026-09-11T14:25:00,100.69
2026-09-11T14:30:00,193.27
2026-09-11T14:35:00,196.56
2026-09-11T14:40:00,196.86
2026-09-11T14:45:00,104.43
2026-09-11T14:50:00,105.15
2026-09-11T14:55:00,109.9
2026-09-11T15:00:00,107.5
2026-09-11T15:05:00,104.02
2026-09-11T15:10:00,104.25
2026-09-11T15:15:00,103.62
2026-09-11T15:20:00,101.78
2026-09-11T15:25:00,102.42
2026-09-11T15:30:00,117.44
2026-09-11T15:35:00,120.74
2026-09-11T15:40:00,102.9
2026-09-11T15:45:00,121.48
2026-09-11T15:50:00,116.86
2026-09-11T15:55:00,104.59
2026-09-11T16:00:00,101.76
2026-09-11T16:05:00,104.48
2026-09-11T16:10:00,102.27
2026-09-11T16:15:00,105.01
2026-09-11T16:20:00,117.2
2026-09-11T16:25:00,114.62
2026-09-11T16:30:00,103.98
2026-09-11T16:35:00,117.89
2026-09-11T16:40:00,115.31
2026-09-11T16:45:00,116.38
2026-09-11T16:50:00,100.23
2026-09-11T16:55:00,103.57
2026-09-11T17:00:00,101.82
2026-09-11T17:05:00,97.98
2026-09-11T17:10:00,103.25
2026-09-11T17:15:00,101.07
2026-09-11T17:20:00,113.85
2026-09-11T17:25:00,112.1
2026-09-11T17:30:00,103.09
2026-09-11T17:35:00,100.0
2026-09-11T17:40:00,96.6
2026-09-11T17:45:00,102.24
2026-09-11T17:50:00,100.07
2026-09-11T17:55:00,99.0
2026-09-11T18:00:00,140.7
2026-09-11T18:05:00,232.32
2026-09-11T18:10:00,226.75
2026-09-11T18:15:00,233.62
2026-09-11T18:20:00,230.51
2026-09-11T18:25:00,230.52
2026-09-11T18:30:00,143.66
2026-09-11T18:35:00,139.44
2026-09-11T18:40:00,140.85
2026-09-11T18:45:00,104.18
2026-09-11T18:50:00,102.02
2026-09-11T18:55:00,99.08
2026-09-11T19:00:00,99.77
2026-09-11T19:05:00,101.99
2026-09-11T19:10:00,102.47
2026-09-11T19:15:00,97.97
2026-09-11T19:20:00,101.37
2026-09-11T19:25:00,101.37
2026-09-11T19:30:00,101.19
2026-09-11T19:35:00,96.69
2026-09-11T19:40:00,107.51
2026-09-11T19:45:00,101.39
2026-09-11T19:50:00,112.05
2026-09-11T19:55:00,113.92
2026-09-11T20:00:00,120.85
2026-09-11T20:05:00,108.69
2026-09-11T20:10:00,101.2
2026-09-11T20:15:00,105.83
2026-09-11T20:20:00,104.4
2026-09-11T20:25:00,103.26
2026-09-11T20:30:00,120.19
2026-09-11T20:35:00,121.11
2026-09-11T20:40:00,106.67
2026-09-11T20:45:00,109.86
2026-09-11T20:50:00,104.12
2026-09-11T20:55:00,102.67
2026-09-11T21:00:00,121.92
2026-09-11T21:05:00,124.73
2026-09-11T21:10:00,150.36
2026-09-11T21:15:00,147.09
2026-09-11T21:20:00,147.76
2026-09-11T21:25:00,150.65
2026-09-11T21:30:00,154.36
2026-09-11T21:35:00,151.76
2026-09-11T21:40:00,151.97
2026-09-11T21:45:00,146.75
2026-09-11T21:50:00,150.53
2026-09-11T21:55:00,149.65
2026-09-11T22:00:00,148.97
2026-09-11T22:05:00,157.35
2026-09-11T22:10:00,154.09
2026-09-11T22:15:00,151.76
2026-09-11T22:20:00,107.86
2026-09-11T22:25:00,114.82
2026-09-11T22:30:00,111.05
2026-09-11T22:35:00,112.36
2026-09-11T22:40:00,116.52
2026-09-11T22:45:00,109.54
2026-09-11T22:50:00,115.55
2026-09-11T22:55:00,113.5
2026-09-11T23:00:00,113.98
2026-09-11T23:05:00,201.89
2026-09-11T23:10:00,225.74
2026-09-11T23:15:00,221.22
2026-09-11T23:20:00,207.42
2026-09-11T23:25:00,213.44
2026-09-11T23:30:00,213.18
2026-09-11T23:35:00,206.16
2026-09-11T23:40:00,115.77
2026-09-11T23:45:00,120.0
2026-09-11T23:50:00,116.36
2026-09-11T23:55:00,137.23
2026-09-12T00:00:00,137.8
2026-09-12T00:05:00,118.55
2026-09-12T00:10:00,120.1
2026-09-12T00:15:00,214.13
2026-09-12T00:20:00,208.92
2026-09-12T00:25:00,209.31
2026-09-12T00:30:00,209.05
2026-09-12T00:35:00,212.76
2026-09-12T00:40:00,118.43
2026-09-12T00:45:00,121.8
2026-09-12T00:50:00,126.22
2026-09-12T00:55:00,128.79
2026-09-12T01:00:00,125.71
2026-09-12T01:05:00,122.15
2026-09-12T01:10:00,126.42
2026-09-12T01:15:00,130.27
2026-09-12T01:20:00,128.32
2026-09-12T01:25:00,231.49
2026-09-12T01:30:00,236.14
2026-09-12T01:35:00,213.16
2026-09-12T01:40:00,219.42
2026-09-12T01:45:00,230.69
2026-09-12T01:50:00,241.17
2026-09-12T01:55:00,219.24
2026-09-12T02:00:00,135.47
2026-09-12T02:05:00,226.2
2026-09-12T02:10:00,220.62
2026-09-12T02:15:00,225.89
2026-09-12T02:20:00,226.54
2026-09-12T02:25:00,222.96
2026-09-12T02:30:00,222.62
2026-09-12T02:35:00,244.24
2026-09-12T02:40:00,147.24
2026-09-12T02:45:00,136.22
2026-09-12T02:50:00,136.75
2026-09-12T02:55:00,137.5
2026-09-12T03:00:00,134.71
2026-09-12T03:05:00,139.11
2026-09-12T03:10:00,241.64
2026-09-12T03:15:00,237.84
2026-09-12T03:20:00,227.94
2026-09-12T03:25:00,224.17
2026-09-12T03:30:00,222.5
2026-09-12T03:35:00,135.57
2026-09-12T03:40:00,135.32
2026-09-12T03:45:00,130.22
2026-09-12T03:50:00,138.76
2026-09-12T03:55:00,135.98
2026-09-12T04:00:00,135.19
2026-09-12T04:05:00,224.91
2026-09-12T04:10:00,228.62
2026-09-12T04:15:00,230.23
2026-09-12T04:20:00,232.62
2026-09-12T04:25:00,231.31
2026-09-12T04:30:00,138.56
2026-09-12T04:35:00,226.7
2026-09-12T04:40:00,242.89
2026-09-12T04:45:00,244.81
2026-09-12T04:50:00,230.34
2026-09-12T04:55:00,134.77
2026-09-12T05:00:00,138.66
2026-09-12T05:05:00,141.23
2026-09-12T05:10:00,135.91
2026-09-12T05:15:00,138.82
2026-09-12T05:20:00,135.58
2026-09-12T05:25:00,138.27
2026-09-12T05:30:00,136.63
2026-09-12T05:35:00,137.02
2026-09-12T05:40:00,147.29
2026-09-12T05:45:00,145.95
2026-09-12T05:50:00,143.7
2026-09-12T05:55:00,141.96
2026-09-12T06:00:00,141.77
2026-09-12T06:05:00,135.4
2026-09-12T06:10:00,141.75
2026-09-12T06:15:00,139.37
2026-09-12T06:20:00,142.33
2026-09-12T06:25:00,134.62
2026-09-12T06:30:00,139.62
2026-09-12T06:35:00,142.6
2026-09-12T06:40:00,137.92
2026-09-12T06:45:00,141.96
2026-09-12T06:50:00,142.73
2026-09-12T06:55:00,155.46
2026-09-12T07:00:00,153.7
2026-09-12T07:05:00,137.98
2026-09-12T07:10:00,136.94
2026-09-12T07:15:00,136.2
2026-09-12T07:20:00,137.54
2026-09-12T07:25:00,141.36
2026-09-12T07:30:00,141.37
2026-09-12T07:35:00,135.38
2026-09-12T07:40:00,133.88
2026-09-12T07:45:00,139.61
2026-09-12T07:50:00,135.68
2026-09-12T07:55:00,227.42
2026-09-12T08:00:00,228.84
2026-09-12T08:05:00,226.58
2026-09-12T08:10:00,228.93
2026-09-12T08:15:00,223.56
2026-09-12T08:20:00,228.91
2026-09-12T08:25:00,224.85
2026-09-12T08:30:00,151.77
2026-09-12T08:35:00,137.81
2026-09-12T08:40:00,135.92
2026-09-12T08:45:00,175.15
2026-09-12T08:50:00,175.97
2026-09-12T08:55:00,174.37
2026-09-12T09:00:00,175.55
2026-09-12T09:05:00,174.01
2026-09-12T09:10:00,176.97
2026-09-12T09:15:00,168.14
2026-09-12T09:20:00,174.07
2026-09-12T09:25:00,169.15
2026-09-12T09:30:00,171.97
2026-09-12T09:35:00,173.77
2026-09-12T09:40:00,171.92
2026-09-12T09:45:00,166.96
2026-09-12T09:50:00,128.93
2026-09-12T09:55:00,130.1
2026-09-12T10:00:00,134.15
2026-09-12T10:05:00,133.73
2026-09-12T10:10:00,133.5
2026-09-12T10:15:00,128.12
2026-09-12T10:20:00,129.16
2026-09-12T10:25:00,148.61
2026-09-12T10:30:00,141.29
2026-09-12T10:35:00,127.51
2026-09-12T10:40:00,126.82
2026-09-12T10:45:00,123.19
2026-09-12T10:50:00,125.71
2026-09-12T10:55:00,127.49
2026-09-12T11:00:00,124.86
2026-09-12T11:05:00,123.71
2026-09-12T11:10:00,122.56
2026-09-12T11:15:00,115.54
2026-09-12T11:20:00,126.74
2026-09-12T11:25:00,119.48
2026-09-12T11:30:00,206.89
2026-09-12T11:35:00,223.61
2026-09-12T11:40:00,233.05
2026-09-12T11:45:00,209.06
2026-09-12T11:50:00,226.72
2026-09-12T11:55:00,135.04
2026-09-12T12:00:00,211.22
2026-09-12T12:05:00,206.84
2026-09-12T12:10:00,206.52
2026-09-12T12:15:00,205.32
2026-09-12T12:20:00,117.63
2026-09-12T12:25:00,111.53
2026-09-12T12:30:00,113.2
2026-09-12T12:35:00,118.21
2026-09-12T12:40:00,117.38
2026-09-12T12:45:00,114.29
2026-09-12T12:50:00,115.61
2026-09-12T12:55:00,113.84
2026-09-12T13:00:00,110.74
2026-09-12T13:05:00,109.22
2026-09-12T13:10:00,128.27
2026-09-12T13:15:00,125.4
2026-09-12T13:20:00,111.37
2026-09-12T13:25:00,113.22
2026-09-12T13:30:00,110.24
2026-09-12T13:35:00,217.65
2026-09-12T13:40:00,215.48
2026-09-12T13:45:00,212.27
2026-09-12T13:50:00,201.35
2026-09-12T13:55:00,205.54
2026-09-12T14:00:00,197.93
2026-09-12T14:05:00,196.9
2026-09-12T14:10:00,128.94
2026-09-12T14:15:00,214.54
2026-09-12T14:20:00,196.38
2026-09-12T14:25:00,200.4
2026-09-12T14:30:00,201.0
2026-09-12T14:35:00,203.15
2026-09-12T14:40:00,109.72
2026-09-12T14:45:00,102.0
2026-09-12T14:50:00,109.56
2026-09-12T14:55:00,102.47
2026-09-12T15:00:00,104.9
2026-09-12T15:05:00,103.7
2026-09-12T15:10:00,98.97
2026-09-12T15:15:00,110.2
2026-09-12T15:20:00,117.37
2026-09-12T15:25:00,118.85
2026-09-12T15:30:00,234.66
2026-09-12T15:35:00,232.73
2026-09-12T15:40:00,233.29
2026-09-12T15:45:00,236.71
2026-09-12T15:50:00,232.63
2026-09-12T15:55:00,138.47
2026-09-12T16:00:00,143.26
2026-09-12T16:05:00,144.09
2026-09-12T16:10:00,101.61
2026-09-12T16:15:00,104.98
2026-09-12T16:20:00,102.67
2026-09-12T16:25:00,99.13
2026-09-12T16:30:00,103.59
2026-09-12T16:35:00,115.85
2026-09-12T16:40:00,114.03
2026-09-12T16:45:00,103.46
2026-09-12T16:50:00,103.51
2026-09-12T16:55:00,102.24
2026-09-12T17:00:00,106.24
2026-09-12T17:05:00,97.9
2026-09-12T17:10:00,108.81
2026-09-12T17:15:00,114.98
2026-09-12T17:20:00,98.36
2026-09-12T17:25:00,113.11
2026-09-12T17:30:00,112.77
2026-09-12T17:35:00,100.32
2026-09-12T17:40:00,99.48
2026-09-12T17:45:00,104.79
2026-09-12T17:50:00,101.35
2026-09-12T17:55:00,102.75
2026-09-12T18:00:00,102.96
2026-09-12T18:05:00,99.86
2026-09-12T18:10:00,96.47
2026-09-12T18:15:00,102.89
2026-09-12T18:20:00,94.57
2026-09-12T18:25:00,101.3
2026-09-12T18:30:00,99.89
2026-09-12T18:35:00,104.79
2026-09-12T18:40:00,101.54
2026-09-12T18:45:00,98.66
2026-09-12T18:50:00,100.84
2026-09-12T18:55:00,103.03
2026-09-12T19:00:00,101.31
2026-09-12T19:05:00,99.7
2026-09-12T19:10:00,104.92
2026-09-12T19:15:00,100.7
2026-09-12T19:20:00,101.88
2026-09-12T19:25:00,102.89
2026-09-12T19:30:00,102.45
2026-09-12T19:35:00,98.67
2026-09-12T19:40:00,98.53
2026-09-12T19:45:00,96.33
2026-09-12T19:50:00,98.34
2026-09-12T19:55:00,100.86
2026-09-12T20:00:00,100.97
2026-09-12T20:05:00,102.29
2026-09-12T20:10:00,103.33
2026-09-12T20:15:00,198.41
2026-09-12T20:20:00,194.74
2026-09-12T20:25:00,195.78
2026-09-12T20:30:00,194.74
2026-09-12T20:35:00,105.09
2026-09-12T20:40:00,196.16
2026-09-12T20:45:00,195.69
2026-09-12T20:50:00,195.72
2026-09-12T20:55:00,196.89
2026-09-12T21:00:00,208.66
2026-09-12T21:05:00,207.26
2026-09-12T21:10:00,106.66
2026-09-12T21:15:00,121.31
2026-09-12T21:20:00,121.78
2026-09-12T21:25:00,104.89
2026-09-12T21:30:00,121.45
2026-09-12T21:35:00,123.02
2026-09-12T21:40:00,106.87
2026-09-12T21:45:00,109.06
2026-09-12T21:50:00,107.85
2026-09-12T21:55:00,107.61
2026-09-12T22:00:00,109.3
2026-09-12T22:05:00,196.6
2026-09-12T22:10:00,199.35
2026-09-12T22:15:00,205.16
2026-09-12T22:20:00,194.03
2026-09-12T22:25:00,114.94
2026-09-12T22:30:00,111.62
2026-09-12T22:35:00,109.82
2026-09-12T22:40:00,205.63
2026-09-12T22:45:00,207.52
2026-09-12T22:50:00,201.94
2026-09-12T22:55:00,118.13
2026-09-12T23:00:00,208.93
2026-09-12T23:05:00,206.38
2026-09-12T23:10:00,221.6
2026-09-12T23:15:00,221.83
2026-09-12T23:20:00,204.81
2026-09-12T23:25:00,114.86
2026-09-12T23:30:00,210.21
2026-09-12T23:35:00,209.05
2026-09-12T23:40:00,206.98
2026-09-12T23:45:00,221.68
2026-09-12T23:50:00,222.88
2026-09-12T23:55:00,118.84
2026-09-13T00:00:00,222.76
2026-09-13T00:05:00,224.69
2026-09-13T00:10:00,207.37
2026-09-13T00:15:00,211.48
2026-09-13T00:20:00,232.08
2026-09-13T00:25:00,224.98
2026-09-13T00:30:00,121.8
2026-09-13T00:35:00,126.64
2026-09-13T00:40:00,121.17
2026-09-13T00:45:00,126.17
2026-09-13T00:50:00,126.78
2026-09-13T00:55:00,129.15
2026-09-13T01:00:00,129.8
2026-09-13T01:05:00,125.64
2026-09-13T01:10:00,130.91
2026-09-13T01:15:00,123.32
2026-09-13T01:20:00,128.44
2026-09-13T01:25:00,127.93
2026-09-13T01:30:00,126.93
2026-09-13T01:35:00,220.86
2026-09-13T01:40:00,217.62
2026-09-13T01:45:00,215.8
2026-09-13T01:50:00,213.92
2026-09-13T01:55:00,218.15
2026-09-13T02:00:00,142.86
2026-09-13T02:05:00,234.88
2026-09-13T02:10:00,223.52
2026-09-13T02:15:00,223.94
2026-09-13T02:20:00,217.39
2026-09-13T02:25:00,220.93
2026-09-13T02:30:00,133.15
2026-09-13T02:35:00,136.44
2026-09-13T02:40:00,129.01
2026-09-13T02:45:00,137.64
2026-09-13T02:50:00,132.15
2026-09-13T02:55:00,139.21
2026-09-13T03:00:00,152.77
2026-09-13T03:05:00,149.5
2026-09-13T03:10:00,135.85
2026-09-13T03:15:00,138.56
2026-09-13T03:20:00,239.17
2026-09-13T03:25:00,239.18
2026-09-13T03:30:00,223.7
2026-09-13T03:35:00,243.4
2026-09-13T03:40:00,134.73
2026-09-13T03:45:00,226.99
2026-09-13T03:50:00,226.56
2026-09-13T03:55:00,223.15
2026-09-13T04:00:00,221.14
2026-09-13T04:05:00,229.32
2026-09-13T04:10:00,134.25
2026-09-13T04:15:00,135.9
2026-09-13T04:20:00,138.62
2026-09-13T04:25:00,139.8
2026-09-13T04:30:00,229.14
2026-09-13T04:35:00,230.98
2026-09-13T04:40:00,234.14
2026-09-13T04:45:00,234.46
2026-09-13T04:50:00,247.82
2026-09-13T04:55:00,242.64
2026-09-13T05:00:00,134.12
2026-09-13T05:05:00,138.22
2026-09-13T05:10:00,155.74
2026-09-13T05:15:00,155.78
2026-09-13T05:20:00,140.8
2026-09-13T05:25:00,152.84
2026-09-13T05:30:00,152.51
2026-09-13T05:35:00,142.09
2026-09-13T05:40:00,144.81
2026-09-13T05:45:00,142.31
2026-09-13T05:50:00,134.56
2026-09-13T05:55:00,145.47
2026-09-13T06:00:00,144.36
2026-09-13T06:05:00,140.81
2026-09-13T06:10:00,143.93
2026-09-13T06:15:00,141.15
2026-09-13T06:20:00,145.28
2026-09-13T06:25:00,136.85
2026-09-13T06:30:00,226.35
2026-09-13T06:35:00,242.87
2026-09-13T06:40:00,243.04
2026-09-13T06:45:00,231.3
2026-09-13T06:50:00,137.18
2026-09-13T06:55:00,134.92
2026-09-13T07:00:00,143.62
2026-09-13T07:05:00,137.69
2026-09-13T07:10:00,137.81
2026-09-13T07:15:00,142.2
2026-09-13T07:20:00,138.96
2026-09-13T07:25:00,228.86
2026-09-13T07:30:00,229.07
2026-09-13T07:35:00,228.12
2026-09-13T07:40:00,230.3
2026-09-13T07:45:00,153.26
2026-09-13T07:50:00,151.69
2026-09-13T07:55:00,141.9
2026-09-13T08:00:00,150.29
2026-09-13T08:05:00,231.71
2026-09-13T08:10:00,224.26
2026-09-13T08:15:00,225.82
2026-09-13T08:20:00,222.7
2026-09-13T08:25:00,240.55
2026-09-13T08:30:00,240.79
2026-09-13T08:35:00,147.33
2026-09-13T08:40:00,135.05
2026-09-13T08:45:00,136.23
2026-09-13T08:50:00,133.32
2026-09-13T08:55:00,137.55
2026-09-13T09:00:00,137.38
2026-09-13T09:05:00,127.2
2026-09-13T09:10:00,134.1
2026-09-13T09:15:00,133.37
2026-09-13T09:20:00,135.74
2026-09-13T09:25:00,134.98
2026-09-13T09:30:00,129.31
2026-09-13T09:35:00,134.69
2026-09-13T09:40:00,136.2
2026-09-13T09:45:00,146.18
2026-09-13T09:50:00,148.51
2026-09-13T09:55:00,130.77
2026-09-13T10:00:00,125.76
2026-09-13T10:05:00,127.97
2026-09-13T10:10:00,128.06
2026-09-13T10:15:00,127.68
2026-09-13T10:20:00,127.68
2026-09-13T10:25:00,130.53
2026-09-13T10:30:00,128.31
2026-09-13T10:35:00,217.92
2026-09-13T10:40:00,218.24
2026-09-13T10:45:00,125.42
2026-09-13T10:50:00,128.25
2026-09-13T10:55:00,125.88
2026-09-13T11:00:00,124.59
2026-09-13T11:05:00,123.38
2026-09-13T11:10:00,122.53
2026-09-13T11:15:00,123.5
2026-09-13T11:20:00,139.35
2026-09-13T11:25:00,133.55
2026-09-13T11:30:00,125.9
2026-09-13T11:35:00,225.85
2026-09-13T11:40:00,221.55
2026-09-13T11:45:00,208.22
2026-09-13T11:50:00,227.97
2026-09-13T11:55:00,136.97
2026-09-13T12:00:00,214.97
2026-09-13T12:05:00,212.91
2026-09-13T12:10:00,211.8
2026-09-13T12:15:00,209.12
2026-09-13T12:20:00,202.57
2026-09-13T12:25:00,118.87
2026-09-13T12:30:00,119.46
2026-09-13T12:35:00,116.34
2026-09-13T12:40:00,114.27
2026-09-13T12:45:00,121.48
2026-09-13T12:50:00,133.09
2026-09-13T12:55:00,129.95
2026-09-13T13:00:00,114.33
2026-09-13T13:05:00,115.38
2026-09-13T13:10:00,116.5
2026-09-13T13:15:00,127.25
2026-09-13T13:20:00,126.62
2026-09-13T13:25:00,111.07
2026-09-13T13:30:00,127.58
2026-09-13T13:35:00,130.41
2026-09-13T13:40:00,112.47
2026-09-13T13:45:00,197.65
2026-09-13T13:50:00,203.24
2026-09-13T13:55:00,199.85
2026-09-13T14:00:00,202.13
2026-09-13T14:05:00,200.89
2026-09-13T14:10:00,112.87
2026-09-13T14:15:00,193.86
2026-09-13T14:20:00,199.51
2026-09-13T14:25:00,196.74
2026-09-13T14:30:00,212.38
2026-09-13T14:35:00,214.31
2026-09-13T14:40:00,192.76
2026-09-13T14:45:00,199.96
2026-09-13T14:50:00,196.07
2026-09-13T14:55:00,108.37
2026-09-13T15:00:00,100.54
2026-09-13T15:05:00,105.2
2026-09-13T15:10:00,99.3
2026-09-13T15:15:00,104.56
2026-09-13T15:20:00,107.01
2026-09-13T15:25:00,115.62
2026-09-13T15:30:00,207.91
2026-09-13T15:35:00,198.17
2026-09-13T15:40:00,192.71
2026-09-13T15:45:00,191.11
2026-09-13T15:50:00,195.89
2026-09-13T15:55:00,114.64
2026-09-13T16:00:00,118.71
2026-09-13T16:05:00,105.42
2026-09-13T16:10:00,104.36
2026-09-13T16:15:00,95.71
2026-09-13T16:20:00,103.88
2026-09-13T16:25:00,102.87
2026-09-13T16:30:00,101.96
2026-09-13T16:35:00,104.39
2026-09-13T16:40:00,141.17
2026-09-13T16:45:00,140.62
2026-09-13T16:50:00,145.28
2026-09-13T16:55:00,136.34
2026-09-13T17:00:00,140.9
2026-09-13T17:05:00,136.88
2026-09-13T17:10:00,133.38
2026-09-13T17:15:00,137.85
2026-09-13T17:20:00,142.81
2026-09-13T17:25:00,140.59
2026-09-13T17:30:00,140.48
2026-09-13T17:35:00,137.78
2026-09-13T17:40:00,100.24
2026-09-13T17:45:00,100.74
2026-09-13T17:50:00,98.96
2026-09-13T17:55:00,98.93
2026-09-13T18:00:00,100.84
2026-09-13T18:05:00,105.55
2026-09-13T18:10:00,101.87
2026-09-13T18:15:00,101.15
2026-09-13T18:20:00,98.59
2026-09-13T18:25:00,102.48
2026-09-13T18:30:00,97.11
2026-09-13T18:35:00,100.84
2026-09-13T18:40:00,106.46
2026-09-13T18:45:00,100.81
2026-09-13T18:50:00,97.38
2026-09-13T18:55:00,103.75
2026-09-13T19:00:00,105.48
2026-09-13T19:05:00,102.59
2026-09-13T19:10:00,102.91
2026-09-13T19:15:00,102.05
2026-09-13T19:20:00,103.72
2026-09-13T19:25:00,98.77
2026-09-13T19:30:00,101.63
2026-09-13T19:35:00,101.43
2026-09-13T19:40:00,101.07
2026-09-13T19:45:00,118.01
2026-09-13T19:50:00,115.55
2026-09-13T19:55:00,100.74
2026-09-13T20:00:00,195.8
2026-09-13T20:05:00,194.44
2026-09-13T20:10:00,197.19
2026-09-13T20:15:00,206.0
2026-09-13T20:20:00,209.85
2026-09-13T20:25:00,99.61
2026-09-13T20:30:00,102.19
2026-09-13T20:35:00,106.58
2026-09-13T20:40:00,109.2
2026-09-13T20:45:00,117.83
2026-09-13T20:50:00,115.04
2026-09-13T20:55:00,117.61
2026-09-13T21:00:00,105.79
2026-09-13T21:05:00,105.35
2026-09-13T21:10:00,107.2
2026-09-13T21:15:00,105.62
2026-09-13T21:20:00,109.14
2026-09-13T21:25:00,107.12
2026-09-13T21:30:00,111.04
2026-09-13T21:35:00,109.98
2026-09-13T21:40:00,107.78
2026-09-13T21:45:00,103.86
2026-09-13T21:50:00,110.24
2026-09-13T21:55:00,108.68
2026-09-13T22:00:00,106.28
2026-09-13T22:05:00,110.27
2026-09-13T22:10:00,153.34
2026-09-13T22:15:00,149.04
2026-09-13T22:20:00,152.89
2026-09-13T22:25:00,152.38
2026-09-13T22:30:00,240.39
2026-09-13T22:35:00,241.82
2026-09-13T22:40:00,241.88
2026-09-13T22:45:00,246.04
2026-09-13T22:50:00,240.78
2026-09-13T22:55:00,155.74
2026-09-13T23:00:00,265.78
2026-09-13T23:05:00,264.49
2026-09-13T23:10:00,248.93
2026-09-13T23:15:00,247.14
2026-09-13T23:20:00,211.46
2026-09-13T23:25:00,202.63
2026-09-13T23:30:00,116.43
2026-09-13T23:35:00,118.86
2026-09-13T23:40:00,117.04
2026-09-13T23:45:00,121.66
2026-09-13T23:50:00,116.65
2026-09-13T23:55:00,122.04
2026-09-14T00:00:00,121.13
2026-09-14T00:05:00,120.23
2026-09-14T00:10:00,117.62
2026-09-14T00:15:00,121.29
2026-09-14T00:20:00,141.02
2026-09-14T00:25:00,144.97
2026-09-14T00:30:00,122.15
2026-09-14T00:35:00,126.05
2026-09-14T00:40:00,120.71
2026-09-14T00:45:00,124.03
2026-09-14T00:50:00,129.27
2026-09-14T00:55:00,125.59
2026-09-14T01:00:00,124.15
2026-09-14T01:05:00,124.65
2026-09-14T01:10:00,139.3
2026-09-14T01:15:00,130.95
2026-09-14T01:20:00,123.59
2026-09-14T01:25:00,124.5
2026-09-14T01:30:00,125.39
2026-09-14T01:35:00,130.93
2026-09-14T01:40:00,124.64
2026-09-14T01:45:00,128.39
2026-09-14T01:50:00,129.19
2026-09-14T01:55:00,125.24
2026-09-14T02:00:00,132.84
2026-09-14T02:05:00,226.11
2026-09-14T02:10:00,223.02
2026-09-14T02:15:00,229.32
2026-09-14T02:20:00,145.52
2026-09-14T02:25:00,128.92
2026-09-14T02:30:00,127.48
2026-09-14T02:35:00,131.83
2026-09-14T02:40:00,133.2
2026-09-14T02:45:00,225.73
2026-09-14T02:50:00,220.22
2026-09-14T02:55:00,223.58
2026-09-14T03:00:00,224.85
2026-09-14T03:05:00,236.58
2026-09-14T03:10:00,240.49
2026-09-14T03:15:00,132.23
2026-09-14T03:20:00,135.34
2026-09-14T03:25:00,133.79
2026-09-14T03:30:00,133.21
2026-09-14T03:35:00,134.48
2026-09-14T03:40:00,133.11
2026-09-14T03:45:00,136.57
2026-09-14T03:50:00,152.81
2026-09-14T03:55:00,149.56
2026-09-14T04:00:00,139.59
2026-09-14T04:05:00,264.64
2026-09-14T04:10:00,270.13
2026-09-14T04:15:00,267.67
2026-09-14T04:20:00,266.26
2026-09-14T04:25:00,172.63
2026-09-14T04:30:00,177.97
2026-09-14T04:35:00,180.39
2026-09-14T04:40:00,191.25
2026-09-14T04:45:00,193.93
2026-09-14T04:50:00,149.76
2026-09-14T04:55:00,138.84
2026-09-14T05:00:00,227.36
2026-09-14T05:05:00,226.67
2026-09-14T05:10:00,243.3
2026-09-14T05:15:00,248.06
2026-09-14T05:20:00,228.44
2026-09-14T05:25:00,141.42
2026-09-14T05:30:00,139.89
2026-09-14T05:35:00,140.8
2026-09-14T05:40:00,145.7
2026-09-14T05:45:00,138.3
2026-09-14T05:50:00,141.19
2026-09-14T05:55:00,136.41
2026-09-14T06:00:00,224.74
2026-09-14T06:05:00,231.17
2026-09-14T06:10:00,270.23
2026-09-14T06:15:00,265.66
2026-09-14T06:20:00,275.83
2026-09-14T06:25:00,284.35
2026-09-14T06:30:00,195.54
2026-09-14T06:35:00,188.88
2026-09-14T06:40:00,182.58
2026-09-14T06:45:00,175.62
2026-09-14T06:50:00,181.24
2026-09-14T06:55:00,184.41
2026-09-14T07:00:00,194.09
2026-09-14T07:05:00,195.14
2026-09-14T07:10:00,135.59
2026-09-14T07:15:00,157.65
2026-09-14T07:20:00,157.96
2026-09-14T07:25:00,138.75
2026-09-14T07:30:00,138.49
2026-09-14T07:35:00,138.77
2026-09-14T07:40:00,140.2
2026-09-14T07:45:00,137.6
2026-09-14T07:50:00,137.88
2026-09-14T07:55:00,138.87
2026-09-14T08:00:00,139.4
2026-09-14T08:05:00,136.41
2026-09-14T08:10:00,129.61
2026-09-14T08:15:00,137.63
2026-09-14T08:20:00,134.74
2026-09-14T08:25:00,133.95
2026-09-14T08:30:00,133.83
2026-09-14T08:35:00,137.36
2026-09-14T08:40:00,130.22
2026-09-14T08:45:00,136.91
2026-09-14T08:50:00,133.12
2026-09-14T08:55:00,137.69
2026-09-14T09:00:00,152.0
2026-09-14T09:05:00,145.64
2026-09-14T09:10:00,222.21
2026-09-14T09:15:00,238.9
2026-09-14T09:20:00,234.99
2026-09-14T09:25:00,221.58
2026-09-14T09:30:00,221.81
2026-09-14T09:35:00,129.52
2026-09-14T09:40:00,132.0
2026-09-14T09:45:00,126.87
2026-09-14T09:50:00,218.47
2026-09-14T09:55:00,222.2
2026-09-14T10:00:00,221.83
2026-09-14T10:05:00,221.98
2026-09-14T10:10:00,129.97
2026-09-14T10:15:00,146.92
2026-09-14T10:20:00,139.15
2026-09-14T10:25:00,131.17
2026-09-14T10:30:00,145.66
2026-09-14T10:35:00,143.91
2026-09-14T10:40:00,124.12
2026-09-14T10:45:00,129.38
2026-09-14T10:50:00,139.94
2026-09-14T10:55:00,226.89
2026-09-14T11:00:00,213.72
2026-09-14T11:05:00,213.69
2026-09-14T11:10:00,211.0
2026-09-14T11:15:00,212.95
2026-09-14T11:20:00,208.88
2026-09-14T11:25:00,117.81
2026-09-14T11:30:00,118.41
2026-09-14T11:35:00,120.03
2026-09-14T11:40:00,123.02
2026-09-14T11:45:00,119.14
2026-09-14T11:50:00,121.4
2026-09-14T11:55:00,117.28
2026-09-14T12:00:00,118.02
2026-09-14T12:05:00,229.5
2026-09-14T12:10:00,229.53
2026-09-14T12:15:00,208.2
2026-09-14T12:20:00,203.18
2026-09-14T12:25:00,215.53
2026-09-14T12:30:00,116.92
2026-09-14T12:35:00,223.08
2026-09-14T12:40:00,223.74
2026-09-14T12:45:00,204.49
2026-09-14T12:50:00,220.2
2026-09-14T12:55:00,221.89
2026-09-14T13:00:00,203.84
2026-09-14T13:05:00,115.93
2026-09-14T13:10:00,204.96
2026-09-14T13:15:00,198.73
2026-09-14T13:20:00,206.35
2026-09-14T13:25:00,203.11
2026-09-14T13:30:00,196.9
2026-09-14T13:35:00,109.6
2026-09-14T13:40:00,205.28
2026-09-14T13:45:00,202.34
2026-09-14T13:50:00,198.93
2026-09-14T13:55:00,196.12
2026-09-14T14:00:00,202.53
2026-09-14T14:05:00,109.85
2026-09-14T14:10:00,198.86
2026-09-14T14:15:00,199.0
2026-09-14T14:20:00,193.7
2026-09-14T14:25:00,199.37
2026-09-14T14:30:00,200.02
2026-09-14T14:35:00,215.68
2026-09-14T14:40:00,124.86
2026-09-14T14:45:00,150.75
2026-09-14T14:50:00,162.25
2026-09-14T14:55:00,159.33
2026-09-14T15:00:00,145.65
2026-09-14T15:05:00,145.71
2026-09-14T15:10:00,144.69
2026-09-14T15:15:00,140.28
2026-09-14T15:20:00,143.56
2026-09-14T15:25:00,140.66
2026-09-14T15:30:00,146.09
2026-09-14T15:35:00,146.82
2026-09-14T15:40:00,142.88
2026-09-14T15:45:00,144.06
2026-09-14T15:50:00,107.57
2026-09-14T15:55:00,138.14
2026-09-14T16:00:00,142.82
2026-09-14T16:05:00,235.98
2026-09-14T16:10:00,229.85
2026-09-14T16:15:00,235.65
2026-09-14T16:20:00,235.33
2026-09-14T16:25:00,235.89
2026-09-14T16:30:00,232.15
2026-09-14T16:35:00,141.54
2026-09-14T16:40:00,98.75
2026-09-14T16:45:00,103.42
2026-09-14T16:50:00,102.47
2026-09-14T16:55:00,99.19
2026-09-14T17:00:00,97.82
2026-09-14T17:05:00,101.34
2026-09-14T17:10:00,100.26
2026-09-14T17:15:00,98.12
2026-09-14T17:20:00,99.53
2026-09-14T17:25:00,102.39
2026-09-14T17:30:00,99.54
2026-09-14T17:35:00,99.11
2026-09-14T17:40:00,120.24
2026-09-14T17:45:00,114.59
2026-09-14T17:50:00,105.03
2026-09-14T17:55:00,100.38
2026-09-14T18:00:00,102.91
2026-09-14T18:05:00,102.18
2026-09-14T18:10:00,103.54
2026-09-14T18:15:00,97.99
2026-09-14T18:20:00,100.63
2026-09-14T18:25:00,100.83
2026-09-14T18:30:00,95.99
2026-09-14T18:35:00,99.96
2026-09-14T18:40:00,112.31
2026-09-14T18:45:00,207.74
2026-09-14T18:50:00,196.28
2026-09-14T18:55:00,208.39
2026-09-14T19:00:00,208.81
2026-09-14T19:05:00,98.11
2026-09-14T19:10:00,101.67
2026-09-14T19:15:00,104.81
2026-09-14T19:20:00,95.97
2026-09-14T19:25:00,102.7
2026-09-14T19:30:00,97.18
2026-09-14T19:35:00,117.74
2026-09-14T19:40:00,114.83
2026-09-14T19:45:00,104.64
2026-09-14T19:50:00,116.7
2026-09-14T19:55:00,115.2
2026-09-14T20:00:00,108.43
2026-09-14T20:05:00,117.79
2026-09-14T20:10:00,121.44
2026-09-14T20:15:00,100.35
2026-09-14T20:20:00,114.34
2026-09-14T20:25:00,117.59
2026-09-14T20:30:00,114.63
2026-09-14T20:35:00,111.36
2026-09-14T20:40:00,120.22
2026-09-14T20:45:00,119.41
2026-09-14T20:50:00,103.61
2026-09-14T20:55:00,106.03
2026-09-14T21:00:00,109.88
2026-09-14T21:05:00,110.33
2026-09-14T21:10:00,117.9
2026-09-14T21:15:00,121.59
2026-09-14T21:20:00,197.34
2026-09-14T21:25:00,207.86
2026-09-14T21:30:00,211.48
2026-09-14T21:35:00,198.44
2026-09-14T21:40:00,215.02
2026-09-14T21:45:00,110.8
2026-09-14T21:50:00,123.81
2026-09-14T21:55:00,128.65
2026-09-14T22:00:00,112.71
2026-09-14T22:05:00,216.23
2026-09-14T22:10:00,215.53
2026-09-14T22:15:00,203.17
2026-09-14T22:20:00,214.69
2026-09-14T22:25:00,216.86
2026-09-14T22:30:00,216.88
2026-09-14T22:35:00,107.06
2026-09-14T22:40:00,211.82
2026-09-14T22:45:00,218.79
2026-09-14T22:50:00,205.02
2026-09-14T22:55:00,203.83
2026-09-14T23:00:00,204.28
2026-09-14T23:05:00,205.31
2026-09-14T23:10:00,114.86
2026-09-14T23:15:00,204.33
2026-09-14T23:20:00,208.85
2026-09-14T23:25:00,203.25
2026-09-14T23:30:00,244.79
2026-09-14T23:35:00,250.28
2026-09-14T23:40:00,247.86
2026-09-14T23:45:00,246.55
2026-09-14T23:50:00,157.69
2026-09-14T23:55:00,172.09
2026-09-15T00:00:00,173.59
2026-09-15T00:05:00,161.35
2026-09-15T00:10:00,165.68
2026-09-15T00:15:00,159.27
2026-09-15T00:20:00,123.71
2026-09-15T00:25:00,120.41
2026-09-15T00:30:00,130.76
2026-09-15T00:35:00,120.27
2026-09-15T00:40:00,123.0
2026-09-15T00:45:00,124.87
2026-09-15T00:50:00,124.66
2026-09-15T00:55:00,183.7
2026-09-15T01:00:00,160.34
2026-09-15T01:05:00,166.91
2026-09-15T01:10:00,163.52
2026-09-15T01:15:00,166.58
2026-09-15T01:20:00,169.4
2026-09-15T01:25:00,169.15
2026-09-15T01:30:00,270.38
2026-09-15T01:35:00,271.32
2026-09-15T01:40:00,257.94
2026-09-15T01:45:00,252.53
2026-09-15T01:50:00,257.75
2026-09-15T01:55:00,126.25
2026-09-15T02:00:00,127.18
2026-09-15T02:05:00,129.36
2026-09-15T02:10:00,127.71
2026-09-15T02:15:00,139.52
2026-09-15T02:20:00,127.02
2026-09-15T02:25:00,125.76
2026-09-15T02:30:00,147.03
2026-09-15T02:35:00,239.15
2026-09-15T02:40:00,218.74
2026-09-15T02:45:00,221.47
2026-09-15T02:50:00,225.44
2026-09-15T02:55:00,220.7
2026-09-15T03:00:00,135.22
2026-09-15T03:05:00,221.12
2026-09-15T03:10:00,226.85
2026-09-15T03:15:00,228.0
2026-09-15T03:20:00,228.23
2026-09-15T03:25:00,226.09
2026-09-15T03:30:00,136.93
2026-09-15T03:35:00,136.35
2026-09-15T03:40:00,154.65
2026-09-15T03:45:00,150.34
2026-09-15T03:50:00,134.75
2026-09-15T03:55:00,136.21
2026-09-15T04:00:00,142.41
2026-09-15T04:05:00,138.8
2026-09-15T04:10:00,138.69
2026-09-15T04:15:00,135.38
2026-09-15T04:20:00,132.72
2026-09-15T04:25:00,137.24
2026-09-15T04:30:00,140.38
2026-09-15T04:35:00,147.07
2026-09-15T04:40:00,140.83
2026-09-15T04:45:00,140.27
2026-09-15T04:50:00,247.1
2026-09-15T04:55:00,241.14
2026-09-15T05:00:00,229.16
2026-09-15T05:05:00,227.9
2026-09-15T05:10:00,228.76
2026-09-15T05:15:00,228.21
2026-09-15T05:20:00,143.69
2026-09-15T05:25:00,137.61
2026-09-15T05:30:00,140.4
2026-09-15T05:35:00,180.93
2026-09-15T05:40:00,175.13
2026-09-15T05:45:00,180.29
2026-09-15T05:50:00,181.53
2026-09-15T05:55:00,178.6
2026-09-15T06:00:00,179.23
2026-09-15T06:05:00,180.97
2026-09-15T06:10:00,178.59
2026-09-15T06:15:00,266.42
2026-09-15T06:20:00,274.55
2026-09-15T06:25:00,271.5
2026-09-15T06:30:00,267.43
2026-09-15T06:35:00,269.41
2026-09-15T06:40:00,225.17
2026-09-15T06:45:00,138.3
2026-09-15T06:50:00,139.56
2026-09-15T06:55:00,153.18
2026-09-15T07:00:00,191.29
2026-09-15T07:05:00,183.89
2026-09-15T07:10:00,184.56
2026-09-15T07:15:00,178.83
2026-09-15T07:20:00,179.85
2026-09-15T07:25:00,179.48
2026-09-15T07:30:00,178.48
2026-09-15T07:35:00,179.14
2026-09-15T07:40:00,182.84
2026-09-15T07:45:00,172.94
2026-09-15T07:50:00,191.89
2026-09-15T07:55:00,192.26
2026-09-15T08:00:00,138.08
2026-09-15T08:05:00,153.43
2026-09-15T08:10:00,152.93
2026-09-15T08:15:00,156.74
2026-09-15T08:20:00,132.68
2026-09-15T08:25:00,230.05
2026-09-15T08:30:00,229.33
2026-09-15T08:35:00,242.91
2026-09-15T08:40:00,241.67
2026-09-15T08:45:00,225.77
2026-09-15T08:50:00,132.72
2026-09-15T08:55:00,144.86
2026-09-15T09:00:00,146.16
2026-09-15T09:05:00,126.86
2026-09-15T09:10:00,235.43
2026-09-15T09:15:00,236.3
2026-09-15T09:20:00,234.46
2026-09-15T09:25:00,224.71
2026-09-15T09:30:00,133.14
2026-09-15T09:35:00,130.0
2026-09-15T09:40:00,220.88
2026-09-15T09:45:00,221.04
2026-09-15T09:50:00,216.37
2026-09-15T09:55:00,127.62
2026-09-15T10:00:00,222.94
2026-09-15T10:05:00,217.91
2026-09-15T10:10:00,218.57
2026-09-15T10:15:00,222.32
2026-09-15T10:20:00,233.7
2026-09-15T10:25:00,144.46
2026-09-15T10:30:00,130.13
2026-09-15T10:35:00,143.61
2026-09-15T10:40:00,136.1
2026-09-15T10:45:00,123.05
2026-09-15T10:50:00,129.83
2026-09-15T10:55:00,119.72
2026-09-15T11:00:00,217.98
2026-09-15T11:05:00,219.68
2026-09-15T11:10:00,211.2
2026-09-15T11:15:00,214.87
2026-09-15T11:20:00,124.16
2026-09-15T11:25:00,123.59
2026-09-15T11:30:00,120.52
2026-09-15T11:35:00,211.8
2026-09-15T11:40:00,212.48
2026-09-15T11:45:00,213.06
2026-09-15T11:50:00,204.72
2026-09-15T11:55:00,209.44
2026-09-15T12:00:00,116.1
2026-09-15T12:05:00,206.48
2026-09-15T12:10:00,213.26
2026-09-15T12:15:00,208.86
2026-09-15T12:20:00,204.14
2026-09-15T12:25:00,112.22
2026-09-15T12:30:00,120.6
2026-09-15T12:35:00,115.45
2026-09-15T12:40:00,113.71
2026-09-15T12:45:00,117.92
2026-09-15T12:50:00,111.22
2026-09-15T12:55:00,109.85
2026-09-15T13:00:00,111.42
2026-09-15T13:05:00,110.23
2026-09-15T13:10:00,107.36
2026-09-15T13:15:00,112.74
2026-09-15T13:20:00,113.99
2026-09-15T13:25:00,126.86
2026-09-15T13:30:00,129.01
2026-09-15T13:35:00,110.6
2026-09-15T13:40:00,112.69
2026-09-15T13:45:00,114.73
2026-09-15T13:50:00,132.8
2026-09-15T13:55:00,119.86
2026-09-15T14:00:00,125.98
2026-09-15T14:05:00,110.94
2026-09-15T14:10:00,127.53
2026-09-15T14:15:00,125.55
2026-09-15T14:20:00,107.93
2026-09-15T14:25:00,109.55
2026-09-15T14:30:00,111.89
2026-09-15T14:35:00,103.56
2026-09-15T14:40:00,100.32
2026-09-15T14:45:00,121.39
2026-09-15T14:50:00,114.86
2026-09-15T14:55:00,120.22
2026-09-15T15:00:00,104.97
2026-09-15T15:05:00,118.34
2026-09-15T15:10:00,120.93
2026-09-15T15:15:00,106.43
2026-09-15T15:20:00,112.85
2026-09-15T15:25:00,214.2
2026-09-15T15:30:00,184.58
2026-09-15T15:35:00,193.81
2026-09-15T15:40:00,191.41
2026-09-15T15:45:00,144.84
2026-09-15T15:50:00,144.59
2026-09-15T15:55:00,143.28
2026-09-15T16:00:00,159.5
2026-09-15T16:05:00,155.07
2026-09-15T16:10:00,139.74
2026-09-15T16:15:00,139.87
2026-09-15T16:20:00,145.8
2026-09-15T16:25:00,139.11
2026-09-15T16:30:00,142.93
2026-09-15T16:35:00,140.52
2026-09-15T16:40:00,142.17
2026-09-15T16:45:00,97.75
2026-09-15T16:50:00,115.57
2026-09-15T16:55:00,113.79
2026-09-15T17:00:00,96.55
2026-09-15T17:05:00,116.51
2026-09-15T17:10:00,118.13
2026-09-15T17:15:00,102.31
2026-09-15T17:20:00,115.19
2026-09-15T17:25:00,115.3
2026-09-15T17:30:00,117.83
2026-09-15T17:35:00,103.98
2026-09-15T17:40:00,113.71
2026-09-15T17:45:00,109.04
2026-09-15T17:50:00,102.37
2026-09-15T17:55:00,104.47
2026-09-15T18:00:00,98.28
2026-09-15T18:05:00,102.58
2026-09-15T18:10:00,112.22
2026-09-15T18:15:00,119.21
2026-09-15T18:20:00,101.02
2026-09-15T18:25:00,115.3
2026-09-15T18:30:00,113.98
2026-09-15T18:35:00,100.16
2026-09-15T18:40:00,104.77
2026-09-15T18:45:00,100.49
2026-09-15T18:50:00,103.06
2026-09-15T18:55:00,157.91
2026-09-15T19:00:00,152.6
2026-09-15T19:05:00,142.71
2026-09-15T19:10:00,158.47
2026-09-15T19:15:00,150.86
2026-09-15T19:20:00,140.63
2026-09-15T19:25:00,104.43
2026-09-15T19:30:00,103.02
2026-09-15T19:35:00,101.7
2026-09-15T19:40:00,102.01
2026-09-15T19:45:00,107.4
2026-09-15T19:50:00,103.27
2026-09-15T19:55:00,104.57
2026-09-15T20:00:00,111.08
2026-09-15T20:05:00,120.4
2026-09-15T20:10:00,119.76
2026-09-15T20:15:00,97.96
2026-09-15T20:20:00,103.29
2026-09-15T20:25:00,107.62
2026-09-15T20:30:00,101.74
2026-09-15T20:35:00,117.64
2026-09-15T20:40:00,122.38
2026-09-15T20:45:00,95.57
2026-09-15T20:50:00,104.39
2026-09-15T20:55:00,108.23
2026-09-15T21:00:00,112.66
2026-09-15T21:05:00,103.59
2026-09-15T21:10:00,103.76
2026-09-15T21:15:00,109.45
2026-09-15T21:20:00,103.07
2026-09-15T21:25:00,116.05
2026-09-15T21:30:00,106.36
2026-09-15T21:35:00,107.8
2026-09-15T21:40:00,106.65
2026-09-15T21:45:00,112.31
2026-09-15T21:50:00,109.97
2026-09-15T21:55:00,113.68
2026-09-15T22:00:00,107.92
2026-09-15T22:05:00,104.11
2026-09-15T22:10:00,115.78
2026-09-15T22:15:00,111.02
2026-09-15T22:20:00,149.92
2026-09-15T22:25:00,237.03
2026-09-15T22:30:00,241.93
2026-09-15T22:35:00,239.36
2026-09-15T22:40:00,241.84
2026-09-15T22:45:00,244.08
2026-09-15T22:50:00,239.39
2026-09-15T22:55:00,148.56
2026-09-15T23:00:00,158.32
2026-09-15T23:05:00,128.24
2026-09-15T23:10:00,129.34
2026-09-15T23:15:00,116.68
2026-09-15T23:20:00,112.56
2026-09-15T23:25:00,119.33
2026-09-15T23:30:00,114.64
2026-09-15T23:35:00,118.86
2026-09-15T23:40:00,113.34
2026-09-15T23:45:00,207.75
2026-09-15T23:50:00,212.54
2026-09-15T23:55:00,226.84
2026-09-16T00:00:00,219.77
2026-09-16T00:05:00,214.17
2026-09-16T00:10:00,125.74
2026-09-16T00:15:00,116.08
2026-09-16T00:20:00,122.89
2026-09-16T00:25:00,121.55
2026-09-16T00:30:00,127.37
2026-09-16T00:35:00,126.68
2026-09-16T00:40:00,125.71
2026-09-16T00:45:00,125.38
2026-09-16T00:50:00,124.99
2026-09-16T00:55:00,121.86
2026-09-16T01:00:00,125.88
2026-09-16T01:05:00,126.49
2026-09-16T01:10:00,125.58
2026-09-16T01:15:00,129.66
2026-09-16T01:20:00,132.67
2026-09-16T01:25:00,166.42
2026-09-16T01:30:00,260.85
2026-09-16T01:35:00,261.7
2026-09-16T01:40:00,263.84
2026-09-16T01:45:00,167.63
2026-09-16T01:50:00,257.59
2026-09-16T01:55:00,257.27
2026-09-16T02:00:00,252.74
2026-09-16T02:05:00,277.42
2026-09-16T02:10:00,277.82
2026-09-16T02:15:00,266.08
2026-09-16T02:20:00,132.01
2026-09-16T02:25:00,144.67
2026-09-16T02:30:00,145.33
2026-09-16T02:35:00,134.16
2026-09-16T02:40:00,130.78
2026-09-16T02:45:00,130.51
2026-09-16T02:50:00,222.97
2026-09-16T02:55:00,231.1
2026-09-16T03:00:00,226.95
2026-09-16T03:05:00,224.95
2026-09-16T03:10:00,129.67
2026-09-16T03:15:00,135.47
2026-09-16T03:20:00,135.61
2026-09-16T03:25:00,140.11
2026-09-16T03:30:00,136.63
2026-09-16T03:35:00,136.68
2026-09-16T03:40:00,135.09
2026-09-16T03:45:00,148.8
2026-09-16T03:50:00,154.21
2026-09-16T03:55:00,138.94
2026-09-16T04:00:00,133.65
2026-09-16T04:05:00,137.29
2026-09-16T04:10:00,155.94
2026-09-16T04:15:00,153.75
2026-09-16T04:20:00,134.9
2026-09-16T04:25:00,138.52
2026-09-16T04:30:00,138.54
2026-09-16T04:35:00,153.31
2026-09-16T04:40:00,151.32
2026-09-16T04:45:00,141.48
2026-09-16T04:50:00,140.15
2026-09-16T04:55:00,142.04
2026-09-16T05:00:00,136.53
2026-09-16T05:05:00,143.22
2026-09-16T05:10:00,141.07
2026-09-16T05:15:00,138.74
2026-09-16T05:20:00,138.37
2026-09-16T05:25:00,140.26
2026-09-16T05:30:00,141.53
2026-09-16T05:35:00,142.65
2026-09-16T05:40:00,136.86
2026-09-16T05:45:00,141.23
2026-09-16T05:50:00,137.17
2026-09-16T05:55:00,144.57
2026-09-16T06:00:00,143.74
2026-09-16T06:05:00,135.36
2026-09-16T06:10:00,139.12
2026-09-16T06:15:00,137.45
2026-09-16T06:20:00,136.41
2026-09-16T06:25:00,145.26
2026-09-16T06:30:00,232.16
2026-09-16T06:35:00,231.42
2026-09-16T06:40:00,229.79
2026-09-16T06:45:00,230.37
2026-09-16T06:50:00,139.54
2026-09-16T06:55:00,147.92
2026-09-16T07:00:00,138.54
2026-09-16T07:05:00,138.32
2026-09-16T07:10:00,137.06
2026-09-16T07:15:00,136.31
2026-09-16T07:20:00,136.95
2026-09-16T07:25:00,140.9
2026-09-16T07:30:00,140.29
2026-09-16T07:35:00,155.57
2026-09-16T07:40:00,156.89
2026-09-16T07:45:00,138.76
2026-09-16T07:50:00,136.79
2026-09-16T07:55:00,139.27
2026-09-16T08:00:00,136.13
2026-09-16T08:05:00,226.62
2026-09-16T08:10:00,225.64
2026-09-16T08:15:00,176.09
2026-09-16T08:20:00,174.9
2026-09-16T08:25:00,176.02
2026-09-16T08:30:00,172.59
2026-09-16T08:35:00,183.99
2026-09-16T08:40:00,174.17
2026-09-16T08:45:00,177.25
2026-09-16T08:50:00,189.26
2026-09-16T08:55:00,281.85
2026-09-16T09:00:00,268.66
2026-09-16T09:05:00,276.26
2026-09-16T09:10:00,279.83
2026-09-16T09:15:00,258.16
2026-09-16T09:20:00,171.78
2026-09-16T09:25:00,133.21
2026-09-16T09:30:00,127.71
2026-09-16T09:35:00,131.76
2026-09-16T09:40:00,131.81
2026-09-16T09:45:00,145.95
2026-09-16T09:50:00,139.33
2026-09-16T09:55:00,221.98
2026-09-16T10:00:00,233.88
2026-09-16T10:05:00,235.25
2026-09-16T10:10:00,216.51
2026-09-16T10:15:00,142.04
2026-09-16T10:20:00,146.5
2026-09-16T10:25:00,124.63
2026-09-16T10:30:00,125.44
2026-09-16T10:35:00,132.33
2026-09-16T10:40:00,126.81
2026-09-16T10:45:00,128.44
2026-09-16T10:50:00,129.4
2026-09-16T10:55:00,144.61
2026-09-16T11:00:00,134.99
2026-09-16T11:05:00,122.11
2026-09-16T11:10:00,139.54
2026-09-16T11:15:00,136.98
2026-09-16T11:20:00,135.95
2026-09-16T11:25:00,218.83
2026-09-16T11:30:00,214.41
2026-09-16T11:35:00,215.99
2026-09-16T11:40:00,123.36
2026-09-16T11:45:00,133.7
2026-09-16T11:50:00,137.28
2026-09-16T11:55:00,119.82
2026-09-16T12:00:00,226.15
2026-09-16T12:05:00,227.98
2026-09-16T12:10:00,213.64
2026-09-16T12:15:00,252.51
2026-09-16T12:20:00,157.98
2026-09-16T12:25:00,154.87
2026-09-16T12:30:00,156.08
2026-09-16T12:35:00,153.64
2026-09-16T12:40:00,173.41
2026-09-16T12:45:00,157.13
2026-09-16T12:50:00,150.84
2026-09-16T12:55:00,153.91
2026-09-16T13:00:00,157.05
2026-09-16T13:05:00,161.06
2026-09-16T13:10:00,115.78
2026-09-16T13:15:00,114.8
2026-09-16T13:20:00,204.06
2026-09-16T13:25:00,213.14
2026-09-16T13:30:00,218.06
2026-09-16T13:35:00,203.5
2026-09-16T13:40:00,199.71
2026-09-16T13:45:00,244.1
2026-09-16T13:50:00,240.66
2026-09-16T13:55:00,153.0
2026-09-16T14:00:00,152.51
2026-09-16T14:05:00,144.87
2026-09-16T14:10:00,148.24
2026-09-16T14:15:00,147.6
2026-09-16T14:20:00,148.49
2026-09-16T14:25:00,147.33
2026-09-16T14:30:00,149.12
2026-09-16T14:35:00,152.6
2026-09-16T14:40:00,106.5
2026-09-16T14:45:00,103.48
2026-09-16T14:50:00,105.38
2026-09-16T14:55:00,103.46
2026-09-16T15:00:00,121.1
2026-09-16T15:05:00,123.55
2026-09-16T15:10:00,110.43
2026-09-16T15:15:00,108.12
2026-09-16T15:20:00,104.99
2026-09-16T15:25:00,102.53
2026-09-16T15:30:00,122.46
2026-09-16T15:35:00,106.02
2026-09-16T15:40:00,102.95
2026-09-16T15:45:00,100.57
2026-09-16T15:50:00,106.73
2026-09-16T15:55:00,103.96
2026-09-16T16:00:00,96.8
2026-09-16T16:05:00,117.86
2026-09-16T16:10:00,113.04
2026-09-16T16:15:00,102.36
2026-09-16T16:20:00,117.61
2026-09-16T16:25:00,119.08
2026-09-16T16:30:00,112.05
2026-09-16T16:35:00,96.73
2026-09-16T16:40:00,106.98
2026-09-16T16:45:00,103.09
2026-09-16T16:50:00,100.55
2026-09-16T16:55:00,102.07
2026-09-16T17:00:00,105.56
2026-09-16T17:05:00,98.74
2026-09-16T17:10:00,100.16
2026-09-16T17:15:00,141.16
2026-09-16T17:20:00,138.83
2026-09-16T17:25:00,136.52
2026-09-16T17:30:00,136.68
2026-09-16T17:35:00,140.61
2026-09-16T17:40:00,151.24
2026-09-16T17:45:00,158.99
2026-09-16T17:50:00,146.32
2026-09-16T17:55:00,243.42
2026-09-16T18:00:00,248.4
2026-09-16T18:05:00,228.4
2026-09-16T18:10:00,228.47
2026-09-16T18:15:00,230.72
2026-09-16T18:20:00,138.39
2026-09-16T18:25:00,230.64
2026-09-16T18:30:00,189.61
2026-09-16T18:35:00,194.9
2026-09-16T18:40:00,195.28
2026-09-16T18:45:00,195.92
2026-09-16T18:50:00,192.35
2026-09-16T18:55:00,98.98
2026-09-16T19:00:00,101.21
2026-09-16T19:05:00,116.17
2026-09-16T19:10:00,117.64
2026-09-16T19:15:00,96.37
2026-09-16T19:20:00,114.85
2026-09-16T19:25:00,116.0
2026-09-16T19:30:00,96.76
2026-09-16T19:35:00,101.04
2026-09-16T19:40:00,102.56
2026-09-16T19:45:00,97.53
2026-09-16T19:50:00,101.73
2026-09-16T19:55:00,106.79
2026-09-16T20:00:00,100.6
2026-09-16T20:05:00,101.93
2026-09-16T20:10:00,103.25
2026-09-16T20:15:00,107.13
2026-09-16T20:20:00,101.66
2026-09-16T20:25:00,139.08
2026-09-16T20:30:00,146.88
2026-09-16T20:35:00,167.42
2026-09-16T20:40:00,160.6
2026-09-16T20:45:00,145.66
2026-09-16T20:50:00,145.45
2026-09-16T20:55:00,145.99
2026-09-16T21:00:00,147.83
2026-09-16T21:05:00,141.72
2026-09-16T21:10:00,147.92
2026-09-16T21:15:00,147.26
2026-09-16T21:20:00,149.63
2026-09-16T21:25:00,145.73
2026-09-16T21:30:00,122.15
2026-09-16T21:35:00,125.81
2026-09-16T21:40:00,103.55
2026-09-16T21:45:00,122.45
2026-09-16T21:50:00,110.76
2026-09-16T21:55:00,112.73
2026-09-16T22:00:00,113.55
2026-09-16T22:05:00,111.81
2026-09-16T22:10:00,111.81
2026-09-16T22:15:00,112.27
2026-09-16T22:20:00,108.39
2026-09-16T22:25:00,114.36
2026-09-16T22:30:00,124.77
2026-09-16T22:35:00,126.67
2026-09-16T22:40:00,112.86
2026-09-16T22:45:00,124.82
2026-09-16T22:50:00,130.1
2026-09-16T22:55:00,116.8
2026-09-16T23:00:00,203.44
2026-09-16T23:05:00,206.9
2026-09-16T23:10:00,205.49
2026-09-16T23:15:00,208.47
2026-09-16T23:20:00,208.88
2026-09-16T23:25:00,120.88
2026-09-16T23:30:00,203.57
2026-09-16T23:35:00,204.69
2026-09-16T23:40:00,214.36
2026-09-16T23:45:00,226.11
2026-09-16T23:50:00,205.54
2026-09-16T23:55:00,203.32
2026-09-17T00:00:00,215.5
2026-09-17T00:05:00,116.27
2026-09-17T00:10:00,212.4
2026-09-17T00:15:00,209.34
2026-09-17T00:20:00,210.18
2026-09-17T00:25:00,211.97
2026-09-17T00:30:00,253.64
2026-09-17T00:35:00,159.2
2026-09-17T00:40:00,164.08
2026-09-17T00:45:00,165.02
2026-09-17T00:50:00,160.99
2026-09-17T00:55:00,162.85
2026-09-17T01:00:00,166.36
2026-09-17T01:05:00,165.02
2026-09-17T01:10:00,161.57
2026-09-17T01:15:00,165.73
2026-09-17T01:20:00,166.67
2026-09-17T01:25:00,172.79
2026-09-17T01:30:00,122.85
2026-09-17T01:35:00,129.09
2026-09-17T01:40:00,126.48
2026-09-17T01:45:00,132.17
2026-09-17T01:50:00,140.83
2026-09-17T01:55:00,141.46
2026-09-17T02:00:00,132.79
2026-09-17T02:05:00,130.33
2026-09-17T02:10:00,220.44
2026-09-17T02:15:00,217.53
2026-09-17T02:20:00,218.29
2026-09-17T02:25:00,222.57
2026-09-17T02:30:00,150.38
2026-09-17T02:35:00,238.25
2026-09-17T02:40:00,231.73
2026-09-17T02:45:00,225.67
2026-09-17T02:50:00,220.71
2026-09-17T02:55:00,223.73
2026-09-17T03:00:00,134.93
2026-09-17T03:05:00,225.23
2026-09-17T03:10:00,223.64
2026-09-17T03:15:00,225.81
2026-09-17T03:20:00,225.85
2026-09-17T03:25:00,228.81
2026-09-17T03:30:00,134.52
2026-09-17T03:35:00,138.79
2026-09-17T03:40:00,138.62
2026-09-17T03:45:00,137.22
2026-09-17T03:50:00,138.18
2026-09-17T03:55:00,135.24
2026-09-17T04:00:00,137.74
2026-09-17T04:05:00,135.78
2026-09-17T04:10:00,140.61
2026-09-17T04:15:00,133.33
2026-09-17T04:20:00,152.1
2026-09-17T04:25:00,153.08
2026-09-17T04:30:00,136.18
2026-09-17T04:35:00,136.27
2026-09-17T04:40:00,147.97
2026-09-17T04:45:00,156.78
2026-09-17T04:50:00,137.11
2026-09-17T04:55:00,137.25
2026-09-17T05:00:00,136.23
2026-09-17T05:05:00,140.06
2026-09-17T05:10:00,155.79
2026-09-17T05:15:00,138.45
2026-09-17T05:20:00,140.68
2026-09-17T05:25:00,141.0
2026-09-17T05:30:00,135.34
2026-09-17T05:35:00,139.77
2026-09-17T05:40:00,144.34
2026-09-17T05:45:00,142.07
2026-09-17T05:50:00,144.03
2026-09-17T05:55:00,141.07
2026-09-17T06:00:00,140.86
2026-09-17T06:05:00,138.89
2026-09-17T06:10:00,139.84
2026-09-17T06:15:00,138.84
2026-09-17T06:20:00,229.29
2026-09-17T06:25:00,227.17
2026-09-17T06:30:00,227.82
2026-09-17T06:35:00,226.87
2026-09-17T06:40:00,230.2
2026-09-17T06:45:00,136.71
2026-09-17T06:50:00,140.03
2026-09-17T06:55:00,135.69
2026-09-17T07:00:00,143.01
2026-09-17T07:05:00,138.86
2026-09-17T07:10:00,137.99
2026-09-17T07:15:00,140.36
2026-09-17T07:20:00,150.6
2026-09-17T07:25:00,154.51
2026-09-17T07:30:00,137.55
2026-09-17T07:35:00,135.58
2026-09-17T07:40:00,140.43
2026-09-17T07:45:00,135.13
2026-09-17T07:50:00,142.84
2026-09-17T07:55:00,137.82
2026-09-17T08:00:00,133.78
2026-09-17T08:05:00,142.08
2026-09-17T08:10:00,136.89
2026-09-17T08:15:00,152.8
2026-09-17T08:20:00,149.93
2026-09-17T08:25:00,135.13
2026-09-17T08:30:00,228.77
2026-09-17T08:35:00,221.45
2026-09-17T08:40:00,225.15
2026-09-17T08:45:00,225.78
2026-09-17T08:50:00,137.26
2026-09-17T08:55:00,135.16
2026-09-17T09:00:00,219.88
2026-09-17T09:05:00,223.45
2026-09-17T09:10:00,222.86
2026-09-17T09:15:00,222.23
2026-09-17T09:20:00,219.3
2026-09-17T09:25:00,220.8
2026-09-17T09:30:00,146.52
2026-09-17T09:35:00,142.46
2026-09-17T09:40:00,134.43
2026-09-17T09:45:00,148.3
2026-09-17T09:50:00,235.05
2026-09-17T09:55:00,218.74
2026-09-17T10:00:00,235.05
2026-09-17T10:05:00,234.0
2026-09-17T10:10:00,230.5
2026-09-17T10:15:00,130.53
2026-09-17T10:20:00,127.93
2026-09-17T10:25:00,126.56
2026-09-17T10:30:00,122.42
2026-09-17T10:35:00,129.82
2026-09-17T10:40:00,127.15
2026-09-17T10:45:00,219.31
2026-09-17T10:50:00,213.59
2026-09-17T10:55:00,215.02
2026-09-17T11:00:00,219.93
2026-09-17T11:05:00,212.82
2026-09-17T11:10:00,215.54
2026-09-17T11:15:00,123.27
2026-09-17T11:20:00,215.68
2026-09-17T11:25:00,205.65
2026-09-17T11:30:00,211.49
2026-09-17T11:35:00,214.75
2026-09-17T11:40:00,208.46
2026-09-17T11:45:00,215.11
2026-09-17T11:50:00,119.39
2026-09-17T11:55:00,210.41
2026-09-17T12:00:00,212.02
2026-09-17T12:05:00,208.92
2026-09-17T12:10:00,207.63
2026-09-17T12:15:00,208.71
2026-09-17T12:20:00,200.28
2026-09-17T12:25:00,122.08
2026-09-17T12:30:00,204.62
2026-09-17T12:35:00,203.72
2026-09-17T12:40:00,203.01
2026-09-17T12:45:00,201.98
2026-09-17T12:50:00,116.91
2026-09-17T12:55:00,118.48
2026-09-17T13:00:00,112.95
2026-09-17T13:05:00,114.51
2026-09-17T13:10:00,112.11
2026-09-17T13:15:00,109.06
2026-09-17T13:20:00,115.58
2026-09-17T13:25:00,117.2
2026-09-17T13:30:00,113.49
2026-09-17T13:35:00,114.58
2026-09-17T13:40:00,111.75
2026-09-17T13:45:00,125.73
2026-09-17T13:50:00,124.12
2026-09-17T13:55:00,111.41
2026-09-17T14:00:00,107.99
2026-09-17T14:05:00,112.3
2026-09-17T14:10:00,196.33
2026-09-17T14:15:00,203.47
2026-09-17T14:20:00,199.77
2026-09-17T14:25:00,197.4
2026-09-17T14:30:00,192.22
2026-09-17T14:35:00,110.07
2026-09-17T14:40:00,193.61
2026-09-17T14:45:00,195.85
2026-09-17T14:50:00,198.34
2026-09-17T14:55:00,196.27
2026-09-17T15:00:00,198.3
2026-09-17T15:05:00,192.44
2026-09-17T15:10:00,103.39
2026-09-17T15:15:00,193.47
2026-09-17T15:20:00,187.86
2026-09-17T15:25:00,199.81
2026-09-17T15:30:00,190.55
2026-09-17T15:35:00,194.88
2026-09-17T15:40:00,199.69
2026-09-17T15:45:00,109.04
2026-09-17T15:50:00,187.3
2026-09-17T15:55:00,193.48
2026-09-17T16:00:00,193.62
2026-09-17T16:05:00,189.44
2026-09-17T16:10:00,100.94
2026-09-17T16:15:00,101.63
2026-09-17T16:20:00,102.3
2026-09-17T16:25:00,194.87
2026-09-17T16:30:00,187.78
2026-09-17T16:35:00,196.99
2026-09-17T16:40:00,192.43
2026-09-17T16:45:00,192.96
2026-09-17T16:50:00,97.26
2026-09-17T16:55:00,190.89
2026-09-17T17:00:00,185.86
2026-09-17T17:05:00,192.91
2026-09-17T17:10:00,190.44
2026-09-17T17:15:00,99.91
2026-09-17T17:20:00,103.2
2026-09-17T17:25:00,116.18
2026-09-17T17:30:00,116.05
2026-09-17T17:35:00,102.39
2026-09-17T17:40:00,98.25
2026-09-17T17:45:00,98.22
2026-09-17T17:50:00,100.8
2026-09-17T17:55:00,98.3
2026-09-17T18:00:00,99.71
2026-09-17T18:05:00,97.94
2026-09-17T18:10:00,94.5
2026-09-17T18:15:00,99.74
2026-09-17T18:20:00,188.06
2026-09-17T18:25:00,192.59
2026-09-17T18:30:00,188.88
2026-09-17T18:35:00,99.98
2026-09-17T18:40:00,102.41
2026-09-17T18:45:00,94.85
2026-09-17T18:50:00,107.94
2026-09-17T18:55:00,100.7
2026-09-17T19:00:00,99.28
2026-09-17T19:05:00,99.82
2026-09-17T19:10:00,182.5
2026-09-17T19:15:00,189.25
2026-09-17T19:20:00,211.4
2026-09-17T19:25:00,212.91
2026-09-17T19:30:00,194.38
2026-09-17T19:35:00,97.79
2026-09-17T19:40:00,188.96
2026-09-17T19:45:00,193.46
2026-09-17T19:50:00,198.23
2026-09-17T19:55:00,191.99
2026-09-17T20:00:00,191.58
2026-09-17T20:05:00,100.3
2026-09-17T20:10:00,103.82
2026-09-17T20:15:00,102.17
2026-09-17T20:20:00,107.99
2026-09-17T20:25:00,97.7
2026-09-17T20:30:00,103.28
2026-09-17T20:35:00,105.95
2026-09-17T20:40:00,120.61
2026-09-17T20:45:00,120.58
2026-09-17T20:50:00,104.94
2026-09-17T20:55:00,107.32
2026-09-17T21:00:00,111.85
2026-09-17T21:05:00,104.69
2026-09-17T21:10:00,101.87
2026-09-17T21:15:00,104.46
2026-09-17T21:20:00,148.22
2026-09-17T21:25:00,238.05
2026-09-17T21:30:00,239.13
2026-09-17T21:35:00,241.71
2026-09-17T21:40:00,237.56
2026-09-17T21:45:00,243.01
2026-09-17T21:50:00,239.49
2026-09-17T21:55:00,151.24
2026-09-17T22:00:00,240.72
2026-09-17T22:05:00,241.89
2026-09-17T22:10:00,245.82
2026-09-17T22:15:00,240.27
2026-09-17T22:20:00,218.53
2026-09-17T22:25:00,124.21
2026-09-17T22:30:00,116.25
2026-09-17T22:35:00,130.9
2026-09-17T22:40:00,129.16
2026-09-17T22:45:00,113.61
2026-09-17T22:50:00,127.54
2026-09-17T22:55:00,131.85
2026-09-17T23:00:00,113.12
2026-09-17T23:05:00,115.97
2026-09-17T23:10:00,158.31
2026-09-17T23:15:00,168.07
2026-09-17T23:20:00,171.61
2026-09-17T23:25:00,157.23
2026-09-17T23:30:00,157.31
2026-09-17T23:35:00,153.61
2026-09-17T23:40:00,159.17
2026-09-17T23:45:00,156.4
2026-09-17T23:50:00,246.57
2026-09-17T23:55:00,212.38
2026-09-18T00:00:00,226.01
2026-09-18T00:05:00,222.37
2026-09-18T00:10:00,118.39
2026-09-18T00:15:00,116.65
2026-09-18T00:20:00,122.46
2026-09-18T00:25:00,121.35
2026-09-18T00:30:00,126.06
2026-09-18T00:35:00,123.53
2026-09-18T00:40:00,127.75
2026-09-18T00:45:00,212.5
2026-09-18T00:50:00,218.43
2026-09-18T00:55:00,212.5
2026-09-18T01:00:00,230.89
2026-09-18T01:05:00,225.94
2026-09-18T01:10:00,229.77
2026-09-18T01:15:00,166.63
2026-09-18T01:20:00,256.55
2026-09-18T01:25:00,254.1
2026-09-18T01:30:00,256.29
2026-09-18T01:35:00,271.28
2026-09-18T01:40:00,189.87
2026-09-18T01:45:00,259.7
2026-09-18T01:50:00,268.95
2026-09-18T01:55:00,274.22
2026-09-18T02:00:00,266.55
2026-09-18T02:05:00,185.4
2026-09-18T02:10:00,184.82
2026-09-18T02:15:00,166.72
2026-09-18T02:20:00,169.97
2026-09-18T02:25:00,176.3
2026-09-18T02:30:00,171.0
2026-09-18T02:35:00,176.96
2026-09-18T02:40:00,130.38
2026-09-18T02:45:00,131.19
2026-09-18T02:50:00,135.07
2026-09-18T02:55:00,132.18
2026-09-18T03:00:00,222.52
2026-09-18T03:05:00,225.85
2026-09-18T03:10:00,235.92
2026-09-18T03:15:00,237.23
2026-09-18T03:20:00,227.46
2026-09-18T03:25:00,140.1
2026-09-18T03:30:00,132.01
2026-09-18T03:35:00,134.07
2026-09-18T03:40:00,135.61
2026-09-18T03:45:00,135.66
2026-09-18T03:50:00,136.19
2026-09-18T03:55:00,137.18
2026-09-18T04:00:00,136.3
2026-09-18T04:05:00,150.38
2026-09-18T04:10:00,147.27
2026-09-18T04:15:00,139.45
2026-09-18T04:20:00,157.51
2026-09-18T04:25:00,157.33
2026-09-18T04:30:00,149.6
2026-09-18T04:35:00,140.41
2026-09-18T04:40:00,139.42
2026-09-18T04:45:00,144.43
2026-09-18T04:50:00,155.59
2026-09-18T04:55:00,154.13
2026-09-18T05:00:00,141.27
2026-09-18T05:05:00,132.96
2026-09-18T05:10:00,143.76
2026-09-18T05:15:00,141.35
2026-09-18T05:20:00,140.44
2026-09-18T05:25:00,145.14
2026-09-18T05:30:00,141.39
2026-09-18T05:35:00,232.66
2026-09-18T05:40:00,281.05
2026-09-18T05:45:00,285.37
2026-09-18T05:50:00,269.02
2026-09-18T05:55:00,280.29
2026-09-18T06:00:00,283.33
2026-09-18T06:05:00,177.15
2026-09-18T06:10:00,185.33
2026-09-18T06:15:00,177.12
2026-09-18T06:20:00,173.05
2026-09-18T06:25:00,194.91
2026-09-18T06:30:00,154.61
2026-09-18T06:35:00,142.4
2026-09-18T06:40:00,139.08
2026-09-18T06:45:00,135.29
2026-09-18T06:50:00,139.36
2026-09-18T06:55:00,159.84
2026-09-18T07:00:00,155.23
2026-09-18T07:05:00,139.64
2026-09-18T07:10:00,150.66
2026-09-18T07:15:00,159.65
2026-09-18T07:20:00,141.66
2026-09-18T07:25:00,138.19
2026-09-18T07:30:00,142.08
2026-09-18T07:35:00,140.81
2026-09-18T07:40:00,133.43
2026-09-18T07:45:00,140.43
2026-09-18T07:50:00,137.72
2026-09-18T07:55:00,135.67
2026-09-18T08:00:00,136.58
2026-09-18T08:05:00,135.05
2026-09-18T08:10:00,156.25
2026-09-18T08:15:00,239.72
2026-09-18T08:20:00,233.62
2026-09-18T08:25:00,224.86
2026-09-18T08:30:00,139.52
2026-09-18T08:35:00,137.46
2026-09-18T08:40:00,136.89
2026-09-18T08:45:00,135.59
2026-09-18T08:50:00,136.77
2026-09-18T08:55:00,135.06
2026-09-18T09:00:00,140.77
2026-09-18T09:05:00,135.58
2026-09-18T09:10:00,146.56
2026-09-18T09:15:00,149.01
2026-09-18T09:20:00,129.51
2026-09-18T09:25:00,133.93
2026-09-18T09:30:00,132.11
2026-09-18T09:35:00,133.86
2026-09-18T09:40:00,132.51
2026-09-18T09:45:00,131.05
2026-09-18T09:50:00,130.14
2026-09-18T09:55:00,129.94
2026-09-18T10:00:00,130.06
2026-09-18T10:05:00,128.71
2026-09-18T10:10:00,128.94
2026-09-18T10:15:00,129.66
2026-09-18T10:20:00,129.01
2026-09-18T10:25:00,127.01
2026-09-18T10:30:00,126.72
2026-09-18T10:35:00,144.25
2026-09-18T10:40:00,128.23
2026-09-18T10:45:00,128.02
2026-09-18T10:50:00,124.5
2026-09-18T10:55:00,140.53
2026-09-18T11:00:00,138.43
2026-09-18T11:05:00,127.79
2026-09-18T11:10:00,125.44
2026-09-18T11:15:00,126.54
2026-09-18T11:20:00,123.98
2026-09-18T11:25:00,119.86
2026-09-18T11:30:00,124.0
2026-09-18T11:35:00,121.71
2026-09-18T11:40:00,119.16
2026-09-18T11:45:00,120.06
2026-09-18T11:50:00,209.55
2026-09-18T11:55:00,209.7
2026-09-18T12:00:00,210.85
2026-09-18T12:05:00,207.56
2026-09-18T12:10:00,207.42
2026-09-18T12:15:00,204.85
2026-09-18T12:20:00,117.23
2026-09-18T12:25:00,221.47
2026-09-18T12:30:00,225.82
2026-09-18T12:35:00,204.58
2026-09-18T12:40:00,226.37
2026-09-18T12:45:00,222.4
2026-09-18T12:50:00,117.26
2026-09-18T12:55:00,116.33
2026-09-18T13:00:00,119.72
2026-09-18T13:05:00,120.18
2026-09-18T13:10:00,111.02
2026-09-18T13:15:00,113.16
2026-09-18T13:20:00,112.69
2026-09-18T13:25:00,107.37
2026-09-18T13:30:00,128.94
2026-09-18T13:35:00,114.48
2026-09-18T13:40:00,112.81
2026-09-18T13:45:00,112.24
2026-09-18T13:50:00,106.67
2026-09-18T13:55:00,112.65
2026-09-18T14:00:00,129.34
2026-09-18T14:05:00,121.73
2026-09-18T14:10:00,200.93
2026-09-18T14:15:00,202.15
2026-09-18T14:20:00,197.43
2026-09-18T14:25:00,196.33
2026-09-18T14:30:00,195.39
2026-09-18T14:35:00,109.25
2026-09-18T14:40:00,109.39
2026-09-18T14:45:00,104.38
2026-09-18T14:50:00,144.76
2026-09-18T14:55:00,148.16
2026-09-18T15:00:00,150.78
2026-09-18T15:05:00,150.01
2026-09-18T15:10:00,142.55
2026-09-18T15:15:00,146.31
2026-09-18T15:20:00,144.38
2026-09-18T15:25:00,143.67
2026-09-18T15:30:00,146.04
2026-09-18T15:35:00,142.58
2026-09-18T15:40:00,155.58
2026-09-18T15:45:00,158.07
2026-09-18T15:50:00,150.84
2026-09-18T15:55:00,145.3
2026-09-18T16:00:00,146.64
2026-09-18T16:05:00,145.32
2026-09-18T16:10:00,99.86
2026-09-18T16:15:00,106.14
2026-09-18T16:20:00,102.99
2026-09-18T16:25:00,95.62
2026-09-18T16:30:00,102.38
2026-09-18T16:35:00,102.73
2026-09-18T16:40:00,98.42
2026-09-18T16:45:00,144.45
2026-09-18T16:50:00,136.95
2026-09-18T16:55:00,235.81
2026-09-18T17:00:00,233.45
2026-09-18T17:05:00,231.72
2026-09-18T17:10:00,226.56
2026-09-18T17:15:00,141.93
2026-09-18T17:20:00,147.34
2026-09-18T17:25:00,137.44
2026-09-18T17:30:00,142.38
2026-09-18T17:35:00,101.61
2026-09-18T17:40:00,101.13
2026-09-18T17:45:00,99.01
2026-09-18T17:50:00,112.65
2026-09-18T17:55:00,119.57
2026-09-18T18:00:00,97.6
2026-09-18T18:05:00,113.49
2026-09-18T18:10:00,113.35
2026-09-18T18:15:00,99.33
2026-09-18T18:20:00,100.54
2026-09-18T18:25:00,99.66
2026-09-18T18:30:00,97.31
2026-09-18T18:35:00,98.89
2026-09-18T18:40:00,103.08
2026-09-18T18:45:00,97.53
2026-09-18T18:50:00,101.36
2026-09-18T18:55:00,102.77
2026-09-18T19:00:00,102.98
2026-09-18T19:05:00,99.98
2026-09-18T19:10:00,98.18
2026-09-18T19:15:00,144.22
2026-09-18T19:20:00,137.16
2026-09-18T19:25:00,155.57
2026-09-18T19:30:00,156.52
2026-09-18T19:35:00,141.83
2026-09-18T19:40:00,139.17
2026-09-18T19:45:00,146.99
2026-09-18T19:50:00,141.78
2026-09-18T19:55:00,144.18
2026-09-18T20:00:00,141.9
2026-09-18T20:05:00,158.25
2026-09-18T20:10:00,138.31
2026-09-18T20:15:00,145.23
2026-09-18T20:20:00,100.62
2026-09-18T20:25:00,105.19
2026-09-18T20:30:00,196.69
2026-09-18T20:35:00,197.58
2026-09-18T20:40:00,187.78
2026-09-18T20:45:00,200.41
2026-09-18T20:50:00,106.31
2026-09-18T20:55:00,191.52
2026-09-18T21:00:00,192.39
2026-09-18T21:05:00,193.73
2026-09-18T21:10:00,188.65
2026-09-18T21:15:00,193.29
2026-09-18T21:20:00,198.38
2026-09-18T21:25:00,110.63
2026-09-18T21:30:00,200.88
2026-09-18T21:35:00,198.64
2026-09-18T21:40:00,198.24
2026-09-18T21:45:00,200.1
2026-09-18T21:50:00,221.17
2026-09-18T21:55:00,123.76
2026-09-18T22:00:00,112.25
2026-09-18T22:05:00,107.29
2026-09-18T22:10:00,109.62
2026-09-18T22:15:00,107.79
2026-09-18T22:20:00,107.56
2026-09-18T22:25:00,110.66
2026-09-18T22:30:00,108.88
2026-09-18T22:35:00,125.83
2026-09-18T22:40:00,127.21
2026-09-18T22:45:00,117.02
2026-09-18T22:50:00,129.69
2026-09-18T22:55:00,128.44
2026-09-18T23:00:00,116.52
2026-09-18T23:05:00,118.78
2026-09-18T23:10:00,118.64
2026-09-18T23:15:00,130.36
2026-09-18T23:20:00,133.85
2026-09-18T23:25:00,119.35
2026-09-18T23:30:00,224.0
2026-09-18T23:35:00,217.65
2026-09-18T23:40:00,210.94
2026-09-18T23:45:00,226.14
2026-09-18T23:50:00,219.76
2026-09-18T23:55:00,208.82
2026-09-19T00:00:00,116.51
2026-09-19T00:05:00,212.28
2026-09-19T00:10:00,211.94
2026-09-19T00:15:00,207.66
2026-09-19T00:20:00,210.14
2026-09-19T00:25:00,117.2
2026-09-19T00:30:00,121.87
2026-09-19T00:35:00,121.15
2026-09-19T00:40:00,120.67
2026-09-19T00:45:00,253.32
2026-09-19T00:50:00,268.09
2026-09-19T00:55:00,268.42
2026-09-19T01:00:00,268.31
2026-09-19T01:05:00,257.46
2026-09-19T01:10:00,255.84
2026-09-19T01:15:00,166.42
2026-09-19T01:20:00,165.03
2026-09-19T01:25:00,178.1
2026-09-19T01:30:00,184.64
2026-09-19T01:35:00,130.82
2026-09-19T01:40:00,127.22
2026-09-19T01:45:00,131.45
2026-09-19T01:50:00,127.57
2026-09-19T01:55:00,139.54
2026-09-19T02:00:00,142.91
2026-09-19T02:05:00,142.07
2026-09-19T02:10:00,136.75
2026-09-19T02:15:00,221.55
2026-09-19T02:20:00,219.04
2026-09-19T02:25:00,219.8
2026-09-19T02:30:00,233.44
2026-09-19T02:35:00,239.49
2026-09-19T02:40:00,133.87
2026-09-19T02:45:00,220.2
2026-09-19T02:50:00,219.49
2026-09-19T02:55:00,225.86
2026-09-19T03:00:00,226.36
2026-09-19T03:05:00,243.62
2026-09-19T03:10:00,148.93
2026-09-19T03:15:00,135.74
2026-09-19T03:20:00,136.02
2026-09-19T03:25:00,184.26
2026-09-19T03:30:00,192.27
2026-09-19T03:35:00,175.67
2026-09-19T03:40:00,178.09
2026-09-19T03:45:00,177.03
2026-09-19T03:50:00,180.82
2026-09-19T03:55:00,175.3
2026-09-19T04:00:00,175.91
2026-09-19T04:05:00,178.03
2026-09-19T04:10:00,172.32
2026-09-19T04:15:00,173.84
2026-09-19T04:20:00,150.89
2026-09-19T04:25:00,196.27
2026-09-19T04:30:00,181.73
2026-09-19T04:35:00,179.68
2026-09-19T04:40:00,177.6
2026-09-19T04:45:00,183.11
2026-09-19T04:50:00,179.93
2026-09-19T04:55:00,179.43
2026-09-19T05:00:00,179.66
2026-09-19T05:05:00,179.36
2026-09-19T05:10:00,183.31
2026-09-19T05:15:00,194.06
2026-09-19T05:20:00,191.98
2026-09-19T05:25:00,174.35
2026-09-19T05:30:00,180.48
2026-09-19T05:35:00,140.73
2026-09-19T05:40:00,156.93
2026-09-19T05:45:00,151.98
2026-09-19T05:50:00,135.91
2026-09-19T05:55:00,140.82
2026-09-19T06:00:00,141.89
2026-09-19T06:05:00,137.23
2026-09-19T06:10:00,174.54
2026-09-19T06:15:00,265.9
2026-09-19T06:20:00,268.15
2026-09-19T06:25:00,269.76
2026-09-19T06:30:00,268.28
2026-09-19T06:35:00,272.36
2026-09-19T06:40:00,285.48
2026-09-19T06:45:00,194.68
2026-09-19T06:50:00,182.84
2026-09-19T06:55:00,178.98
2026-09-19T07:00:00,184.03
2026-09-19T07:05:00,180.15
2026-09-19T07:10:00,139.93
2026-09-19T07:15:00,178.72
2026-09-19T07:20:00,179.73
2026-09-19T07:25:00,174.9
2026-09-19T07:30:00,174.49
2026-09-19T07:35:00,181.19
2026-09-19T07:40:00,177.91
2026-09-19T07:45:00,179.97
2026-09-19T07:50:00,176.84
2026-09-19T07:55:00,177.45
2026-09-19T08:00:00,179.27
2026-09-19T08:05:00,173.9
2026-09-19T08:10:00,181.92
2026-09-19T08:15:00,135.2
2026-09-19T08:20:00,134.15
2026-09-19T08:25:00,192.18
2026-09-19T08:30:00,190.27
2026-09-19T08:35:00,177.29
2026-09-19T08:40:00,172.84
2026-09-19T08:45:00,171.0
2026-09-19T08:50:00,175.84
2026-09-19T08:55:00,186.6
2026-09-19T09:00:00,189.81
2026-09-19T09:05:00,172.16
2026-09-19T09:10:00,190.87
2026-09-19T09:15:00,184.13
2026-09-19T09:20:00,173.05
2026-09-19T09:25:00,189.8
2026-09-19T09:30:00,187.29
2026-09-19T09:35:00,135.74
2026-09-19T09:40:00,148.54
2026-09-19T09:45:00,192.8
2026-09-19T09:50:00,170.74
2026-09-19T09:55:00,167.96
2026-09-19T10:00:00,171.6
2026-09-19T10:05:00,184.09
2026-09-19T10:10:00,182.39
2026-09-19T10:15:00,165.54
2026-09-19T10:20:00,164.53
2026-09-19T10:25:00,260.21
2026-09-19T10:30:00,259.02
2026-09-19T10:35:00,212.28
2026-09-19T10:40:00,219.38
2026-09-19T10:45:00,218.45
2026-09-19T10:50:00,231.09
2026-09-19T10:55:00,228.02
2026-09-19T11:00:00,122.94
2026-09-19T11:05:00,214.73
2026-09-19T11:10:00,214.99
2026-09-19T11:15:00,213.21
2026-09-19T11:20:00,211.54
2026-09-19T11:25:00,213.77
2026-09-19T11:30:00,231.92
2026-09-19T11:35:00,141.05
2026-09-19T11:40:00,135.54
2026-09-19T11:45:00,120.22
2026-09-19T11:50:00,122.81
2026-09-19T11:55:00,120.37
2026-09-19T12:00:00,135.81
2026-09-19T12:05:00,133.51
2026-09-19T12:10:00,123.23
2026-09-19T12:15:00,136.81
2026-09-19T12:20:00,133.77
2026-09-19T12:25:00,119.25
2026-09-19T12:30:00,118.56
2026-09-19T12:35:00,116.65
2026-09-19T12:40:00,116.03
2026-09-19T12:45:00,125.16
2026-09-19T12:50:00,110.62
2026-09-19T12:55:00,200.35
2026-09-19T13:00:00,206.59
2026-09-19T13:05:00,205.52
2026-09-19T13:10:00,208.93
2026-09-19T13:15:00,197.58
2026-09-19T13:20:00,116.6
2026-09-19T13:25:00,110.24
2026-09-19T13:30:00,111.05
2026-09-19T13:35:00,112.77
2026-09-19T13:40:00,110.86
2026-09-19T13:45:00,126.58
2026-09-19T13:50:00,123.83
2026-09-19T13:55:00,220.19
2026-09-19T14:00:00,204.97
2026-09-19T14:05:00,213.2
2026-09-19T14:10:00,222.62
2026-09-19T14:15:00,107.53
2026-09-19T14:20:00,118.73
2026-09-19T14:25:00,122.07
2026-09-19T14:30:00,109.9
2026-09-19T14:35:00,106.15
2026-09-19T14:40:00,108.85
2026-09-19T14:45:00,104.79
2026-09-19T14:50:00,107.08
2026-09-19T14:55:00,106.1
2026-09-19T15:00:00,106.28
2026-09-19T15:05:00,99.6
2026-09-19T15:10:00,104.91
2026-09-19T15:15:00,126.56
2026-09-19T15:20:00,116.78
2026-09-19T15:25:00,107.87
2026-09-19T15:30:00,102.31
2026-09-19T15:35:00,102.31
2026-09-19T15:40:00,198.01
2026-09-19T15:45:00,206.9
2026-09-19T15:50:00,205.76
2026-09-19T15:55:00,195.88
2026-09-19T16:00:00,190.35
2026-09-19T16:05:00,207.12
2026-09-19T16:10:00,120.31
2026-09-19T16:15:00,98.55
2026-09-19T16:20:00,105.3
2026-09-19T16:25:00,100.92
2026-09-19T16:30:00,111.06
2026-09-19T16:35:00,117.08
2026-09-19T16:40:00,119.56
2026-09-19T16:45:00,102.01
2026-09-19T16:50:00,100.96
2026-09-19T16:55:00,102.89
2026-09-19T17:00:00,102.81
2026-09-19T17:05:00,189.5
2026-09-19T17:10:00,194.29
2026-09-19T17:15:00,187.68
2026-09-19T17:20:00,195.82
2026-09-19T17:25:00,96.05
2026-09-19T17:30:00,190.81
2026-09-19T17:35:00,200.04
2026-09-19T17:40:00,202.9
2026-09-19T17:45:00,190.59
2026-09-19T17:50:00,192.89
2026-09-19T17:55:00,111.26
2026-09-19T18:00:00,203.23
2026-09-19T18:05:00,189.07
2026-09-19T18:10:00,204.81
2026-09-19T18:15:00,183.39
2026-09-19T18:20:00,191.65
2026-09-19T18:25:00,98.76
2026-09-19T18:30:00,186.07
2026-09-19T18:35:00,193.64
2026-09-19T18:40:00,190.42
2026-09-19T18:45:00,100.42
2026-09-19T18:50:00,99.88
2026-09-19T18:55:00,104.95
2026-09-19T19:00:00,100.61
2026-09-19T19:05:00,105.16
2026-09-19T19:10:00,98.72
2026-09-19T19:15:00,102.12
2026-09-19T19:20:00,99.47
2026-09-19T19:25:00,99.45
2026-09-19T19:30:00,97.14
2026-09-19T19:35:00,99.42
2026-09-19T19:40:00,104.24
2026-09-19T19:45:00,98.92
2026-09-19T19:50:00,103.86
2026-09-19T19:55:00,110.43
2026-09-19T20:00:00,117.08
2026-09-19T20:05:00,104.25
2026-09-19T20:10:00,102.87
2026-09-19T20:15:00,100.84
2026-09-19T20:20:00,104.91
2026-09-19T20:25:00,107.16
2026-09-19T20:30:00,111.1
2026-09-19T20:35:00,100.31
2026-09-19T20:40:00,117.3
2026-09-19T20:45:00,117.42
2026-09-19T20:50:00,107.97
2026-09-19T20:55:00,108.45
2026-09-19T21:00:00,125.38
2026-09-19T21:05:00,121.56
2026-09-19T21:10:00,110.26
2026-09-19T21:15:00,103.28
2026-09-19T21:20:00,117.31
2026-09-19T21:25:00,124.78
2026-09-19T21:30:00,102.92
2026-09-19T21:35:00,111.56
2026-09-19T21:40:00,110.37
2026-09-19T21:45:00,101.99
2026-09-19T21:50:00,109.59
2026-09-19T21:55:00,111.68
2026-09-19T22:00:00,110.5
2026-09-19T22:05:00,118.5
2026-09-19T22:10:00,114.91
2026-09-19T22:15:00,108.85
2026-09-19T22:20:00,116.51
2026-09-19T22:25:00,104.08
2026-09-19T22:30:00,113.46
2026-09-19T22:35:00,127.53
2026-09-19T22:40:00,124.15
2026-09-19T22:45:00,115.56
2026-09-19T22:50:00,113.75
2026-09-19T22:55:00,112.62
2026-09-19T23:00:00,123.25
2026-09-19T23:05:00,119.54
2026-09-19T23:10:00,113.52
2026-09-19T23:15:00,119.55
2026-09-19T23:20:00,209.47
2026-09-19T23:25:00,209.93
2026-09-19T23:30:00,209.61
2026-09-19T23:35:00,208.86
2026-09-19T23:40:00,203.59
2026-09-19T23:45:00,207.31
2026-09-19T23:50:00,125.49
2026-09-19T23:55:00,208.88
2026-09-20T00:00:00,205.12
2026-09-20T00:05:00,209.42
2026-09-20T00:10:00,211.47
2026-09-20T00:15:00,209.55
2026-09-20T00:20:00,124.52
2026-09-20T00:25:00,120.19
2026-09-20T00:30:00,121.83
2026-09-20T00:35:00,212.38
2026-09-20T00:40:00,217.48
2026-09-20T00:45:00,215.82
2026-09-20T00:50:00,210.91
2026-09-20T00:55:00,209.39
2026-09-20T01:00:00,219.11
2026-09-20T01:05:00,127.91
2026-09-20T01:10:00,127.69
2026-09-20T01:15:00,129.16
2026-09-20T01:20:00,121.23
2026-09-20T01:25:00,215.22
2026-09-20T01:30:00,220.4
2026-09-20T01:35:00,219.83
2026-09-20T01:40:00,217.45
2026-09-20T01:45:00,220.0
2026-09-20T01:50:00,149.47
2026-09-20T01:55:00,235.14
2026-09-20T02:00:00,218.6
2026-09-20T02:05:00,237.1
2026-09-20T02:10:00,232.23
2026-09-20T02:15:00,224.51
2026-09-20T02:20:00,216.61
2026-09-20T02:25:00,134.43
2026-09-20T02:30:00,228.11
2026-09-20T02:35:00,222.49
2026-09-20T02:40:00,225.44
2026-09-20T02:45:00,225.47
2026-09-20T02:50:00,218.84
2026-09-20T02:55:00,138.81
2026-09-20T03:00:00,222.95
2026-09-20T03:05:00,242.24
2026-09-20T03:10:00,243.16
2026-09-20T03:15:00,227.21
2026-09-20T03:20:00,224.9
2026-09-20T03:25:00,133.3
2026-09-20T03:30:00,134.8
2026-09-20T03:35:00,133.51
2026-09-20T03:40:00,136.0
2026-09-20T03:45:00,134.14
2026-09-20T03:50:00,225.54
2026-09-20T03:55:00,223.58
2026-09-20T04:00:00,226.79
2026-09-20T04:05:00,226.24
2026-09-20T04:10:00,226.15
2026-09-20T04:15:00,229.76
2026-09-20T04:20:00,136.16
2026-09-20T04:25:00,229.66
2026-09-20T04:30:00,227.57
2026-09-20T04:35:00,234.26
2026-09-20T04:40:00,227.85
2026-09-20T04:45:00,142.19
2026-09-20T04:50:00,221.37
2026-09-20T04:55:00,229.06
2026-09-20T05:00:00,230.04
2026-09-20T05:05:00,230.94
2026-09-20T05:10:00,226.86
2026-09-20T05:15:00,232.89
2026-09-20T05:20:00,134.84
2026-09-20T05:25:00,135.83
2026-09-20T05:30:00,139.79
2026-09-20T05:35:00,138.19
2026-09-20T05:40:00,136.0
2026-09-20T05:45:00,139.09
2026-09-20T05:50:00,142.88
2026-09-20T05:55:00,138.81
2026-09-20T06:00:00,137.59
2026-09-20T06:05:00,139.39
2026-09-20T06:10:00,140.03
2026-09-20T06:15:00,231.64
2026-09-20T06:20:00,229.65
2026-09-20T06:25:00,232.48
2026-09-20T06:30:00,230.95
2026-09-20T06:35:00,232.51
2026-09-20T06:40:00,230.79
2026-09-20T06:45:00,245.74
2026-09-20T06:50:00,153.33
2026-09-20T06:55:00,144.53
2026-09-20T07:00:00,136.03
2026-09-20T07:05:00,138.05
2026-09-20T07:10:00,140.88
2026-09-20T07:15:00,138.25
2026-09-20T07:20:00,146.11
2026-09-20T07:25:00,146.54
2026-09-20T07:30:00,154.81
2026-09-20T07:35:00,138.91
2026-09-20T07:40:00,134.82
2026-09-20T07:45:00,137.64
2026-09-20T07:50:00,156.09
2026-09-20T07:55:00,149.01
2026-09-20T08:00:00,138.35
2026-09-20T08:05:00,137.09
2026-09-20T08:10:00,132.68
2026-09-20T08:15:00,133.11
2026-09-20T08:20:00,223.96
2026-09-20T08:25:00,227.02
2026-09-20T08:30:00,227.49
2026-09-20T08:35:00,222.57
2026-09-20T08:40:00,223.98
2026-09-20T08:45:00,222.83
2026-09-20T08:50:00,152.63
2026-09-20T08:55:00,155.76
2026-09-20T09:00:00,128.34
2026-09-20T09:05:00,137.54
2026-09-20T09:10:00,136.61
2026-09-20T09:15:00,131.27
2026-09-20T09:20:00,130.2
2026-09-20T09:25:00,131.9
2026-09-20T09:30:00,133.38
2026-09-20T09:35:00,128.99
2026-09-20T09:40:00,146.12
2026-09-20T09:45:00,145.3
2026-09-20T09:50:00,143.17
2026-09-20T09:55:00,130.47
2026-09-20T10:00:00,132.19
2026-09-20T10:05:00,184.71
2026-09-20T10:10:00,187.22
2026-09-20T10:15:00,171.11
2026-09-20T10:20:00,183.98
2026-09-20T10:25:00,182.51
2026-09-20T10:30:00,164.17
2026-09-20T10:35:00,179.17
2026-09-20T10:40:00,182.1
2026-09-20T10:45:00,167.31
2026-09-20T10:50:00,181.63
2026-09-20T10:55:00,179.0
2026-09-20T11:00:00,167.56
2026-09-20T11:05:00,217.08
2026-09-20T11:10:00,229.0
2026-09-20T11:15:00,226.25
2026-09-20T11:20:00,214.75
2026-09-20T11:25:00,218.0
2026-09-20T11:30:00,121.91
2026-09-20T11:35:00,120.49
2026-09-20T11:40:00,119.41
2026-09-20T11:45:00,118.3
2026-09-20T11:50:00,119.63
2026-09-20T11:55:00,115.58
2026-09-20T12:00:00,120.93
2026-09-20T12:05:00,132.75
2026-09-20T12:10:00,226.11
2026-09-20T12:15:00,211.38
2026-09-20T12:20:00,203.21
2026-09-20T12:25:00,209.38
2026-09-20T12:30:00,120.25
2026-09-20T12:35:00,206.94
2026-09-20T12:40:00,211.32
2026-09-20T12:45:00,207.17
2026-09-20T12:50:00,211.56
2026-09-20T12:55:00,202.89
2026-09-20T13:00:00,118.96
2026-09-20T13:05:00,118.76
2026-09-20T13:10:00,118.29
2026-09-20T13:15:00,115.99
2026-09-20T13:20:00,115.78
2026-09-20T13:25:00,111.54
2026-09-20T13:30:00,113.46
2026-09-20T13:35:00,110.15
2026-09-20T13:40:00,114.38
2026-09-20T13:45:00,112.83
2026-09-20T13:50:00,110.93
2026-09-20T13:55:00,115.83
2026-09-20T14:00:00,203.28
2026-09-20T14:05:00,200.6
2026-09-20T14:10:00,198.45
2026-09-20T14:15:00,213.78
2026-09-20T14:20:00,215.24
2026-09-20T14:25:00,110.31
2026-09-20T14:30:00,103.38
2026-09-20T14:35:00,111.99
2026-09-20T14:40:00,106.39
2026-09-20T14:45:00,109.43
2026-09-20T14:50:00,108.41
2026-09-20T14:55:00,113.98
2026-09-20T15:00:00,210.45
2026-09-20T15:05:00,202.79
2026-09-20T15:10:00,195.81
2026-09-20T15:15:00,192.17
2026-09-20T15:20:00,194.24
2026-09-20T15:25:00,103.87
2026-09-20T15:30:00,142.75
2026-09-20T15:35:00,145.37
2026-09-20T15:40:00,147.31
2026-09-20T15:45:00,147.87
2026-09-20T15:50:00,143.83
2026-09-20T15:55:00,137.29
2026-09-20T16:00:00,230.62
2026-09-20T16:05:00,230.94
2026-09-20T16:10:00,251.52
2026-09-20T16:15:00,243.28
2026-09-20T16:20:00,234.05
2026-09-20T16:25:00,233.44
2026-09-20T16:30:00,234.83
2026-09-20T16:35:00,137.43
2026-09-20T16:40:00,138.47
2026-09-20T16:45:00,101.48
2026-09-20T16:50:00,101.76
2026-09-20T16:55:00,99.02
2026-09-20T17:00:00,99.93
2026-09-20T17:05:00,99.98
2026-09-20T17:10:00,95.76
2026-09-20T17:15:00,99.77
2026-09-20T17:20:00,99.59
2026-09-20T17:25:00,99.14
2026-09-20T17:30:00,95.89
2026-09-20T17:35:00,116.51
2026-09-20T17:40:00,116.24
2026-09-20T17:45:00,121.63
2026-09-20T17:50:00,100.02
2026-09-20T17:55:00,101.85
2026-09-20T18:00:00,193.44
2026-09-20T18:05:00,196.98
2026-09-20T18:10:00,188.87
2026-09-20T18:15:00,179.5
2026-09-20T18:20:00,189.32
2026-09-20T18:25:00,195.58
2026-09-20T18:30:00,191.27
2026-09-20T18:35:00,97.93
2026-09-20T18:40:00,100.33
2026-09-20T18:45:00,182.53
2026-09-20T18:50:00,187.28
2026-09-20T18:55:00,188.89
2026-09-20T19:00:00,192.83
2026-09-20T19:05:00,192.67
2026-09-20T19:10:00,98.15
2026-09-20T19:15:00,191.72
2026-09-20T19:20:00,198.8
2026-09-20T19:25:00,194.64
2026-09-20T19:30:00,201.47
2026-09-20T19:35:00,203.27
2026-09-20T19:40:00,192.62
2026-09-20T19:45:00,102.81
2026-09-20T19:50:00,194.07
2026-09-20T19:55:00,194.41
2026-09-20T20:00:00,189.94
2026-09-20T20:05:00,193.31
2026-09-20T20:10:00,228.55
2026-09-20T20:15:00,145.03
2026-09-20T20:20:00,141.98
2026-09-20T20:25:00,140.75
2026-09-20T20:30:00,143.17
2026-09-20T20:35:00,229.67
2026-09-20T20:40:00,236.82
2026-09-20T20:45:00,237.54
2026-09-20T20:50:00,200.08
2026-09-20T20:55:00,100.02
2026-09-20T21:00:00,105.5
2026-09-20T21:05:00,213.09
2026-09-20T21:10:00,206.95
2026-09-20T21:15:00,202.51
2026-09-20T21:20:00,193.88
2026-09-20T21:25:00,191.32
2026-09-20T21:30:00,105.73
2026-09-20T21:35:00,100.02
2026-09-20T21:40:00,107.02
2026-09-20T21:45:00,112.38
2026-09-20T21:50:00,108.21
2026-09-20T21:55:00,110.59
2026-09-20T22:00:00,115.82
2026-09-20T22:05:00,109.94
2026-09-20T22:10:00,113.36
2026-09-20T22:15:00,109.52
2026-09-20T22:20:00,113.07
2026-09-20T22:25:00,198.66
2026-09-20T22:30:00,199.45
2026-09-20T22:35:00,205.58
2026-09-20T22:40:00,207.98
2026-09-20T22:45:00,205.44
2026-09-20T22:50:00,239.26
2026-09-20T22:55:00,158.88
2026-09-20T23:00:00,244.69
2026-09-20T23:05:00,248.54
2026-09-20T23:10:00,250.82
2026-09-20T23:15:00,263.92
2026-09-20T23:20:00,173.12
2026-09-20T23:25:00,245.84
2026-09-20T23:30:00,244.76
2026-09-20T23:35:00,251.14
2026-09-20T23:40:00,249.94
2026-09-20T23:45:00,159.63
2026-09-20T23:50:00,163.47
2026-09-20T23:55:00,158.97
2026-09-21T00:00:00,133.42
2026-09-21T00:05:00,133.44
2026-09-21T00:10:00,213.89
2026-09-21T00:15:00,220.15
2026-09-21T00:20:00,224.94
2026-09-21T00:25:00,215.28
2026-09-21T00:30:00,217.92
2026-09-21T00:35:00,138.77
2026-09-21T00:40:00,140.37
2026-09-21T00:45:00,120.14
2026-09-21T00:50:00,123.35
2026-09-21T00:55:00,117.91
2026-09-21T01:00:00,129.25
2026-09-21T01:05:00,121.77
2026-09-21T01:10:00,128.43
2026-09-21T01:15:00,131.89
2026-09-21T01:20:00,142.84
2026-09-21T01:25:00,146.72
2026-09-21T01:30:00,147.19
2026-09-21T01:35:00,126.31
2026-09-21T01:40:00,142.84
2026-09-21T01:45:00,132.96
2026-09-21T01:50:00,133.01
2026-09-21T01:55:00,133.02
2026-09-21T02:00:00,132.41
2026-09-21T02:05:00,130.92
2026-09-21T02:10:00,131.87
2026-09-21T02:15:00,135.06
2026-09-21T02:20:00,133.92
2026-09-21T02:25:00,137.21
2026-09-21T02:30:00,131.53
2026-09-21T02:35:00,133.68
2026-09-21T02:40:00,131.29
2026-09-21T02:45:00,135.56
2026-09-21T02:50:00,129.84
2026-09-21T02:55:00,138.03
2026-09-21T03:00:00,131.16
2026-09-21T03:05:00,135.36
2026-09-21T03:10:00,130.78
2026-09-21T03:15:00,129.38
2026-09-21T03:20:00,136.49
2026-09-21T03:25:00,135.4
2026-09-21T03:30:00,153.58
2026-09-21T03:35:00,154.7
2026-09-21T03:40:00,152.89
2026-09-21T03:45:00,138.37
2026-09-21T03:50:00,190.16
2026-09-21T03:55:00,190.85
2026-09-21T04:00:00,179.54
2026-09-21T04:05:00,177.27
2026-09-21T04:10:00,182.19
2026-09-21T04:15:00,179.1
2026-09-21T04:20:00,139.67
2026-09-21T04:25:00,137.16
2026-09-21T04:30:00,139.52
2026-09-21T04:35:00,138.67
2026-09-21T04:40:00,140.63
2026-09-21T04:45:00,137.85
2026-09-21T04:50:00,233.11
2026-09-21T04:55:00,233.74
2026-09-21T05:00:00,234.06
2026-09-21T05:05:00,232.06
2026-09-21T05:10:00,138.23
2026-09-21T05:15:00,139.8
2026-09-21T05:20:00,141.07
2026-09-21T05:25:00,138.65
2026-09-21T05:30:00,137.11
2026-09-21T05:35:00,142.7
2026-09-21T05:40:00,140.45
2026-09-21T05:45:00,138.72
2026-09-21T05:50:00,141.05
2026-09-21T05:55:00,140.0
2026-09-21T06:00:00,137.9
2026-09-21T06:05:00,137.93
2026-09-21T06:10:00,140.43
2026-09-21T06:15:00,140.93
2026-09-21T06:20:00,142.03
2026-09-21T06:25:00,140.96
2026-09-21T06:30:00,146.6
2026-09-21T06:35:00,149.16
2026-09-21T06:40:00,140.42
2026-09-21T06:45:00,150.19
2026-09-21T06:50:00,142.99
2026-09-21T06:55:00,136.82
2026-09-21T07:00:00,145.3
2026-09-21T07:05:00,141.86
2026-09-21T07:10:00,141.19
2026-09-21T07:15:00,139.29
2026-09-21T07:20:00,138.02
2026-09-21T07:25:00,134.56
2026-09-21T07:30:00,136.31
2026-09-21T07:35:00,134.91
2026-09-21T07:40:00,137.25
2026-09-21T07:45:00,141.06
2026-09-21T07:50:00,141.36
2026-09-21T07:55:00,149.13
2026-09-21T08:00:00,223.83
2026-09-21T08:05:00,227.56
2026-09-21T08:10:00,241.32
2026-09-21T08:15:00,231.88
2026-09-21T08:20:00,150.89
2026-09-21T08:25:00,151.23
2026-09-21T08:30:00,136.82
2026-09-21T08:35:00,134.26
2026-09-21T08:40:00,133.2
2026-09-21T08:45:00,136.03
2026-09-21T08:50:00,172.45
2026-09-21T08:55:00,175.85
2026-09-21T09:00:00,174.78
2026-09-21T09:05:00,174.07
2026-09-21T09:10:00,188.31
2026-09-21T09:15:00,192.5
2026-09-21T09:20:00,177.58
2026-09-21T09:25:00,173.1
2026-09-21T09:30:00,172.95
2026-09-21T09:35:00,172.88
2026-09-21T09:40:00,263.33
2026-09-21T09:45:00,263.68
2026-09-21T09:50:00,224.31
2026-09-21T09:55:00,253.97
2026-09-21T10:00:00,258.61
2026-09-21T10:05:00,169.62
2026-09-21T10:10:00,174.17
2026-09-21T10:15:00,168.02
2026-09-21T10:20:00,171.98
2026-09-21T10:25:00,185.08
2026-09-21T10:30:00,181.83
2026-09-21T10:35:00,166.93
2026-09-21T10:40:00,255.16
2026-09-21T10:45:00,252.57
2026-09-21T10:50:00,253.68
2026-09-21T10:55:00,254.26
2026-09-21T11:00:00,254.38
2026-09-21T11:05:00,163.19
2026-09-21T11:10:00,266.81
2026-09-21T11:15:00,221.05
2026-09-21T11:20:00,253.32
2026-09-21T11:25:00,250.96
2026-09-21T11:30:00,249.32
2026-09-21T11:35:00,163.54
2026-09-21T11:40:00,163.16
2026-09-21T11:45:00,163.89
2026-09-21T11:50:00,158.58
2026-09-21T11:55:00,152.86
2026-09-21T12:00:00,161.48
2026-09-21T12:05:00,162.38
2026-09-21T12:10:00,157.02
2026-09-21T12:15:00,155.34
2026-09-21T12:20:00,159.44
2026-09-21T12:25:00,249.94
2026-09-21T12:30:00,244.34
2026-09-21T12:35:00,262.7
2026-09-21T12:40:00,260.27
2026-09-21T12:45:00,208.36
2026-09-21T12:50:00,148.03
2026-09-21T12:55:00,266.33
2026-09-21T13:00:00,261.02
2026-09-21T13:05:00,242.67
2026-09-21T13:10:00,257.52
2026-09-21T13:15:00,256.85
2026-09-21T13:20:00,166.45
2026-09-21T13:25:00,245.92
2026-09-21T13:30:00,258.09
2026-09-21T13:35:00,253.68
2026-09-21T13:40:00,237.52
2026-09-21T13:45:00,239.7
2026-09-21T13:50:00,201.43
2026-09-21T13:55:00,105.06
2026-09-21T14:00:00,112.3
2026-09-21T14:05:00,111.98
2026-09-21T14:10:00,199.52
2026-09-21T14:15:00,200.59
2026-09-21T14:20:00,198.77
2026-09-21T14:25:00,200.97
2026-09-21T14:30:00,194.32
2026-09-21T14:35:00,103.62
2026-09-21T14:40:00,195.23
2026-09-21T14:45:00,194.86
2026-09-21T14:50:00,196.46
2026-09-21T14:55:00,193.26
2026-09-21T15:00:00,108.86
2026-09-21T15:05:00,110.74
2026-09-21T15:10:00,105.8
2026-09-21T15:15:00,105.59
2026-09-21T15:20:00,98.59
2026-09-21T15:25:00,104.2
2026-09-21T15:30:00,101.63
2026-09-21T15:35:00,101.45
2026-09-21T15:40:00,201.22
2026-09-21T15:45:00,190.58
2026-09-21T15:50:00,193.6
2026-09-21T15:55:00,118.99
2026-09-21T16:00:00,123.91
2026-09-21T16:05:00,120.21
2026-09-21T16:10:00,99.19
2026-09-21T16:15:00,119.95
2026-09-21T16:20:00,116.22
2026-09-21T16:25:00,100.14
2026-09-21T16:30:00,115.69
2026-09-21T16:35:00,195.9
2026-09-21T16:40:00,186.55
2026-09-21T16:45:00,193.35
2026-09-21T16:50:00,205.71
2026-09-21T16:55:00,199.52
2026-09-21T17:00:00,185.83
2026-09-21T17:05:00,100.29
2026-09-21T17:10:00,188.88
2026-09-21T17:15:00,187.21
2026-09-21T17:20:00,194.15
2026-09-21T17:25:00,188.37
2026-09-21T17:30:00,188.6
2026-09-21T17:35:00,191.41
2026-09-21T17:40:00,103.09
2026-09-21T17:45:00,188.84
2026-09-21T17:50:00,188.45
2026-09-21T17:55:00,189.1
2026-09-21T18:00:00,190.7
2026-09-21T18:05:00,98.41
2026-09-21T18:10:00,94.81
2026-09-21T18:15:00,100.42
2026-09-21T18:20:00,100.97
2026-09-21T18:25:00,105.9
2026-09-21T18:30:00,117.0
2026-09-21T18:35:00,116.55
2026-09-21T18:40:00,99.29
2026-09-21T18:45:00,104.45
2026-09-21T18:50:00,100.1
2026-09-21T18:55:00,97.97
2026-09-21T19:00:00,100.23
2026-09-21T19:05:00,104.61
2026-09-21T19:10:00,98.69
2026-09-21T19:15:00,102.24
2026-09-21T19:20:00,95.88
2026-09-21T19:25:00,103.71
2026-09-21T19:30:00,99.74
2026-09-21T19:35:00,100.5
2026-09-21T19:40:00,188.98
2026-09-21T19:45:00,194.67
2026-09-21T19:50:00,192.81
2026-09-21T19:55:00,100.67
2026-09-21T20:00:00,104.42
2026-09-21T20:05:00,100.55
2026-09-21T20:10:00,107.76
2026-09-21T20:15:00,102.47
2026-09-21T20:20:00,103.22
2026-09-21T20:25:00,109.07
2026-09-21T20:30:00,106.1
2026-09-21T20:35:00,101.82
2026-09-21T20:40:00,108.84
2026-09-21T20:45:00,103.53
2026-09-21T20:50:00,120.77
2026-09-21T20:55:00,120.29
2026-09-21T21:00:00,103.58
2026-09-21T21:05:00,103.89
2026-09-21T21:10:00,108.71
2026-09-21T21:15:00,106.61
2026-09-21T21:20:00,104.29
2026-09-21T21:25:00,107.55
2026-09-21T21:30:00,106.46
2026-09-21T21:35:00,102.0
2026-09-21T21:40:00,109.7
2026-09-21T21:45:00,106.86
2026-09-21T21:50:00,113.12
2026-09-21T21:55:00,114.47
2026-09-21T22:00:00,108.78
2026-09-21T22:05:00,108.97
2026-09-21T22:10:00,109.12
2026-09-21T22:15:00,115.5
2026-09-21T22:20:00,113.84
2026-09-21T22:25:00,109.08
2026-09-21T22:30:00,110.94
2026-09-21T22:35:00,108.11
2026-09-21T22:40:00,111.72
2026-09-21T22:45:00,204.65
2026-09-21T22:50:00,203.74
2026-09-21T22:55:00,203.7
2026-09-21T23:00:00,113.95
2026-09-21T23:05:00,134.69
2026-09-21T23:10:00,220.76
2026-09-21T23:15:00,207.99
2026-09-21T23:20:00,216.89
2026-09-21T23:25:00,223.13
2026-09-21T23:30:00,204.33
2026-09-21T23:35:00,213.65
2026-09-21T23:40:00,120.12
2026-09-21T23:45:00,205.75
2026-09-21T23:50:00,204.93
2026-09-21T23:55:00,210.18
